offset,kind,data
4c,inline,80a8b0b0
68,extab,760584
ac,inline,8004abb0
ce,cant,1
7fc,inline,803f06ab
9fa,inline,8004abb0
d48,cant,1
d8c,extab,7605a0
1668,inline,80a8b0b0
1684,cant,1
2c78,inline,8000a9b0
2c8c,inline,8000abb0
2cd2,inline,80a8b0b0
2ce8,inline,8000a9b0
2d18,extab,760890
2d38,extab,76087c
2d5c,inline,80aab0b0
2db4,extab,760450
2dd8,extab,760464
2f48,cant,1
2fcc,extab,7608a4
3354,cant,1
33c0,extab,7607a8
3458,cant,1
3462,extab,7606dc
347e,cant,1
3498,extab,760674
3524,cant,1
352e,extab,760684
35a2,cant,1
35b2,extab,760808
3620,cant,1
362a,inline,80aab0b0
3666,inline,80a8b0b0
3684,inline,8000abb0
36ba,inline,80aab0b0
3758,extab,760798
3860,cant,1
38d0,inline,8002abb0
399c,extab,760654
3adc,cant,1
3aec,inline,80a8b0b0
3b00,cant,1
3b9c,extab,7604fc
3bfc,extab,7604c4
3c84,cant,1
3cd8,inline,80a8b0b0
3ce4,extab,7606ac
3cfc,cant,1
3d8c,inline,80a8b0b0
3db2,extab,76062c
3ecc,cant,1
3ee8,inline,80a8b0b0
3ef4,cant,1
3efc,extab,760778
3f70,cant,1
3fa4,extab,760730
4054,cant,1
406c,extab,760740
4128,cant,1
413a,extab,760758
4216,cant,1
4220,extab,760538
4244,cant,1
42d0,inline,80a8b0b0
42dc,extab,760528
42ea,cant,1
42f4,inline,80a8b0b0
4300,extab,7606f4
430e,cant,1
4338,extab,760944
43dc,cant,1
43e8,extab,760974
4412,cant,1
4422,inline,8004abb0
444c,cant,1
4478,extab,7605f4
44b8,cant,1
44c0,extab,760610
44f6,cant,1
4500,inline,8002abb0
4518,inline,800cabb0
45b8,cant,1
45c8,inline,80aab0b0
4604,cant,1
4634,extab,760548
467c,cant,1
469c,extab,760828
471c,cant,1
4728,inline,80a8b0b0
473c,inline,8002abb0
479a,extab,76069c
47da,cant,1
47e4,inline,8000a9b0
4828,extab,760518
48b4,cant,1
48be,inline,80a8b0b0
48e8,inline,8008abb0
4a64,extab,7606bc
4ae8,cant,1
4fb8,inline,80a8b0b0
5024,cant,1
507c,inline,80aeb0b0
5194,cant,1
5d1c,inline,80a8b0b0
5d60,extab,74c578
5df0,cant,1
1021c,inline,80aab0b0
10334,cant,1
1552c,inline,80a8b0b0
15564,cant,1
22908,inline,80aab0b0
229e4,cant,1
48c7c,inline,80acb0b0
48e88,cant,1
48e9c,inline,80a8b0b0
48f80,cant,1
48fd8,inline,80a8b0b0
490c0,cant,1
49128,inline,80048400
49168,inline,80a8b0b0
491cc,inline,80acb0b0
493ac,cant,1
49470,inline,80aab0b0
494b0,cant,1
49684,inline,80008400
4970c,cant,1
498b4,inline,8006abb0
49914,cant,1
4994c,inline,80a8b0b0
49998,inline,8004a9b0
499f0,cant,1
49a7c,inline,80acb0b0
49b30,cant,1
4a448,extab,74a1cc
4a660,cant,1
4a690,extab,74a1fc
4a898,cant,1
4a8ac,inline,8002d1ad
4aa44,cant,1
4ab74,inline,80028400
4ac48,inline,80d1aab0
4ae24,extab,74a1ec
4b03c,cant,1
4b050,extab,74a184
4b124,cant,1
4b138,extab,74a1b4
4b1b8,cant,1
4b1d8,extab,74a16c
4b254,cant,1
4b274,inline,80aab0b0
4b408,inline,8004d2af
4b608,inline,8002a9b0
4b6f4,inline,8002afb0
4b8f8,cant,1
4ba0c,inline,80aab0b0
4bac4,extab,74a234
4bf44,cant,1
4bf58,inline,80d3aeb0
4c3c8,inline,80acb0b0
4c450,inline,80d0acb0
4c53c,cant,1
4c560,inline,80acb0b0
4c618,cant,1
4c698,inline,80aab0b0
4c72c,cant,1
4c738,inline,80aab0b0
4c850,inline,8002a9b0
4c9b4,inline,800ad1af
4cd90,inline,80acb0b0
4ce44,inline,80d0a8b0
4cf24,inline,8000afb0
4d030,cant,1
4d274,inline,80aab0b0
4d2a0,extab,74a194
4d540,cant,1
4d578,extab,74a214
4d6b4,cant,1
4d6ec,inline,80aab0b0
4d784,cant,1
4d7c4,inline,8000afb0
4db5c,extab,751f18
4de84,inline,8000afb0
4e250,inline,80a8b0b0
4e364,inline,80acb0b0
4e4cc,cant,1
4e56c,inline,8000afb0
4ecf8,inline,8012afb0
4f29c,inline,8000afb0
4f7dc,inline,8002afb0
4fed0,inline,800aafb0
502ac,inline,80aeb0b0
50460,inline,8000afb0
506c0,inline,80acb0b0
50e70,inline,8000afb0
511b8,inline,80aab0b0
512d0,extab,751f24
513e8,cant,1
513fc,inline,80a8b0b0
5140c,inline,80aab0b0
514d0,inline,8001aeb0
5171c,inline,8008afb0
51934,cant,1
51994,inline,8000afb0
51c9c,inline,8006afb0
51e74,inline,8002afb0
52120,inline,8001acb0
524d8,inline,803f28af
52804,inline,8009aeb0
52b90,inline,8000abb0
53488,inline,8000afb0
53668,inline,80a8b0b0
537a0,inline,8001a8b0
537d0,cant,1
537d8,inline,8002a9b0
53874,cant,1
53884,inline,8001d0aa
53910,cant,1
53920,inline,80a8b0b0
53978,inline,80aab0b0
53a28,cant,1
53a70,inline,80acb0b0
53b80,inline,8000adb0
53fa0,inline,8002afb0
5445c,inline,80a8b0b0
54580,inline,8001a8b0
545b0,inline,80acb0b0
5462c,cant,1
54634,inline,8002a9b0
546d0,cant,1
546e0,inline,8001d0aa
5476c,cant,1
5477c,inline,80a8b0b0
547c4,inline,80aab0b0
54840,cant,1
54870,inline,8000adb0
54c24,inline,80a8b0b0
54cec,inline,8002a9b0
54e10,inline,80acb0b0
54e8c,inline,80aab0b0
54f74,inline,8000adb0
55290,cant,1
552a0,inline,80a8b0b0
55304,inline,80aab0b0
553bc,extab,758f14
55428,cant,1
5543c,inline,80a8b0b0
5544c,inline,8001acb0
55614,inline,8003d0ae
55814,inline,80acb0b0
55890,inline,80aab0b0
559a8,inline,8006adb0
56be8,cant,1
56bf8,inline,80acb0b0
56cfc,inline,80aeb0b0
571c4,extab,758f04
5726c,cant,1
57280,inline,80a8b0b0
57290,inline,80acb0b0
5738c,inline,8000abb0
578b0,extab,758f44
57a8c,cant,1
57aa0,inline,80acb0b0
57b1c,extab,758f34
58448,cant,1
5846c,inline,80aab0b0
584c8,cant,1
584e8,inline,8006a9b0
5860c,cant,1
5861c,inline,8002afb0
59b04,cant,1
59b0c,inline,80aeb0b0
59c94,cant,1
59ca4,inline,80aeb0b0
59fa4,extab,758f24
5a07c,cant,1
5a090,inline,80a8b0b0
5a0a0,cant,1
5a0a8,inline,80aab0b0
5a12c,inline,80acb0b0
5a1a8,inline,8022afb0
5a4d4,inline,80aab0b0
5a518,inline,80a8b0b0
5a564,inline,8001acb0
5ab58,inline,80acb0b0
5abd4,inline,80a8b0b0
5ac40,inline,8005acb0
5adb4,inline,80aab0b0
5af84,inline,80aeb0b0
5b250,inline,80acb0b0
5b330,inline,8002afb0
5b49c,inline,8006abb0
5b7bc,inline,80aab0b0
5b858,inline,8006abb0
5bf1c,cant,1
5bf34,inline,80aab0b0
5c120,inline,80a8b0b0
5c1b8,inline,80aab0b0
5c79c,inline,80aeb0b0
5ce0c,inline,80aab0b0
5d218,inline,80acb0b0
5d284,inline,80aeb0b0
5d900,cant,1
5d988,extab,74cf60
5d9b0,cant,1
5d9b8,extab,74cf50
5d9dc,cant,1
5d9e4,inline,80aab0b0
5dab8,inline,80d0aab0
5db14,inline,80aab0b0
5dc68,inline,80a8b0b0
5dcfc,inline,80aab0b0
5dd60,inline,8003aab0
5de3c,inline,8006d0af
5e41c,inline,8005d0aa
5efd8,inline,80a8b0b0
5f128,extab,758fac
5f4d8,cant,1
5f5a0,inline,80a8b0b0
5f6a0,inline,8002a9b0
5f750,inline,8006afb0
5f968,cant,1
5f984,inline,8004d2af
5fb04,inline,80acb0b0
5fb80,inline,8001aab0
5fd0c,inline,8006abb0
5fe50,inline,80acb0b0
6036c,extab,758f7c
6098c,cant,1
609a8,inline,8002a9b0
60a48,inline,8008a9b0
60b88,inline,8001aab0
60ca0,inline,80acb0b0
60da8,extab,758f6c
60f0c,cant,1
60f20,inline,8002a9b0
610ac,inline,80aeb0b0
61264,inline,8002abb0
618dc,cant,1
618e4,inline,8000adb0
61e38,inline,80aeb0b0
62184,cant,1
6219c,inline,8002a9b0
62210,inline,80aab0b0
622a4,extab,758f5c
623b4,cant,1
623c8,inline,80a8b0b0
623fc,cant,1
62414,extab,74e16c
627cc,cant,1
62804,inline,8002d0ab
62934,extab,74df18
636f4,cant,1
637f0,extab,74dafc
63b50,cant,1
63b74,extab,74e2d4
63f48,cant,1
64070,inline,80d1aab0
643b8,inline,8000adb0
64428,inline,80d0a8b0
64488,extab,74db2c
65b7c,cant,1
65da4,extab,74e154
660fc,cant,1
66110,extab,74e364
66130,cant,1
66144,extab,74e284
66198,cant,1
661ac,extab,74e294
6629c,cant,1
662b8,extab,74e2b4
663a8,cant,1
663c4,extab,74e0fc
6652c,cant,1
66554,extab,74e274
66700,cant,1
66714,inline,8000afb0
66820,extab,74e24c
67720,cant,1
6773c,extab,74e11c
67994,cant,1
679e4,extab,74d91c
67d88,cant,1
67f00,inline,80a8b0b0
67f10,extab,74da0c
68114,cant,1
6828c,extab,754668
68390,cant,1
683a4,inline,80aab0b0
683f4,cant,1
68414,inline,80aab0b0
684a8,cant,1
684d4,inline,80acb0b0
686c0,cant,1
686c8,extab,754678
68990,cant,1
689d0,inline,80a8b0b0
68a2c,inline,80aab0b0
68aa8,inline,8000abb0
68c20,inline,80acb0b0
68cb0,inline,80a8b0b0
68d14,extab,754628
68dcc,cant,1
68de0,extab,754650
68e60,cant,1
68e80,extab,754638
68ef8,cant,1
68f18,inline,8000afb0
69310,cant,1
69330,extab,74af34
69690,cant,1
696c8,inline,80aab0b0
6988c,inline,80acb0b0
6999c,inline,8000afb0
69b1c,inline,80aab0b0
69b5c,cant,1
69b74,extab,74b028
6a1e4,cant,1
6a268,extab,74af74
6a6e8,cant,1
6a758,inline,80aab0b0
6a7a4,inline,80acb0b0
6a88c,inline,80aab0b0
6a908,extab,74af24
6a924,cant,1
6a938,inline,80a8b0b0
6a950,cant,1
6a954,inline,80acb0b0
6aa80,inline,80aab0b0
6ac64,inline,80a8b0b0
6ad40,inline,80aab0b0
6af88,cant,1
6afd0,inline,80a8b0b0
6afe4,inline,803f0eaf
6b5bc,inline,80acb0b0
6b638,cant,1
6b704,inline,80a8b0b0
6b7c0,inline,80d0aeb0
6b884,inline,80aab0b0
6b8d0,inline,80a8b0b0
6b974,inline,80d0aeb0
6ba10,inline,80aeb0b0
6bc18,extab,74a4c4
6bcb4,cant,1
6bcd0,extab,74a4ec
6bd24,cant,1
6bd54,extab,74a4d4
6bda4,cant,1
6bdd4,extab,758424
6be88,cant,1
6be9c,inline,80a8b0b0
6bf9c,extab,758414
6bfe4,cant,1
6bff8,inline,80a8b0b0
6c008,extab,74a12c
6c864,cant,1
6c890,inline,80a8b0b0
6c8f8,inline,80d0aeb0
6c990,inline,80a8b0b0
6c9dc,inline,80aab0b0
6caf0,inline,80acb0b0
6cb78,cant,1
6cb8c,inline,80aab0b0
6cc38,inline,80acb0b0
6ccc4,inline,80a8b0b0
6ccf8,inline,80aab0b0
6cdc8,inline,8005acb0
6cf20,extab,74a0ec
6cf80,cant,1
6cf9c,extab,74a10c
6d058,cant,1
6d074,inline,80a8b0b0
6d174,extab,74a098
6d3bc,cant,1
6d420,inline,80aab0b0
6d48c,cant,1
6d498,inline,80a8b0b0
6d4b4,cant,1
6d560,inline,80aab0b0
6d5ec,inline,8008a9b0
6d68c,cant,1
6d6b4,extab,75c6e8
6d6dc,cant,1
6d6f0,extab,75c6d8
6d718,cant,1
6d72c,inline,80d0a8b0
6d80c,inline,800dd0ae
6da60,cant,1
6da7c,inline,80acb0b0
6dbc0,inline,80d1a8b0
6dd44,cant,1
6dd50,inline,80acb0b0
6e13c,cant,1
6e17c,inline,80aab0b0
6e1b8,inline,80acb0b0
6e228,cant,1
6e4a8,inline,80a8b0b0
6e504,cant,1
6e510,inline,80aab0b0
6e660,cant,1
6e694,inline,80aab0b0
6e714,cant,1
6e718,inline,80aab0b0
6e93c,inline,80d0a8b0
6ea88,inline,80a8b0b0
6eb10,cant,1
6eb28,inline,80a8b0b0
6eb98,cant,1
6ec08,inline,8009aeb0
6f464,inline,80aab0b0
6f758,inline,80a8b0b0
6f78c,inline,80aab0b0
6fb58,extab,75c740
6fd68,inline,8013d0aa
700b8,inline,8007aeb0
702d0,extab,75c720
70444,cant,1
70464,inline,80aeb0b0
70734,extab,75c730
70a40,inline,8003aab0
70ad4,inline,80aab0b0
70c30,inline,80acb0b0
70e94,inline,80d0aeb0
713f0,inline,80aab0b0
714fc,inline,80acb0b0
717dc,inline,80aab0b0
71cd0,inline,8002abb0
71e9c,inline,8001aab0
71fb0,inline,80aeb0b0
725c4,inline,80aab0b0
729d0,inline,80acb0b0
72ba8,inline,80aab0b0
72f28,inline,8026afb0
732c8,inline,80a8b0b0
73450,inline,80d0acb0
7365c,inline,80acb0b0
73718,inline,80aab0b0
737d0,inline,80acb0b0
738b8,inline,80a8b0b0
73918,inline,80aab0b0
73a00,inline,80aeb0b0
73ae4,cant,1
73b28,inline,80aab0b0
73c88,inline,80a8b0b0
73d10,cant,1
73d28,inline,80aab0b0
73d68,inline,8016afb0
740cc,inline,80aab0b0
74268,cant,1
74280,inline,80aab0b0
74318,cant,1
7431c,inline,80aab0b0
7441c,cant,1
74500,inline,80a8b0b0
74554,cant,1
74674,inline,808400b0
746b8,inline,80aab0b0
74708,cant,1
74730,inline,80a8b0b0
74774,inline,80aab0b0
747bc,inline,80a8b0b0
74824,cant,1
74938,inline,80aab0b0
74a1c,cant,1
74a44,inline,80aeb0b0
74b44,inline,80d0a8b0
74c04,cant,1
74c28,inline,80aab0b0
74cd8,extab,75c6f8
74f3c,cant,1
74f70,inline,80aab0b0
74fc8,inline,80a8b0b0
75028,cant,1
750e8,inline,80aab0b0
7512c,inline,80acb0b0
75214,inline,80aab0b0
75258,cant,1
752d4,inline,80acb0b0
75330,cant,1
753d0,inline,80acb0b0
75548,inline,80aab0b0
7559c,inline,80d0aab0
7565c,inline,80aab0b0
758a8,cant,1
758e8,inline,80aab0b0
75978,cant,1
759c0,inline,80aeb0b0
75aa0,inline,80d0aeb0
75c14,inline,80aeb0b0
75c9c,cant,1
75ca0,inline,80acb0b0
75e58,inline,80a8b0b0
75ee0,cant,1
75f5c,inline,80acb0b0
75fcc,inline,80aab0b0
7619c,cant,1
76210,inline,80acb0b0
7639c,inline,80aab0b0
76428,cant,1
76430,inline,8005acb0
76634,inline,80048400
7673c,inline,80028400
76808,inline,80048400
76890,cant,1
768b4,inline,80aab0b0
76990,cant,1
76a2c,inline,80aab0b0
76a7c,inline,803bd0ac
76d78,inline,80a8b0b0
76da0,inline,80aeb0b0
76e4c,inline,80acb0b0
76fc4,inline,80d3acb0
771ec,cant,1
771f0,inline,80d0aab0
7749c,inline,80aab0b0
77504,cant,1
7753c,inline,80a8b0b0
77588,inline,80aab0b0
778fc,inline,80a8b0b0
77950,inline,80acb0b0
779b8,cant,1
77d64,inline,80a8b0b0
77f40,cant,1
77f60,inline,80aab0b0
78154,inline,80d0aab0
78274,inline,80d0a8b0
78398,cant,1
7840c,inline,80aab0b0
78460,cant,1
784a0,inline,8007acb0
786f8,cant,1
78738,extab,75c710
78b24,cant,1
78b2c,inline,80a8b0b0
78b48,cant,1
78b58,inline,80acb0b0
78c30,inline,8014d0ab
78e00,inline,80aab0b0
79034,inline,80aeb0b0
793e0,inline,80aab0b0
796ec,cant,1
7974c,inline,80aab0b0
797a8,inline,80aeb0b0
798e8,inline,80a8b0b0
79998,inline,8004d3ad
7a110,inline,8006d0af
7a260,cant,1
7a280,inline,80acb0b0
7a588,cant,1
7a654,inline,80acb0b0
7a70c,cant,1
7a824,inline,80a8b0b0
7a84c,inline,80acb0b0
7a9b8,cant,1
7aa00,extab,75c778
7b148,inline,80aab0b0
7b1d0,inline,80d2aab0
7b2fc,cant,1
7b328,inline,80aab0b0
7b4b4,inline,80acb0b0
7b90c,inline,80aab0b0
7ba14,cant,1
7ba9c,inline,80aab0b0
7bb08,cant,1
7bb84,inline,80aab0b0
7bbd4,cant,1
7bc40,extab,75c698
7bfd4,cant,1
7c004,inline,80008400
7c054,extab,75c688
7c0b8,cant,1
7c0d8,extab,75c678
7c138,cant,1
7c158,inline,80a8b0b0
7c1a0,inline,8005d0aa
7c208,extab,75c76c
7d3b4,extab,75c74c
7d998,cant,1
7d9ac,inline,80a8b0b0
7d9bc,extab,75c75c
7de2c,cant,1
7de40,inline,80d0aab0
7df4c,cant,1
7df50,inline,80aab0b0
7e1e8,cant,1
7e1f4,inline,80a8b0b0
7e20c,inline,80acb0b0
7e2fc,inline,80d0aab0
7e3fc,inline,80aab0b0
7e548,inline,80a8b0b0
7e58c,cant,1
7e5cc,inline,80aab0b0
7e65c,cant,1
7e6ac,inline,80aab0b0
7e71c,cant,1
7e720,inline,80a8b0b0
7e73c,cant,1
7e74c,inline,80aab0b0
7e7e0,cant,1
7e820,inline,800cafb0
7ef10,inline,80acb0b0
7f054,inline,80aab0b0
7f0d0,inline,80a8b0b0
7f13c,inline,80aab0b0
7f188,cant,1
7f1c8,inline,8000adb0
7f340,inline,80acb0b0
7f444,inline,80a8b0b0
7f4e0,cant,1
7f4f0,inline,8001a8b0
7f5ec,cant,1
7f618,inline,80028400
7f704,extab,758214
7f74c,cant,1
7f754,extab,758234
7f794,cant,1
7f79c,extab,758224
7f7d4,cant,1
7f7dc,inline,80aab0b0
7f850,inline,80acb0b0
7f95c,cant,1
7f998,inline,8002d2af
7fba4,inline,80acb0b0
7fc20,inline,80d1a8b0
7fd20,cant,1
7fd28,inline,8002d0af
80054,inline,80acb0b0
80158,inline,80a8b0b0
8019c,inline,80d0aeb0
8023c,cant,1
8025c,inline,80a8b0b0
802b0,inline,80aab0b0
80348,inline,80b8afb0
80410,cant,1
80420,inline,80d1aab0
804f0,inline,8003acb0
80578,inline,8002adb0
80614,inline,80aeb0b0
80674,inline,80a8b0b0
80790,cant,1
80798,inline,80aab0b0
8081c,extab,7588cc
80d40,cant,1
80d98,inline,80acb0b0
80ebc,inline,80a8b0b0
80f00,extab,75887c
810ac,cant,1
810e0,extab,75885c
81204,cant,1
81230,extab,75897c
815dc,cant,1
81604,inline,80aab0b0
81678,inline,80a8b0b0
816b8,inline,80aab0b0
81720,cant,1
81854,extab,75883c
81918,cant,1
81944,extab,7589bc
81978,cant,1
81998,extab,7589a4
819cc,cant,1
81a64,inline,80aab0b0
81bc4,cant,1
81c9c,inline,80aab0b0
81e04,cant,1
81e08,inline,80a8b0b0
81e68,inline,80acb0b0
81ee4,extab,75abe4
821e0,cant,1
821e8,extab,75aaf4
823ec,cant,1
82400,inline,80d0a8b0
825a8,inline,80aab0b0
828d4,inline,8003d0ac
83544,inline,80a8b0b0
835ac,extab,75ab04
840c4,cant,1
841e0,inline,80a8b0b0
841f0,extab,75abac
843a0,cant,1
843f0,extab,75aa84
8455c,cant,1
84570,inline,80aab0b0
84920,extab,75aa94
84b44,cant,1
84b60,inline,80aab0b0
84c64,inline,80a8b0b0
84da8,cant,1
84dc4,inline,803f07aa
84e2c,extab,75ac38
84e7c,cant,1
84ea4,extab,75ac20
84ef4,cant,1
84f3c,inline,8000afb0
857c8,cant,1
85fc8,inline,8004a9b0
86050,cant,1
8605c,inline,8004a9b0
860e0,cant,1
860ec,inline,8004a9b0
86200,cant,1
8620c,inline,80aab0b0
86274,cant,1
86298,inline,80acb0b0
86374,cant,1
86378,inline,80aab0b0
86424,inline,8000a9b0
865ac,cant,1
865e0,inline,80a8b0b0
86604,cant,1
8661c,inline,80a8b0b0
866d8,cant,1
866dc,extab,75acf0
89b0c,cant,1
89cb0,inline,80aab0b0
89d04,inline,8001acb0
89e80,cant,1
89f64,extab,75b020
a0a94,cant,1
a0ac4,extab,75b0d4
b7884,cant,1
b78b4,extab,75af6c
ce074,cant,1
ce0bc,inline,80acb0b0
ce1d0,extab,75aca0
ce25c,cant,1
ce2d0,extab,75ac50
ce35c,cant,1
ce3d0,inline,80d0a8b0
ce458,extab,75aab4
ce5b4,cant,1
ce5e0,extab,75ac08
ce60c,cant,1
ce62c,extab,75abf0
ce658,cant,1
ce790,extab,74a4b8
cea6c,cant,1
cecf4,inline,80aab0b0
cedf0,inline,80aeb0b0
ceea0,extab,74a2ec
cf0bc,cant,1
cf0d8,inline,80aeb0b0
cf1ac,cant,1
cf314,inline,80acb0b0
cf3d4,inline,80aeb0b0
cf4e4,inline,80d0aab0
cf6b4,extab,74a314
cf9d8,cant,1
cfa6c,inline,80acb0b0
cfaf4,inline,80aab0b0
cfd34,inline,8000afb0
cfea8,extab,74a2b4
d0080,cant,1
d0100,extab,74a2c4
d0418,cant,1
d0448,inline,80aeb0b0
d0500,inline,80a8b0b0
d0578,cant,1
d0624,inline,80acb0b0
d06f8,inline,8007d0aa
d08cc,extab,74a400
d17a8,cant,1
d17e0,inline,80a8b0b0
d1870,extab,74a244
d1a20,cant,1
d1a54,extab,74a28c
d1af8,cant,1
d1b3c,extab,74a264
d1bd4,cant,1
d1c18,inline,80aab0b0
d1c48,extab,74a504
d1d4c,cant,1
d1d60,inline,80acb0b0
d1e70,inline,808400b0
d1e98,cant,1
d1ec4,inline,80adb0b0
d1f94,inline,800ad3ad
d2350,cant,1
d249c,inline,80aab0b0
d24d0,inline,80aeb0b0
d25c8,cant,1
d25d4,inline,80acb0b0
d26c4,inline,80a8b0b0
d2784,cant,1
d27bc,inline,8000a9b0
d281c,extab,74a5b4
d3334,cant,1
d39fc,inline,8002adb0
d3bf4,inline,80a8b0b0
d3c10,cant,1
d3db4,inline,8000adb0
d3e24,inline,8002adb0
d3f94,inline,8000abb0
d40ac,inline,8006adb0
d4198,cant,1
d4320,inline,8000adb0
d4394,extab,74a590
d4848,extab,74a5a8
d49c4,inline,80a8b0b0
d49e0,cant,1
d4c98,inline,8000afb0
d4dfc,inline,80a8b0b0
d4e14,cant,1
d5628,inline,8000adb0
d56c4,inline,8000a9b0
d57a0,inline,8002afb0
d5950,inline,80008400
d5970,inline,8001a8b0
d5a9c,inline,80a8b0b0
d5b10,cant,1
d6074,inline,8000d0ad
d6a34,inline,8000a9b0
d6b10,inline,80a8b0b0
d6b40,inline,8000a9b0
d6bdc,inline,80a8b0b0
d6c50,inline,8004afb0
d6dfc,inline,80a8b0b0
d6e14,cant,1
d6f50,inline,80a8b0b0
d6f84,cant,1
d706c,inline,8001a8b0
d70c8,cant,1
d77e4,inline,8000afb0
d78cc,inline,80a8b0b0
d7904,inline,80aab0b0
d7990,inline,8000adb0
d7a2c,inline,8002a9b0
d7adc,cant,1
d7c48,inline,80a8b0b0
d7cc0,cant,1
d7f9c,inline,8000abb0
d80e4,inline,8002a9b0
d8194,inline,80a8b0b0
d8208,inline,8000abb0
d8294,inline,8000a9b0
d832c,inline,8001a8b0
d83c4,cant,1
d8728,inline,80a8b0b0
d8818,inline,80d0acb0
d8970,inline,8002adb0
d8cc4,inline,80028400
d8cf8,inline,80a8b0b0
d8d8c,inline,8002adb0
d8f68,inline,80a8b0b0
d9090,cant,1
d9518,extab,74a5d8
d973c,inline,8028afb0
d9c44,inline,8000a9b0
d9cf4,extab,74a580
da0d8,extab,74a59c
da70c,extab,74a5cc
daa58,inline,80aeb0b0
dabac,inline,8028afb0
db02c,cant,1
db4e4,inline,8000a9b0
db568,inline,8000afb0
db718,inline,80a8b0b0
db734,extab,74a5c0
dbb18,inline,8000afb0
dbc54,cant,1
dc72c,inline,80a8b0b0
dc800,extab,74a570
dc8fc,cant,1
dc910,extab,74d8f4
dc940,cant,1
dc954,extab,74d8c4
dcc0c,cant,1
dcc20,extab,74d8b4
dcc44,cant,1
dcc58,extab,74d904
dccb4,cant,1
dccdc,extab,74d8d4
dcf48,cant,1
dcf74,inline,80a8b0b0
dcf84,inline,8001a8b0
dcfb8,inline,8005d0ae
dd258,cant,1
dd260,inline,80a8b0b0
dd2d4,extab,74c2e0
dd5d4,inline,80a8b0b0
dd624,inline,80aab0b0
dd6bc,inline,80acb0b0
dd730,inline,80a8b0b0
dd794,extab,74c300
dd914,cant,1
dd928,inline,80a8b0b0
dd990,inline,80acb0b0
dda0c,inline,80aeb0b0
ddaf8,inline,80aab0b0
ddd58,inline,80a8b0b0
dddd0,inline,8005aeb0
ddf60,inline,80d2aab0
de140,inline,8000afb0
de3e0,cant,1
de428,inline,80aab0b0
de540,extab,74c2d0
de6b0,cant,1
de6c4,inline,80a8b0b0
de6d4,extab,74c2f0
de780,cant,1
de794,inline,80aab0b0
de7cc,inline,8000afb0
de904,inline,8012afb0
df44c,inline,80a8b0b0
df474,inline,80aab0b0
df50c,inline,80a8b0b0
df68c,cant,1
df6a0,inline,80acb0b0
df71c,inline,80a8b0b0
df754,inline,80aab0b0
df920,inline,8006abb0
dfb48,inline,8015aeb0
dfee8,inline,80a8b0b0
e001c,extab,74c298
e05a4,cant,1
e05c4,inline,8006a9b0
e0720,inline,8002afb0
e0f2c,cant,1
e0f40,inline,80acb0b0
e1038,extab,74c268
e10c0,cant,1
e10d4,extab,74c288
e1120,cant,1
e1134,extab,74c278
e1178,cant,1
e118c,inline,80a8b0b0
e11cc,cant,1
e11e4,inline,80a8b0b0
e127c,inline,80acb0b0
e1358,inline,80a8b0b0
e1370,cant,1
e1384,inline,80a8b0b0
e1394,inline,800cd1ad
e1890,inline,80aab0b0
e19ec,cant,1
e19fc,inline,80aab0b0
e1ae8,inline,80a8b0b0
e1b54,extab,74c2c0
e1be0,cant,1
e1bf4,extab,74c2b0
e1c74,cant,1
e1c88,inline,8002a9b0
e1d28,inline,80a8b0b0
e1d98,inline,8002a9b0
e1e10,extab,75a07c
e2164,cant,1
e2178,inline,8002abb0
e22ac,inline,80acb0b0
e2328,inline,8002a9b0
e23f4,cant,1
e2440,inline,8005acb0
e280c,cant,1
e2814,inline,80a8b0b0
e29a8,inline,8014abb0
e2dc0,inline,80aab0b0
e2f28,cant,1
e2f38,inline,8002a9b0
e2fac,cant,1
e2fb4,extab,75a06c
e303c,cant,1
e3050,inline,80a8b0b0
e3084,inline,8001aeb0
e335c,cant,1
e3380,inline,80acb0b0
e3498,inline,80a8b0b0
e34b4,inline,80008400
e34e4,inline,80a8b0b0
e3540,inline,8001aab0
e3640,inline,80aab0b0
e36e0,extab,74f35c
e383c,cant,1
e38a8,extab,74f324
e3a04,cant,1
e3a70,inline,80a8b0b0
e3a80,extab,74f394
e3b0c,cant,1
e3b64,inline,80acb0b0
e3cc0,inline,80aab0b0
e3d6c,inline,8002abb0
e3f68,inline,80a8b0b0
e3fa8,extab,74f02c
e4030,cant,1
e4038,inline,80a8b0b0
e4058,extab,74f01c
e40a4,cant,1
e40b8,extab,74f00c
e40f8,cant,1
e410c,extab,74f08c
e41a0,cant,1
e41a8,inline,80a8b0b0
e41cc,extab,74f07c
e4218,cant,1
e422c,extab,74f06c
e426c,cant,1
e4280,inline,8000afb0
e43a0,cant,1
e43c8,inline,80acb0b0
e4434,inline,8000adb0
e456c,extab,74efdc
e45b8,cant,1
e45c0,extab,74effc
e4600,cant,1
e4608,extab,74efec
e4640,cant,1
e4648,inline,80acb0b0
e46bc,cant,1
e46e4,inline,8002a9b0
e47b0,inline,80a8b0b0
e4848,inline,80acb0b0
e48c0,inline,80a8b0b0
e48f0,inline,80aab0b0
e49e0,inline,80a8b0b0
e4a40,cant,1
e4a9c,inline,80a8b0b0
e4b30,inline,80acb0b0
e4ba4,inline,80aab0b0
e4c14,cant,1
e4c28,inline,80a8b0b0
e4ca8,inline,80acb0b0
e4d1c,inline,80aab0b0
e4d6c,cant,1
e4d98,inline,80a8b0b0
e4f10,inline,80aab0b0
e4f80,inline,80aeb0b0
e5034,cant,1
e5074,inline,80a8b0b0
e50a8,inline,800cafb0
e553c,inline,8005acb0
e56a4,inline,80acb0b0
e5720,cant,1
e5728,inline,800cafb0
e5950,inline,80a8b0b0
e5978,cant,1
e5b94,inline,8000adb0
e5c7c,inline,8016afb0
e5e60,cant,1
e5e64,inline,80aab0b0
e5ee8,inline,80a8b0b0
e5f28,cant,1
e5f48,inline,80a8b0b0
e5f9c,inline,8003aab0
e6048,inline,80acb0b0
e60d0,cant,1
e60e4,inline,8000abb0
e6178,cant,1
e6180,inline,8008afb0
e62f4,cant,1
e62fc,inline,80acb0b0
e645c,inline,8003aab0
e64d0,inline,80d0aeb0
e6728,inline,80acb0b0
e67b4,inline,80aab0b0
e6964,inline,80a8b0b0
e6974,cant,1
e6ae0,inline,8003a8b0
e6b10,cant,1
e6b68,inline,8005aab0
e6d14,cant,1
e6e4c,inline,8004adb0
e7578,inline,80a8b0b0
e75b0,cant,1
e75e0,extab,74f40c
e7a10,cant,1
e7c34,inline,8004abb0
e7ebc,cant,1
e8104,inline,8001aab0
e8194,inline,80aab0b0
e8260,cant,1
e8568,inline,8001d0ac
e870c,cant,1
e8748,inline,800cafb0
e8abc,cant,1
e8ae0,inline,8005a8b0
e8c0c,cant,1
e8cb4,inline,80aab0b0
e8dc4,cant,1
e8dd8,inline,8001a8b0
e8dfc,inline,8004abb0
e8f20,inline,8004adb0
e90ac,cant,1
e90c8,inline,80a8b0b0
e9128,cant,1
e9484,inline,80a8b0b0
e949c,inline,8003aab0
e9500,inline,80acb0b0
e9870,inline,8002afb0
e9c0c,cant,1
e9c54,inline,80acb0b0
e9cc0,inline,800eafb0
ea118,extab,74f03c
ea164,cant,1
ea16c,extab,74f05c
ea1ac,cant,1
ea1b4,extab,74f04c
ea1ec,cant,1
ea1f4,inline,80a8b0b0
ea218,inline,8003a8b0
ea254,inline,8008adb0
ea704,inline,8001a8b0
ea7a0,inline,8001aab0
ea964,inline,8002afb0
eab80,inline,8001a8b0
eac18,inline,8004d0ab
eb160,inline,8027acb0
eb2b8,inline,80a8b0b0
eb33c,inline,80acb0b0
eb3bc,cant,1
eb578,inline,8002afb0
eb710,inline,8001d0ac
ebac0,inline,8024abb0
ebc90,inline,8001d0ac
ec624,cant,1
ec838,inline,8001d0ac
ecd14,cant,1
ecd40,inline,80aab0b0
ecdbc,extab,74f164
ed568,cant,1
ed63c,inline,8027aeb0
edb6c,cant,1
edb80,extab,74f304
ede7c,cant,1
edea0,inline,80aab0b0
ee1dc,extab,74f2f8
ee9f0,inline,8031aab0
eef64,inline,8027aab0
ef664,inline,80a8b0b0
ef6ac,inline,8003acb0
ef788,extab,74f09c
efb2c,cant,1
efbc0,extab,74f124
efc50,cant,1
efcd0,extab,74f0e4
efd5c,cant,1
efddc,inline,80aab0b0
efecc,inline,8002a9b0
f01c4,inline,80aab0b0
f0244,inline,8002adb0
f06f4,extab,7549f0
f087c,inline,8000afb0
f0a74,inline,8000abb0
f0edc,inline,8001aab0
f1094,extab,7549e4
f1424,inline,80a8b0b0
f1628,inline,8001a8b0
f16f4,inline,8002a9b0
f17c0,cant,1
f17d8,inline,80acb0b0
f1840,cant,1
f18b0,inline,80acb0b0
f191c,cant,1
f194c,inline,8006afb0
f1bd8,inline,8038afb0
f2008,cant,1
f201c,inline,8008abb0
f218c,inline,80a8b0b0
f21b0,cant,1
f2220,inline,80acb0b0
f2294,cant,1
f22c8,inline,80afb0b0
f2340,inline,8006afb0
f287c,cant,1
f289c,inline,8002afb0
f2d50,inline,8001aab0
f2f08,inline,80aab0b0
f2f6c,inline,80a8b0b0
f30cc,inline,8001a8b0
f3110,inline,80a8b0b0
f3134,inline,8006abb0
f328c,inline,80a8b0b0
f32b4,extab,759bb4
f3378,cant,1
f338c,extab,759bd4
f33b0,cant,1
f33c4,extab,759bc4
f33e4,cant,1
f33f8,inline,8009acb0
f3534,inline,80a8b0b0
f35a8,cant,1
f3664,inline,800bacb0
f3ad8,extab,759adc
f3ffc,cant,1
f4248,inline,80aab0b0
f4344,inline,80a8b0b0
f43f4,inline,80aab0b0
f446c,cant,1
f44d4,inline,80aeb0b0
f4578,cant,1
f45cc,extab,759acc
f4614,cant,1
f4630,inline,80a8b0b0
f465c,cant,1
f4734,inline,80a8b0b0
f4788,inline,80aab0b0
f48c8,inline,8003aab0
f4ae4,inline,80aab0b0
f4b28,cant,1
f4b40,inline,80a8b0b0
f4b58,inline,8003aab0
f4cbc,cant,1
f4cc0,inline,80a8b0b0
f4cfc,extab,759af0
f4d70,cant,1
f4d84,extab,759b10
f4dac,cant,1
f4dc0,extab,759b00
f4de8,cant,1
f4e20,inline,80a8b0b0
f4e54,cant,1
f4e78,inline,8003aab0
f4efc,inline,80a8b0b0
f4f1c,cant,1
f4f30,inline,8002afb0
f5024,cant,1
f5048,inline,802baab0
f50f4,inline,8002a9b0
f5194,inline,8004a9b0
f5210,extab,759c24
f52ec,cant,1
f5300,extab,759c14
f53f4,cant,1
f5408,inline,80028400
f5424,extab,759c34
f57e8,cant,1
f57fc,inline,8008afb0
f5aa0,cant,1
f5afc,extab,759be4
f5c20,cant,1
f5c34,extab,759c04
f5c7c,cant,1
f5c90,extab,759bf4
f5cd0,cant,1
f5ce4,inline,80acb0b0
f5e38,cant,1
f5f58,inline,8007a8b0
f5ff0,cant,1
f6170,inline,8002afb0
f6384,inline,8006adb0
f6634,inline,8005acb0
f68d8,inline,80028400
f6930,inline,80a8b0b0
f6970,cant,1
f69ec,inline,80a8b0b0
f6afc,cant,1
f6b0c,inline,80a8b0b0
f6b3c,inline,80aab0b0
f6d1c,inline,80a8b0b0
f6d4c,inline,80aab0b0
f6da4,inline,80a8b0b0
f6e10,cant,1
f6e30,inline,80a8b0b0
f6ef4,inline,80aeb0b0
f7284,inline,8002abb0
f7374,cant,1
f7420,inline,8001a8b0
f744c,inline,80acb0b0
f7568,inline,8002adb0
f7928,cant,1
f7988,inline,8001acb0
f7b5c,extab,759b70
f7ea8,cant,1
f8214,inline,8000abb0
f836c,inline,80acb0b0
f8484,cant,1
f875c,inline,8008afb0
f8960,inline,80a8b0b0
f89b0,cant,1
f8b88,inline,8002a9b0
f8c44,inline,80aab0b0
f8dbc,extab,759b88
f910c,cant,1
f9120,inline,80a8b0b0
f9144,inline,8010afb0
f96a4,cant,1
f9734,inline,8002abb0
f98f0,cant,1
f99cc,inline,8000a9b0
f9ac8,extab,759b7c
f9b64,cant,1
f9c3c,inline,80aab0b0
f9d58,cant,1
f9e38,inline,80a8b0b0
f9e8c,cant,1
f9ea8,inline,800facb0
fa56c,cant,1
fa57c,inline,80aab0b0
fa69c,inline,80acb0b0
fa7ec,cant,1
fa804,inline,80a8b0b0
fa9c0,cant,1
faa78,inline,8001a8b0
faacc,inline,8000a9b0
fab58,cant,1
fab7c,inline,8016afb0
faec4,inline,8002afb0
fb100,cant,1
fb114,inline,80a8b0b0
fb164,cant,1
fb21c,inline,8002abb0
fb380,inline,8006d0ad
fba8c,cant,1
fbb74,inline,8001acb0
fbc88,inline,8001a8b0
fbcb8,inline,80a8b0b0
fbde0,cant,1
fbe58,inline,8006abb0
fbf40,inline,8000a9b0
fbfbc,inline,8003a8b0
fc01c,cant,1
fc0c4,inline,80a8b0b0
fc100,extab,74b428
fc294,cant,1
fc2a8,inline,80a8b0b0
fc2e8,cant,1
fc304,inline,80a8b0b0
fc33c,inline,80acb0b0
fc468,inline,80aab0b0
fc4d4,cant,1
fc4f0,inline,80a8b0b0
fc530,cant,1
fc58c,inline,80acb0b0
fc638,inline,80a8b0b0
fc670,inline,80aeb0b0
fc730,inline,80a8b0b0
fc760,inline,8002abb0
fc7c8,inline,80acb0b0
fc824,inline,80aab0b0
fc874,cant,1
fc87c,inline,80acb0b0
fca10,cant,1
fca4c,inline,80aab0b0
fcaf8,cant,1
fcb54,inline,80acb0b0
fcbd8,cant,1
fcc90,inline,80a8b0b0
fccb4,inline,80d0a8b0
fccf0,cant,1
fcd38,inline,80048400
fcd8c,cant,1
fcdac,inline,8001aab0
fce64,cant,1
fcec0,inline,80acb0b0
fcf3c,cant,1
fcf68,inline,80a8b0b0
fcfcc,cant,1
fcfe8,inline,80a8b0b0
fd044,cant,1
fd054,inline,80a8b0b0
fd0b0,cant,1
fd1e0,inline,80aab0b0
fd250,cant,1
fd298,inline,80a8b0b0
fd3ac,inline,80aab0b0
fd474,cant,1
fd488,inline,80a8b0b0
fd548,inline,80acb0b0
fd6d0,cant,1
fd6ec,inline,8002abb0
fd870,cant,1
fd888,inline,80d0a8b0
fd958,inline,8002abb0
fda48,inline,80d0aab0
fdc4c,inline,80acb0b0
fdce8,inline,80aab0b0
fdd30,inline,8002d0af
fdf0c,inline,800fd0ae
fe764,inline,80a8b0b0
fe7ac,cant,1
fe7c4,inline,80a8b0b0
fe84c,extab,74b438
fe970,cant,1
fe984,inline,80a8b0b0
fea30,inline,8002a9b0
feb68,inline,80acb0b0
febe4,cant,1
febec,inline,80aab0b0
fed20,cant,1
fed38,inline,80aab0b0
fed88,extab,758b34
fedf8,cant,1
fee0c,inline,80a8b0b0
fee5c,inline,8000a9b0
feec4,extab,75c3c0
fefe8,cant,1
ff020,extab,75c3e0
ff190,cant,1
ff1b0,extab,75c408
ff2c8,cant,1
ff2e8,inline,80aab0b0
ff308,cant,1
ff310,inline,80aab0b0
ff3a8,inline,80acb0b0
ff488,extab,75c3b0
ff5e0,cant,1
ff5e8,extab,75c390
ff684,cant,1
ff68c,extab,75c3a0
ff704,cant,1
ff70c,inline,80aab0b0
ff774,inline,80a8b0b0
ff7f4,inline,8004abb0
ff8b8,inline,8005a8b0
ff96c,inline,80a8b0b0
ff9b4,inline,80aab0b0
ff9f8,inline,80acb0b0
ffab4,inline,80aab0b0
ffae4,cant,1
ffaf4,inline,80aab0b0
ffb1c,inline,8002a9b0
ffc34,inline,8005a8b0
ffce8,cant,1
ffcec,inline,80a8b0b0
ffd2c,cant,1
ffd48,inline,8012afb0
fff64,cant,1
fff9c,inline,8006a9b0
1000c8,cant,1
1000f0,inline,8001a8b0
100128,cant,1
10016c,inline,800daab0
1001e8,cant,1
1001ec,inline,800ca9b0
100230,cant,1
10032c,inline,800cadb0
1005e0,inline,80acb0b0
100648,cant,1
100678,inline,8007d2ae
1008c8,cant,1
1008d0,inline,8003acb0
100a38,cant,1
100a9c,inline,80aab0b0
100b0c,inline,80aeb0b0
100c40,cant,1
100c6c,inline,80a8b0b0
100cbc,cant,1
100f64,inline,80aab0b0
100fb4,cant,1
100fc0,inline,8005a8b0
101074,cant,1
101078,inline,80a8b0b0
1010b8,cant,1
1018c8,extab,74ae3c
101b68,cant,1
101bd4,inline,80aab0b0
101cc8,cant,1
101d9c,inline,80aab0b0
101e00,cant,1
1022f4,inline,80a8b0b0
102334,cant,1
103aa0,inline,80aab0b0
103da0,cant,1
103e48,inline,8001a8b0
103e78,inline,80acb0b0
103ef4,cant,1
103efc,inline,8002a9b0
103f98,cant,1
103fa8,inline,8001d0aa
104034,cant,1
104044,inline,80a8b0b0
1040d8,inline,8002a9b0
104260,inline,80acb0b0
1042dc,inline,8006afb0
1045e0,inline,8005aeb0
1048cc,inline,8007aeb0
1053c4,inline,8006afb0
1056b4,inline,80a8b0b0
105748,inline,8006abb0
1062dc,cant,1
1062f4,inline,80a8b0b0
106350,inline,80aab0b0
1064ec,inline,80a8b0b0
1065dc,inline,80aab0b0
10666c,cant,1
10668c,inline,80acb0b0
106888,inline,803f21ae
106acc,inline,80a8b0b0
106c20,inline,803f20a9
106d34,inline,80aab0b0
106d98,inline,80acb0b0
106e14,inline,80a8b0b0
106e60,extab,758ee4
106e98,cant,1
106eac,inline,80a8b0b0
106ebc,inline,8002abb0
106ffc,inline,8002a9b0
10705c,cant,1
10706c,inline,8001aab0
1071cc,inline,8007aeb0
107394,cant,1
1073a0,inline,8002a9b0
107408,inline,80a8b0b0
107484,inline,8002a9b0
107578,inline,80acb0b0
1075f8,inline,8010afb0
108ae0,inline,80aab0b0
108b80,cant,1
108b90,inline,80aab0b0
108cc4,inline,80acb0b0
108fe4,cant,1
108fec,inline,8006afb0
10940c,cant,1
10941c,inline,8002a9b0
1094a0,inline,80aab0b0
1097a8,inline,80a8b0b0
1097b8,inline,8002a9b0
109828,inline,80a8b0b0
1098a4,inline,8002a9b0
109904,inline,80acb0b0
109980,inline,8002a9b0
109a14,inline,80aab0b0
109b10,cant,1
109b4c,inline,8002d0ad
109e80,cant,1
109e88,inline,8001d0ac
109f60,cant,1
109f70,inline,8002a9b0
109fd8,cant,1
109fe0,extab,758ef4
10a044,cant,1
10a058,inline,80a8b0b0
10a068,inline,8002a9b0
10a0f8,inline,80a8b0b0
10a178,inline,8018afb0
10a7d4,inline,8006afb0
10aeb0,inline,80acb0b0
10af2c,inline,8004adb0
10b334,inline,8008adb0
10b72c,inline,80acb0b0
10ba90,inline,8005aab0
10bc6c,inline,8003aab0
10be74,cant,1
10be7c,inline,8009aeb0
10c7d8,cant,1
10c7e8,inline,8003a8b0
10c8e0,cant,1
10c8e8,inline,8006a9b0
10c9b8,inline,80aab0b0
10cc40,inline,80a8b0b0
10cda4,inline,8001a8b0
10cdd4,inline,80acb0b0
10ce50,cant,1
10ce58,inline,8002a9b0
10cef4,cant,1
10cf04,inline,8001d0aa
10cf90,cant,1
10cfa0,inline,80a8b0b0
10cff0,inline,8001a8b0
10d020,inline,80acb0b0
10d09c,cant,1
10d0a4,inline,8002a9b0
10d13c,cant,1
10d14c,inline,8001d0aa
10d1d8,cant,1
10d1e8,extab,758e30
10d244,cant,1
10d258,inline,80a8b0b0
10d268,inline,80aab0b0
10d2f4,cant,1
10d32c,inline,803f1eaf
10d618,inline,80aeb0b0
10d9b8,inline,8000abb0
10daf0,inline,80a8b0b0
10dc20,inline,8002a9b0
10dcdc,inline,80acb0b0
10dd58,inline,8000a9b0
10de5c,inline,8003aeb0
10e38c,inline,80a8b0b0
10e448,inline,8006abb0
10ec88,cant,1
10eca0,inline,8000a9b0
10ed20,inline,80aab0b0
10edf0,extab,758e40
10ee70,cant,1
10ee84,inline,80a8b0b0
10ee94,inline,80aab0b0
10ef24,cant,1
10ef5c,inline,8002afb0
10f6bc,inline,80a8b0b0
10f78c,inline,80acb0b0
10f834,cant,1
10f8c4,inline,80a8b0b0
10f910,cant,1
10f9bc,inline,80a8b0b0
10fa90,cant,1
10fb90,inline,80a8b0b0
10fc08,inline,80aab0b0
10fe7c,inline,80a8b0b0
10ff2c,cant,1
1101b8,extab,758e80
11044c,cant,1
11059c,inline,8001aab0
11066c,cant,1
110768,inline,80068400
110998,cant,1
110a5c,inline,80aab0b0
110c0c,inline,802aa9b0
110eac,inline,8001acb0
1112bc,inline,8018afb0
1119bc,inline,8006afb0
112324,inline,800baeb0
112674,inline,800eafb0
112d74,inline,8002afb0
112f74,inline,8029aab0
1131c4,inline,80acb0b0
113240,extab,758e90
113560,inline,8001acb0
113768,inline,80acb0b0
1138c8,cant,1
1138f8,inline,8027aab0
113a14,inline,80aab0b0
113bdc,cant,1
113d3c,inline,80acb0b0
114604,inline,8007acb0
114788,inline,80a8b0b0
1147f8,cant,1
114850,inline,80aab0b0
114944,inline,80aeb0b0
114e5c,inline,8000afb0
115268,inline,8004afb0
1156ec,inline,8000adb0
115940,inline,8000afb0
115a0c,inline,80acb0b0
115e50,inline,8001acb0
116034,inline,800eafb0
116cd8,inline,8007aeb0
117088,cant,1
11709c,extab,758e9c
1174f4,inline,8004afb0
117cfc,cant,1
117d28,extab,758ed8
1180fc,inline,8005aab0
1183e8,inline,803f00af
118ad4,inline,80aab0b0
118b4c,inline,80aeb0b0
119124,extab,758ec0
119490,extab,758eb4
119724,inline,8000afb0
119bc4,extab,758ea8
119e58,inline,8000afb0
11a1e8,extab,758ecc
11a488,inline,8034afb0
11b304,cant,1
11b314,inline,8000adb0
11b68c,inline,8003a8b0
11b7a0,inline,8003aab0
11b890,cant,1
11b898,inline,8006a9b0
11b968,inline,80acb0b0
11bdd4,inline,80aab0b0
11beb4,extab,758e50
11c1f8,cant,1
11c20c,extab,758e70
11c248,cant,1
11c25c,extab,758e60
11c294,cant,1
11c320,inline,80aab0b0
11c8d0,inline,80aeb0b0
11cef4,inline,80aab0b0
11d2d8,inline,80acb0b0
11d348,cant,1
11d3d4,extab,74d040
11d3fc,cant,1
11d404,extab,74d030
11d428,cant,1
11d448,inline,80acb0b0
11d918,cant,1
11da7c,extab,74e3a4
11db20,cant,1
11db70,extab,74e3f4
11dbe4,cant,1
11dc34,extab,74e3cc
11dca4,cant,1
11dd70,inline,8000a9b0
11de3c,inline,80aab0b0
11df18,inline,80a8b0b0
11dfa0,extab,74b280
11e148,cant,1
11e178,inline,80acb0b0
11e2f4,cant,1
11e3c0,extab,74b250
11e560,cant,1
11e590,extab,74b3b0
11ec00,cant,1
11ec44,extab,74b2b0
11f0e0,cant,1
11f164,inline,80aeb0b0
11f30c,inline,8000abb0
11f3e0,inline,80acb0b0
11f458,extab,74b408
11f4c0,cant,1
11f4d4,extab,74b3f8
11f4f4,cant,1
11f55c,inline,80a8b0b0
11f5b0,inline,80acb0b0
11f624,inline,80a8b0b0
11f6bc,inline,80acb0b0
11f714,cant,1
11f760,inline,80acb0b0
11f7bc,extab,74b580
11f9a4,cant,1
11f9c8,inline,80acb0b0
11fa88,cant,1
11fab0,inline,80aeb0b0
11fbe0,inline,8006d0af
11ff38,cant,1
11ff50,extab,74b448
120000,cant,1
120014,extab,74b468
120044,cant,1
120070,extab,74ba4c
12009c,cant,1
1200bc,inline,80d0aab0
120130,cant,1
1209b4,extab,74b668
120a78,cant,1
120a8c,inline,80aab0b0
121050,extab,74ba04
121180,cant,1
121194,extab,74b9f4
12121c,cant,1
121258,extab,74b99c
12145c,cant,1
121480,extab,74b96c
121680,cant,1
1216a4,inline,80a8b0b0
1218c0,inline,80aab0b0
1218f0,cant,1
121910,extab,74b5a8
1219d4,cant,1
1219e8,inline,80acb0b0
121a28,extab,74ba1c
121ac4,cant,1
121ad8,inline,80a8b0b0
121b3c,extab,74b678
1220f0,cant,1
122140,inline,80a8b0b0
122198,extab,74b820
122bec,cant,1
122d0c,extab,74b7e0
122e9c,cant,1
122eb0,extab,74b748
123060,cant,1
123074,inline,80a8b0b0
123098,extab,74b760
123788,cant,1
1237b0,extab,74b5c0
1239e0,cant,1
123a04,inline,80d0a8b0
123a5c,extab,74b9cc
123b0c,cant,1
123b20,extab,74b718
123f00,cant,1
123f28,extab,74b550
123fbc,cant,1
123fd0,extab,74b560
124130,cant,1
124164,inline,80d0aab0
12428c,extab,74b9dc
1243a0,cant,1
1243b4,inline,80d0acb0
1244dc,inline,80d0aab0
12452c,extab,74b730
12464c,cant,1
124660,extab,74b608
1246ec,cant,1
124700,extab,74b570
124784,cant,1
124798,extab,74b5e8
124824,cant,1
12484c,inline,80a8b0b0
124894,extab,74b7f8
124d24,cant,1
124da8,inline,80a8b0b0
124e10,extab,74b618
1251d0,cant,1
12520c,extab,74b488
1253d8,cant,1
125454,extab,74b4f8
1254e0,cant,1
125578,inline,80acb0b0
1255f4,extab,758a34
1258e0,inline,80a8b0b0
1259a4,cant,1
1259b0,inline,800cd0af
126598,cant,1
1265ac,inline,80acb0b0
126698,cant,1
1266ac,inline,80a8b0b0
126790,inline,80aab0b0
1268fc,inline,80aeb0b0
126aac,inline,80aab0b0
126afc,inline,80acb0b0
126b68,inline,80aeb0b0
126d18,cant,1
126d50,extab,74cf30
126e04,cant,1
126e0c,extab,74cf20
126eb8,cant,1
126ec0,inline,80aab0b0
127030,inline,80aeb0b0
12722c,inline,80aab0b0
127288,inline,80acb0b0
1272f4,inline,80aeb0b0
1274f0,cant,1
12752c,inline,80a8b0b0
12753c,extab,74cf40
127604,cant,1
12760c,inline,80a8b0b0
12761c,extab,74e374
127654,cant,1
127674,inline,80aab0b0
127778,inline,8002a9b0
1277f8,inline,80aab0b0
1278a8,inline,80a8b0b0
1278e0,cant,1
1278ec,inline,80acb0b0
127958,inline,8002a9b0
1279d8,inline,80aab0b0
127a20,cant,1
127a84,inline,80028400
127cc4,cant,1
127ccc,inline,80acb0b0
127d38,inline,80028400
127fcc,cant,1
128074,inline,80aab0b0
1281a4,inline,80a8b0b0
1281e8,cant,1
128224,inline,80acb0b0
128300,cant,1
128308,inline,80acb0b0
12837c,cant,1
1283bc,inline,80acb0b0
1284ac,extab,75c254
1288c4,inline,80aab0b0
128ab8,cant,1
128afc,extab,75c260
128edc,inline,80aab0b0
128f18,extab,75c26c
129704,cant,1
129718,inline,80aab0b0
129904,cant,1
129930,inline,80aeb0b0
129a50,inline,80aab0b0
129c24,inline,80a8b0b0
129d48,inline,80aeb0b0
129e74,inline,80aab0b0
129eb0,inline,80aeb0b0
129fdc,cant,1
129fe4,inline,80aab0b0
12a00c,inline,8000adb0
12a1d8,inline,8003aab0
12b03c,inline,80aab0b0
12b184,cant,1
12b1ac,inline,80aab0b0
12b2e4,inline,80a8b0b0
12b2f4,inline,8000adb0
12b468,inline,80acb0b0
12b4e4,inline,8013acb0
12c36c,inline,80aab0b0
12c410,extab,75a09c
12c490,cant,1
12c4a4,inline,80a8b0b0
12c4b4,inline,80aeb0b0
12c600,extab,75c27c
12c8e0,cant,1
12c8f4,inline,80a8b0b0
12ca38,cant,1
12ca64,inline,80acb0b0
12cb2c,inline,80a8b0b0
12cb3c,inline,80aab0b0
12cdf8,inline,80a8b0b0
12ce44,cant,1
12ce4c,inline,80a8b0b0
12cea4,extab,74af14
12cf1c,cant,1
12cf30,extab,74af04
12cf9c,cant,1
12cfb0,inline,80a8b0b0
12d038,cant,1
12d060,inline,80aab0b0
12d130,cant,1
12d1dc,inline,8002d0af
12d268,inline,80a8b0b0
12d2dc,inline,80aab0b0
12d4b4,cant,1
12d598,inline,80a8b0b0
12d690,inline,8003aab0
12d718,inline,80acb0b0
12d794,cant,1
12d848,inline,80a8b0b0
12d8d0,cant,1
12d964,inline,8003acb0
12da18,extab,74e490
12dc4c,cant,1
12dc90,inline,80aeb0b0
12dd48,cant,1
12de08,inline,8003acb0
12deac,inline,80aab0b0
12df94,inline,80a8b0b0
12dfc0,cant,1
12e144,inline,80aab0b0
12e17c,cant,1
12e1b0,extab,74e500
12e89c,cant,1
12e954,inline,80aeb0b0
12e9b0,extab,74e484
12ea60,extab,74e41c
12ebf4,cant,1
12ec44,extab,74e464
12eca8,cant,1
12ece4,extab,74e444
12ed48,cant,1
12ed84,inline,80acb0b0
12ee84,cant,1
12ee94,inline,80acb0b0
12ef10,inline,80a8b0b0
12efe0,inline,80acb0b0
12f034,cant,1
12f03c,inline,80aeb0b0
12f0e8,cant,1
12f180,inline,8008afb0
12f900,cant,1
12f91c,inline,80aab0b0
12fa00,extab,74cf90
12faa0,cant,1
12fadc,extab,74cfd0
12fb34,cant,1
12fb70,extab,74cfb0
12fbcc,cant,1
12fc08,inline,8001a8b0
12fc38,inline,80acb0b0
12fcb4,cant,1
12fcbc,inline,8002a9b0
12fd58,cant,1
12fd68,inline,8001d0aa
12fdf4,cant,1
12fe04,inline,80a8b0b0
12fe5c,cant,1
12fe64,inline,80a8b0b0
12fea8,cant,1
12fec8,extab,7589e4
12ff80,cant,1
12ff94,extab,758a04
1300d8,cant,1
1300ec,extab,7589f4
130254,cant,1
130268,inline,80a8b0b0
1302b0,inline,80aab0b0
13030c,extab,7589d4
130360,cant,1
130374,extab,758a24
13039c,cant,1
1303b0,extab,758a14
1303d8,cant,1
1303ec,extab,75b200
1304d8,cant,1
1304fc,inline,8003d1a8
130690,cant,1
13070c,extab,75b1d0
1309ec,cant,1
1309f4,inline,80aab0b0
130b04,inline,80acb0b0
130b80,cant,1
130bfc,inline,80acb0b0
130d74,inline,80028400
130da0,cant,1
130e24,inline,80a8b0b0
130ed0,cant,1
130fac,inline,8004d1a9
1310f8,cant,1
13110c,inline,80008400
131158,cant,1
131168,extab,75b220
131314,cant,1
131340,inline,80008400
13135c,cant,1
131364,extab,75b1e0
13141c,cant,1
131488,inline,8003a8b0
131588,cant,1
1315c4,inline,80008400
1315e8,cant,1
131678,inline,80aab0b0
1316f0,cant,1
131704,inline,80aab0b0
131724,cant,1
131748,inline,80aab0b0
13178c,extab,75b188
1318e4,cant,1
131904,extab,75b1b8
131938,cant,1
131958,extab,75b1a0
13198c,cant,1
1319ac,inline,80aab0b0
131b1c,inline,80aeb0b0
131ccc,inline,80aab0b0
131db8,inline,80acb0b0
131e28,cant,1
131e68,extab,74d000
131e90,cant,1
131e98,extab,74cff0
131ebc,cant,1
131ec4,inline,80aab0b0
132038,inline,80aeb0b0
132234,inline,80aab0b0
132348,inline,80acb0b0
1323b8,inline,80aeb0b0
1325b4,cant,1
1325f0,extab,74d020
132618,cant,1
132620,extab,74d010
132644,cant,1
13264c,inline,80acb0b0
1327a8,inline,80a8b0b0
1327c0,inline,80acb0b0
1328cc,cant,1
1328f8,extab,74cf80
132940,cant,1
132948,extab,74cf70
13298c,cant,1
132994,extab,74e33c
132b24,cant,1
132b38,extab,74e1c4
132ca4,cant,1
132ce4,inline,80a8b0b0
132d40,inline,8011acb0
1330c4,cant,1
133128,inline,80acb0b0
1331f4,inline,80aab0b0
133268,cant,1
1332a4,inline,80a8b0b0
1332e0,inline,8002d1ab
133440,extab,74e224
133598,cant,1
1335d8,inline,80a8b0b0
1335f4,extab,74e31c
1337fc,cant,1
133818,extab,74e1ec
1339ec,cant,1
133a44,extab,74e38c
133a78,cant,1
133a98,extab,74e34c
133acc,cant,1
133aec,inline,80aab0b0
133bac,cant,1
133bf4,inline,8007d0ae
13447c,inline,80a8b0b0
1345e0,inline,80aab0b0
134638,inline,80acb0b0
13471c,inline,80d0acb0
1347d4,extab,759d84
134924,cant,1
134938,inline,80aeb0b0
134a3c,extab,759dbc
134dc0,cant,1
134e30,inline,80acb0b0
134e84,inline,80a8b0b0
134f10,inline,80acb0b0
13506c,inline,80a8b0b0
135084,inline,80acb0b0
1350f4,cant,1
135128,extab,74d060
135170,cant,1
135178,extab,74d050
1351bc,cant,1
1351c4,inline,8002a9b0
135274,inline,80aab0b0
135344,extab,74c7b8
135520,cant,1
135554,extab,74c768
135708,cant,1
13573c,inline,8004d0af
13599c,extab,74c6c8
135b28,cant,1
135b3c,extab,74c708
135d24,cant,1
135d58,extab,74c678
135ee0,cant,1
135f3c,inline,80aab0b0
135fc4,inline,80d0aab0
136034,extab,74c738
13621c,cant,1
136250,extab,74c6d8
136438,cant,1
13646c,inline,8004d0af
1366cc,extab,74c790
136898,cant,1
1368cc,inline,8002abb0
1369cc,inline,80d0aeb0
136be4,extab,74c7e0
136f04,cant,1
136f34,inline,8004d0af
1371a8,inline,80d1aab0
137380,cant,1
1373ec,extab,74c620
137860,cant,1
137874,inline,80acb0b0
1378fc,extab,74c8a0
137980,cant,1
137994,inline,80a8b0b0
1379a8,inline,80aab0b0
137cf8,inline,80acb0b0
137d64,cant,1
137d70,inline,80a8b0b0
137dc8,inline,8007d0aa
137eb4,inline,8002afb0
13803c,cant,1
138060,extab,74c5e8
138290,cant,1
1382ec,inline,80a8b0b0
1382fc,extab,74c638
1383bc,cant,1
138424,inline,80aab0b0
1385b4,inline,80a8b0b0
1385c4,inline,8001a8b0
1385f4,inline,80acb0b0
138670,cant,1
138678,inline,8002a9b0
138714,cant,1
138724,inline,8001d0aa
1387b0,cant,1
1387c0,inline,80a8b0b0
138814,inline,8001a8b0
138844,inline,80acb0b0
1388c0,cant,1
1388c8,inline,8002a9b0
138964,cant,1
138974,inline,8001d0aa
138a00,cant,1
138a10,inline,80a8b0b0
138a64,inline,8001a8b0
138a94,inline,80acb0b0
138b10,cant,1
138b18,inline,8002a9b0
138bb0,cant,1
138bc0,inline,8001d0aa
138c4c,cant,1
138c5c,extab,758e00
138ca8,cant,1
138cbc,inline,80a8b0b0
138ccc,inline,80aab0b0
138d0c,inline,8000adb0
139128,inline,80acb0b0
139350,inline,80aab0b0
1393ac,inline,80a8b0b0
1393f8,inline,80aab0b0
13943c,inline,80a8b0b0
139508,cant,1
139520,inline,80aab0b0
139638,inline,8000abb0
13970c,inline,80aab0b0
139838,inline,80a8b0b0
139884,inline,801facb0
13995c,inline,80aab0b0
1399a0,inline,80a8b0b0
139a94,extab,75c2dc
139b0c,cant,1
139b20,extab,75c2fc
139c5c,cant,1
139c70,extab,75c2ec
139da4,cant,1
139dcc,inline,8003aeb0
13a07c,extab,75c314
13a1b0,cant,1
13a1e4,extab,75c2c4
13a30c,cant,1
13a334,inline,8003aab0
13a3e0,inline,80aab0b0
13a4b4,inline,8004a9b0
13a538,extab,75c294
13a610,cant,1
13a640,extab,75c2b4
13a6a8,cant,1
13a6d8,extab,75c2a4
13a738,cant,1
13a7d4,inline,80a8b0b0
13a810,inline,8001a8b0
13a8d0,inline,8004a9b0
13aa64,inline,80aeb0b0
13ab44,cant,1
13ab98,inline,8001a8b0
13ad24,cant,1
13ad50,inline,80aab0b0
13ae38,inline,80a8b0b0
13ae48,extab,75c5f8
13af7c,cant,1
13afa4,inline,8003a8b0
13b05c,inline,8002d1ab
13b20c,cant,1
13b274,inline,8001d1aa
13b404,inline,8002d1af
13bd20,inline,8002d0ab
13c0c4,inline,8000d1af
13c734,inline,80d0aab0
13c7cc,cant,1
13c7ec,inline,8000afb0
13c934,inline,80acb0b0
13ca70,cant,1
13caec,inline,8001aab0
13cc7c,inline,80aab0b0
13ccb4,cant,1
13ccc4,extab,75c574
13cde4,cant,1
13ce0c,extab,75c610
13d050,cant,1
13d064,extab,75c620
13d6a8,cant,1
13d6d8,inline,80a8b0b0
13d738,inline,80a9b0b0
13d7b8,cant,1
13d7c0,inline,80a8b0b0
13d854,inline,8001d0ac
13da50,inline,80a9b0b0
13dacc,inline,8001d1aa
13dc34,inline,80a8b0b0
13dcb8,inline,8001d0aa
13dd98,cant,1
13ddcc,inline,80a8b0b0
13de34,cant,1
13de7c,inline,8001a8b0
13dec0,inline,80d0aab0
13e050,inline,80d0acb0
13e254,inline,8002d0a9
13e3c8,inline,80aab0b0
13e4a4,inline,8003d1aa
13e7b8,inline,8002abb0
13e880,cant,1
13e8b8,inline,80aab0b0
13e90c,inline,80d0acb0
13ea38,cant,1
13ea8c,extab,75c58c
13ec28,cant,1
13ec44,inline,8002a9b0
13eca4,cant,1
13ed30,inline,8002a9b0
13f0c8,inline,80aab0b0
13f188,inline,8001a8b0
13f230,inline,80a8b0b0
13f260,cant,1
13f26c,inline,80a8b0b0
13f2a4,extab,75c59c
13f578,inline,80aab0b0
13f6a4,extab,75c54c
13f99c,cant,1
13f9d4,extab,75c5d0
13fa2c,cant,1
13fa64,extab,75c5a8
13fabc,cant,1
13faf4,inline,8004a9b0
13fc10,inline,80aab0b0
13fc6c,cant,1
13fcf4,extab,75c4d8
140418,inline,8004afb0
140610,inline,8004a9b0
14082c,extab,75c4e4
140b78,cant,1
140ba0,inline,80acb0b0
140c20,inline,8004a9b0
140d54,cant,1
140e08,inline,8021aab0
140ecc,inline,80acb0b0
140ff0,inline,80a8b0b0
141010,inline,80aab0b0
141094,inline,8004a9b0
1412c8,cant,1
141460,inline,80038400
1414c8,inline,8022abb0
141624,cant,1
14164c,inline,80a8b0b0
14168c,inline,8004d0af
1418c8,extab,75c488
141cb0,cant,1
141cc4,inline,80acb0b0
141e14,inline,80aeb0b0
142004,inline,8003acb0
142108,extab,75c4a8
142218,cant,1
14222c,inline,80aeb0b0
1422e0,extab,75c4cc
142428,cant,1
14249c,inline,80a8b0b0
1424d4,inline,80acb0b0
142598,inline,80a8b0b0
1425cc,extab,75c4c0
14270c,inline,8004a9b0
142af4,inline,80aab0b0
142b54,inline,80acb0b0
142c88,cant,1
142cf8,inline,80aab0b0
142f24,inline,80a8b0b0
142f40,cant,1
142ffc,inline,8001a8b0
1430e0,inline,80a8b0b0
143158,cant,1
14327c,inline,80aab0b0
143384,extab,75c53c
143450,cant,1
143464,inline,8001d0ae
1436f0,inline,80acb0b0
14379c,inline,8000d3ab
143994,inline,8003a8b0
143a6c,inline,80a8b0b0
143b60,inline,8004adb0
143dbc,inline,8004a9b0
143e88,inline,80aab0b0
143f0c,inline,8004abb0
14402c,cant,1
144048,inline,80aab0b0
144104,inline,80a8b0b0
144134,extab,75c4fc
144254,cant,1
144268,extab,75c524
1442ac,cant,1
1442d4,extab,75c50c
144314,cant,1
144344,inline,8003aab0
144498,inline,80acb0b0
144514,cant,1
144758,inline,80aeb0b0
1449bc,cant,1
1449cc,extab,75c460
144c60,cant,1
144c74,inline,80d1aeb0
144e58,inline,80028400
144e78,inline,8001d4ae
145078,cant,1
145080,inline,8004a9b0
1452f8,cant,1
145300,inline,80acb0b0
1453a8,extab,75c430
1454ac,cant,1
1454c0,extab,75c450
1454f8,cant,1
14550c,extab,75c440
145544,cant,1
145558,inline,80aab0b0
1455b4,cant,1
14560c,inline,8001a8b0
145710,inline,8004d0a9
1457e8,extab,75c478
145b9c,cant,1
145bb0,inline,80acb0b0
145c2c,cant,1
145c38,inline,8004d0a9
145d10,cant,1
145d58,inline,8003a8b0
145f74,cant,1
145fcc,inline,80aab0b0
146044,inline,80acb0b0
146114,inline,80aab0b0
146208,inline,80a8b0b0
146224,cant,1
14630c,inline,8004a9b0
146384,inline,8003a8b0
146430,cant,1
1465c8,inline,80d0aab0
146690,cant,1
1466ec,inline,80d2aeb0
146a54,inline,80d0aab0
146b14,inline,80acb0b0
146b90,inline,80d0aab0
146c2c,cant,1
146c98,inline,80d1acb0
146e14,inline,80aab0b0
146eec,inline,80d0aab0
146fcc,inline,8003a8b0
147080,cant,1
14709c,inline,8003a8b0
14714c,inline,80acb0b0
1471fc,inline,80aab0b0
1472d4,inline,80a8b0b0
1472e4,inline,80d1aab0
1473d8,extab,759d94
1474fc,cant,1
147534,extab,759e44
1475ac,cant,1
1475e4,extab,759e1c
147658,cant,1
147808,inline,800cafb0
147a58,cant,1
147b3c,extab,74cf00
147dfc,cant,1
147e04,inline,800baeb0
1480a8,cant,1
148194,inline,80acb0b0
1482c0,inline,800aafb0
1483b4,inline,8000afb0
14864c,cant,1
148704,inline,8010afb0
1489b8,cant,1
148a04,inline,8009aeb0
148bec,inline,8003aab0
148d18,inline,8000abb0
148dbc,inline,80aab0b0
148e14,cant,1
148f44,extab,74cf10
1493e8,cant,1
149458,inline,8000adb0
149540,cant,1
149564,inline,8000abb0
1495a4,inline,80aab0b0
149668,cant,1
1496f8,inline,80acb0b0
149a80,inline,8002adb0
149d38,inline,8006d0af
14a268,inline,80a8b0b0
14a398,inline,80aab0b0
14a544,extab,751644
14a964,inline,8020d0af
14acec,inline,802cafb0
14b384,inline,80aab0b0
14b570,inline,8004afb0
14b730,cant,1
14b774,inline,8000a9b0
14b890,extab,75161c
14bb08,inline,80aab0b0
14bc78,inline,8006afb0
14c3f4,inline,8001d0ae
14c5a8,extab,751628
14c68c,extab,751650
14c93c,cant,1
14c950,inline,8000a9b0
14ca2c,inline,8008afb0
14d518,cant,1
14d584,inline,8004afb0
14d974,extab,751634
14da08,cant,1
14da1c,inline,803f00af
14e648,inline,8002afb0
14eb40,inline,80aab0b0
14eb9c,inline,8001aeb0
14ed0c,inline,8001d0ae
150668,inline,8000adb0
150f70,inline,80a8b0b0
151014,inline,80aab0b0
1511a0,extab,7515d4
151360,cant,1
151388,extab,751604
1513fc,cant,1
151424,extab,7515ec
151490,cant,1
1514b8,extab,7515c8
15158c,inline,8000adb0
151774,inline,8004afb0
151918,inline,8002afb0
151aa4,cant,1
1520ac,inline,8000adb0
152100,cant,1
152270,inline,8000adb0
1522e8,inline,800eafb0
1524c8,inline,80acb0b0
152560,inline,80a8b0b0
152588,inline,8003aeb0
15260c,inline,80acb0b0
152a4c,inline,80a8b0b0
153118,inline,8002afb0
153254,inline,80aab0b0
1532a4,inline,8004afb0
153388,inline,80acb0b0
153498,inline,80aab0b0
154584,inline,80aeb0b0
154688,inline,80acb0b0
1546f8,inline,80aab0b0
154740,extab,74d2b8
15672c,inline,80aab0b0
157bb0,inline,80acb0b0
157c48,inline,80a8b0b0
157ca0,cant,1
157cbc,inline,80aab0b0
159254,inline,80acb0b0
159894,inline,80a8b0b0
159c0c,inline,80aab0b0
15aed8,inline,8005acb0
15b164,cant,1
15b168,inline,80aab0b0
15b1cc,inline,80a8b0b0
15b7cc,cant,1
15b844,inline,8003acb0
15b8ec,inline,80aab0b0
15b95c,cant,1
15b960,inline,80acb0b0
15b9e4,inline,80aeb0b0
15ba88,inline,80aab0b0
15bad0,inline,80aeb0b0
15bb54,inline,80aab0b0
15bba8,inline,80acb0b0
15bd4c,inline,80aab0b0
15be10,inline,80acb0b0
15bfa4,inline,80a8b0b0
15bfd8,cant,1
15bfdc,inline,80acb0b0
15c0d0,inline,80aeb0b0
15c254,inline,80a8b0b0
15c290,inline,80aab0b0
15c2dc,cant,1
15c2f4,inline,80aab0b0
15c328,cant,1
15c3ec,inline,80aab0b0
15c448,inline,80aeb0b0
15c578,inline,80aab0b0
15c5d0,cant,1
15c5f8,extab,74d288
15c668,cant,1
15c670,extab,74d278
15c6dc,cant,1
15c6e8,inline,80acb0b0
15c898,inline,80aab0b0
15c8e4,cant,1
15c8f0,inline,80abb0b0
15c938,cant,1
15c944,inline,80a8b0b0
15c97c,inline,80aab0b0
15c9d0,inline,80a8b0b0
15c9e8,inline,80aab0b0
15ca44,inline,80abb0b0
15ca80,inline,80acb0b0
15cbb0,cant,1
15cbd8,extab,74d2a8
15cc48,cant,1
15cc50,extab,74d298
15ccbc,cant,1
15ccc8,inline,8000afb0
15ce00,extab,74d314
15ceb0,cant,1
15cec4,inline,8008afb0
15d0b8,inline,80a9b0b0
15d118,inline,80aab0b0
15d164,cant,1
15d16c,inline,80a9b0b0
15d1c4,extab,74d2e4
15d258,cant,1
15d26c,extab,74d354
15d320,cant,1
15d338,extab,74d2d4
15d3ec,cant,1
15d404,extab,74d2c4
15d490,cant,1
15d4a4,inline,80aab0b0
15d508,inline,8004afb0
15d684,cant,1
15d6ac,extab,74d344
15d724,cant,1
15d72c,extab,74d334
15d7a0,cant,1
15d7a8,inline,80a8b0b0
15d7f8,inline,80b242ab
15d860,inline,80048400
15d898,inline,80d0acb0
15d980,inline,8009d2ac
15da70,cant,1
15da88,inline,80008400
15da9c,inline,80acb0b0
15dbcc,inline,80008400
15dbe0,extab,74d3f0
15dcbc,inline,80aeb0b0
15dd38,cant,1
15dd50,inline,8000afb0
15de68,inline,8006afb0
15dfcc,inline,80aeb0b0
15e040,extab,74d6cc
15e090,cant,1
15e0c4,extab,74d4a4
15e12c,cant,1
15e160,extab,74d3b8
15e1b0,cant,1
15e1e4,extab,74d3d0
15e224,cant,1
15e238,inline,80a8b0b0
15e274,inline,80aeb0b0
15e738,inline,8000abb0
15eaa4,cant,1
15eabc,inline,80acb0b0
15eb50,cant,1
15eb78,inline,803f00ab
15ecec,extab,74d384
15f96c,cant,1
15f9b4,inline,80a8b0b0
15fa14,inline,80aab0b0
15fa3c,inline,80acb0b0
15fd9c,inline,80a8b0b0
15fe0c,cant,1
15fe64,inline,80acb0b0
1600c0,inline,80aab0b0
1601bc,extab,74d374
160260,cant,1
160274,extab,74d364
160310,cant,1
160370,inline,80aab0b0
1605fc,cant,1
160680,inline,80aab0b0
1606c8,cant,1
1606ec,inline,80a8b0b0
16075c,inline,8000a9b0
1607c8,cant,1
160810,inline,8000abb0
16093c,inline,80aab0b0
1609f4,inline,80acb0b0
160a8c,inline,8000a9b0
160b94,inline,80acb0b0
160cf0,inline,80aab0b0
160e34,cant,1
160e78,inline,8000afb0
161334,inline,80aeb0b0
1613c8,inline,80acb0b0
161408,inline,8004d0af
161608,inline,80aab0b0
1616c8,inline,8007d0aa
1619b4,inline,8012afb0
161cbc,inline,80aab0b0
161db4,cant,1
161e1c,inline,80a8b0b0
161e64,inline,80aeb0b0
161f10,inline,80acb0b0
161f58,inline,80aab0b0
161fa8,inline,8033aeb0
162148,inline,80008400
162174,inline,8000afb0
1622dc,cant,1
162318,inline,80acb0b0
162378,inline,80a8b0b0
162388,inline,8012a9b0
16240c,inline,80a8b0b0
162428,inline,8000afb0
162708,inline,8012a9b0
16279c,inline,80aeb0b0
162854,inline,80a8b0b0
16288c,inline,8014abb0
162934,extab,74d43c
162a5c,inline,80aab0b0
162ab8,extab,74d42c
162bcc,cant,1
162be0,inline,80acb0b0
162c38,inline,8005aeb0
162de0,inline,80aab0b0
162e3c,inline,8004afb0
163020,extab,74d494
163540,cant,1
163570,inline,80a8b0b0
16358c,inline,80aeb0b0
163610,inline,80acb0b0
1637e8,extab,74d3fc
163974,extab,74d40c
163aec,inline,80aab0b0
163b2c,extab,74d448
163bbc,cant,1
163be8,inline,8002afb0
163f3c,extab,74d41c
163fd0,cant,1
163fe4,inline,80aeb0b0
164070,inline,80d0aeb0
164158,extab,74d488
164300,inline,8003acb0
16445c,inline,8004afb0
1646bc,inline,80acb0b0
1647f0,inline,8005aeb0
164998,inline,8012abb0
164bb4,inline,80aeb0b0
164c70,cant,1
164c78,inline,80aab0b0
164ccc,inline,80acb0b0
164d28,inline,80aab0b0
164df0,extab,74d734
164ec8,cant,1
164ef4,extab,74d754
164f58,cant,1
164fa0,extab,74d71c
165048,cant,1
165070,inline,8009d0aa
16520c,extab,74d6e4
1652ac,cant,1
1652cc,extab,74d6fc
16534c,cant,1
165378,inline,80aab0b0
1653e8,cant,1
16540c,inline,80a8b0b0
165458,inline,80aab0b0
1655b0,inline,80a8b0b0
1656ac,cant,1
1656dc,inline,80a8b0b0
165750,inline,80d2a8b0
1657a4,cant,1
1657b8,inline,8001aab0
165858,inline,80aab0b0
1658cc,inline,8010a9b0
16593c,cant,1
165968,inline,80a8b0b0
1659b4,extab,74d4bc
165ac0,cant,1
165b04,extab,74d4ec
165bf0,cant,1
165c60,inline,80aab0b0
165d28,cant,1
165d4c,inline,8010a9b0
165db4,inline,80d2a8b0
165e48,extab,74d524
165f24,cant,1
165f44,extab,74d53c
16600c,cant,1
166038,extab,74d584
166354,cant,1
1663b0,inline,80acb0b0
166448,extab,74d6c0
1667a0,cant,1
1667c4,extab,74d624
166a00,cant,1
166a14,extab,74d6a8
166b08,cant,1
166b30,extab,74d690
166c20,cant,1
166c48,inline,80aab0b0
166ca4,extab,74d63c
16734c,cant,1
1673a8,inline,80acb0b0
167414,cant,1
167428,inline,80aab0b0
16745c,inline,80acb0b0
1674e4,cant,1
167514,extab,74d5e4
167764,cant,1
1677c4,inline,80aeb0b0
167850,inline,80acb0b0
1678dc,cant,1
1678e8,inline,80aeb0b0
167a8c,inline,80aab0b0
167b20,cant,1
167bdc,extab,74d5b4
167f44,cant,1
167f8c,inline,80a8b0b0
1680c8,inline,80aab0b0
16810c,inline,80a8b0b0
16822c,inline,80aeb0b0
1683b4,inline,80a8b0b0
1683c4,inline,80acb0b0
168468,cant,1
168494,inline,80aab0b0
1684fc,cant,1
168528,inline,80acb0b0
168618,inline,80a8b0b0
16865c,inline,80aab0b0
1686f0,cant,1
1686f8,inline,8000afb0
1687bc,cant,1
1687ec,inline,80acb0b0
168934,extab,74ee90
168a44,cant,1
168a58,extab,74eeb0
168a90,cant,1
168aa4,extab,74eea0
168adc,cant,1
168af0,inline,80aab0b0
168b88,inline,8000abb0
168c48,inline,80aeb0b0
168d84,inline,80aab0b0
168ddc,cant,1
168df0,inline,80aab0b0
168e74,inline,80aeb0b0
168f5c,inline,80aab0b0
168fa4,cant,1
168fa8,inline,80aab0b0
169124,cant,1
169128,inline,80acb0b0
1691d8,cant,1
1691ec,inline,80aab0b0
169234,cant,1
16924c,inline,80aeb0b0
1693c0,extab,74ef08
16947c,cant,1
1694bc,extab,74ef50
169520,cant,1
169550,extab,74ef30
1695b0,cant,1
169760,inline,80a8b0b0
1697d0,inline,80aab0b0
1698d8,extab,74ef70
169990,cant,1
169998,extab,74ef90
1699c0,cant,1
1699c8,extab,74ef80
1699ec,cant,1
169ba8,inline,80a8b0b0
169bd0,cant,1
169e1c,inline,80acb0b0
169edc,cant,1
169f44,inline,8000d0ad
16a184,inline,8004afb0
16a2d8,extab,74efd0
16a514,inline,8002d0af
16a6dc,cant,1
16a75c,inline,80acb0b0
16a8f4,inline,80a8b0b0
16a93c,inline,80acb0b0
16aa58,cant,1
16aaf8,inline,80a8b0b0
16ab18,cant,1
16ab74,inline,80aab0b0
16ab98,cant,1
16ac84,inline,80acb0b0
16add0,extab,74ee48
16ae64,cant,1
16ae78,extab,74ee78
16aec4,cant,1
16aed8,extab,74ee60
16af1c,cant,1
16b2bc,inline,80aab0b0
16b440,extab,74efc0
16b5b4,cant,1
16b5e4,inline,80aab0b0
16b6a4,inline,80aeb0b0
16b7f0,inline,80aab0b0
16b870,inline,80a8b0b0
16b8c8,cant,1
16b918,inline,80a8b0b0
16b9b0,cant,1
16b9f4,inline,80acb0b0
16bb08,inline,80a8b0b0
16bb48,inline,80aab0b0
16bd1c,inline,8001aeb0
16c054,cant,1
16c080,inline,80aab0b0
16c0b0,cant,1
16c0b4,inline,80a8b0b0
16c0d0,cant,1
16c1a8,inline,80acb0b0
16c238,inline,80a8b0b0
16c270,cant,1
16c2b0,inline,80aab0b0
16c2fc,inline,80aeb0b0
16c478,cant,1
16c494,inline,8001aeb0
16c724,extab,74eec0
16c88c,cant,1
16c8ac,extab,74eef0
16c8e0,cant,1
16c900,extab,74eed8
16c934,cant,1
16c954,extab,754278
16caa0,cant,1
16cab4,extab,754288
16cd24,cant,1
16cd40,inline,8000afb0
16d590,extab,7542b8
16d844,cant,1
16d87c,inline,80a8b0b0
16d8b0,inline,8000abb0
16db0c,inline,80aab0b0
16dbe4,extab,754230
16dca8,cant,1
16dcc8,extab,754260
16dcfc,cant,1
16dd1c,extab,754248
16dd50,cant,1
16dd70,extab,74f448
16e028,cant,1
16e04c,inline,8000a9b0
16e140,inline,80a8b0b0
16e208,cant,1
16e24c,extab,750460
16e2b0,cant,1
16e2d4,inline,80a8b0b0
16e2f0,cant,1
16e300,inline,80aab0b0
16e3e0,cant,1
16e3f4,inline,80aab0b0
16e440,cant,1
16e464,inline,8006afb0
16e65c,inline,80acb0b0
16e708,extab,74f418
16e788,cant,1
16e79c,extab,74f438
16e7d8,cant,1
16e7ec,extab,74f428
16e824,cant,1
16e838,inline,80acb0b0
16e8b4,inline,80aab0b0
16e8f0,inline,80a8b0b0
16e9a0,inline,80acb0b0
16ea1c,extab,758a68
16ea98,cant,1
16eaac,inline,80a8b0b0
16eabc,inline,8001acb0
16ebfc,cant,1
16ec1c,inline,8002d3af
16f044,inline,80a8b0b0
16f078,cant,1
16f098,inline,80a8b0b0
16f0cc,cant,1
16f0dc,inline,8001aab0
16f140,cant,1
16f148,inline,80acb0b0
16f1a0,extab,758a58
16f244,cant,1
16f258,inline,80a8b0b0
16f274,inline,80acb0b0
16f2f0,cant,1
16f30c,inline,80aab0b0
16f338,inline,80a8b0b0
16f3e8,cant,1
16f4d4,inline,8004a9b0
16f6e8,inline,80a8b0b0
16f744,cant,1
16fa40,inline,80aab0b0
16fae4,cant,1
16fcf4,inline,8028afb0
1702dc,inline,8004afb0
1705f4,inline,8006afb0
170a4c,cant,1
170c58,inline,80acb0b0
170cdc,inline,80aab0b0
170d58,inline,80aeb0b0
170e04,inline,80a8b0b0
170e38,inline,8004adb0
1710e4,inline,8004afb0
17257c,inline,8004adb0
1727e4,inline,8004afb0
1730f8,inline,8004adb0
1733a8,inline,8000abb0
1742f8,inline,80a8b0b0
174440,extab,754ca8
1747d8,cant,1
1747ec,extab,754cc8
174844,cant,1
174858,extab,754cb8
1748a8,cant,1
1748bc,inline,8000a9b0
174934,cant,1
1749c8,extab,74f700
174b64,cant,1
174b78,inline,8005a8b0
174ba4,inline,8000a9b0
174c1c,cant,1
175244,inline,80aeb0b0
175324,cant,1
175a3c,inline,80acb0b0
175aec,inline,8004a9b0
175b88,cant,1
175b8c,inline,80a8b0b0
175ba8,cant,1
175bb8,inline,80acb0b0
175c3c,inline,8006afb0
175d28,inline,8003aeb0
175f48,cant,1
1760ac,inline,80abb0b0
176254,inline,8000af03
176548,cant,1
1765f8,inline,80aab0b0
17666c,extab,74f768
177508,cant,1
17755c,inline,80a8b0b0
177584,extab,74f780
1776dc,cant,1
177800,inline,80aeb0b0
177970,inline,80acb0b0
177a28,cant,1
177b98,inline,80aab0b0
177be8,cant,1
177e20,inline,80aab0b0
177f44,cant,1
17851c,inline,80a8b0b0
178610,cant,1
1786b8,inline,80aeb0b0
1788c8,inline,800aafb0
1791ec,extab,74f710
179560,cant,1
1795d0,inline,80a8b0b0
1795e0,extab,74f740
1796b8,cant,1
179708,inline,80d0aab0
1797b0,extab,74f628
179948,cant,1
179964,extab,74f608
179fb0,cant,1
179fd8,inline,80acb0b0
17a180,extab,74f648
17b420,cant,1
17b4a8,extab,74f6d0
17b4dc,cant,1
17b4f0,extab,74f6c0
17b510,cant,1
17b524,extab,74f6a8
17b69c,cant,1
17b6b0,extab,74f5c0
17b7dc,cant,1
17b820,inline,80a8b0b0
17b830,extab,74f5e0
17b980,cant,1
17ba4c,inline,80a8b0b0
17bab0,extab,74f564
17c0f8,cant,1
17c11c,inline,800784df
17c2a8,inline,8012afb0
17dea4,inline,80aab0b0
17df60,inline,80a8b0b0
17df90,cant,1
17dfb0,inline,80048400
17e01c,cant,1
17e024,inline,80a8b0b0
17e04c,inline,8018afb0
17e454,cant,1
17e470,inline,8003aab0
17e6f8,inline,80aab0b0
17e744,inline,800aafb0
17f318,inline,8007acb0
17f564,extab,74f78c
17fcdc,cant,1
17fd54,inline,80aab0b0
17fdb8,inline,8000abb0
17fe38,inline,80a8b0b0
17fe90,inline,80aab0b0
180120,cant,1
18013c,inline,80088400
180190,inline,800cafb0
1805c4,inline,80aab0b0
18062c,inline,80048400
18068c,inline,8005d0ac
180750,extab,74f5a4
180d6c,cant,1
180dbc,inline,8004abb0
180e9c,inline,8016afb0
18171c,inline,8008afb0
181aa0,inline,80acb0b0
181c68,inline,80a8b0b0
181cac,inline,803f00af
181fa4,inline,801aafb0
183e14,inline,80acb0b0
183fc0,inline,8005aab0
184228,extab,74f7ac
1848ec,inline,8024afb0
185628,inline,803f05ac
1857e4,inline,80a8b0b0
185834,inline,8005aab0
185b08,extab,74f5b4
1861c4,inline,8009aeb0
18657c,inline,800eafb0
186860,inline,8007acb0
1868ec,inline,800aafb0
186fb4,inline,80a8b0b0
187004,inline,8003a8b0
1870e8,inline,8009aeb0
1872a0,inline,800cafb0
187434,cant,1
187454,inline,8000a9b0
18748c,extab,74f7b8
18783c,inline,8002afb0
187bd0,inline,80a8b0b0
187bec,inline,80aab0b0
187cec,inline,8003a8b0
187e20,inline,80a8b0b0
187e94,inline,800bacb0
188058,inline,80a8b0b0
188120,inline,8018adb0
1886f4,inline,8006a9b0
188770,inline,8002adb0
18895c,cant,1
188968,inline,8002a9b0
1889ec,cant,1
188b28,inline,80a8b0b0
188bf0,inline,8007a8b0
188c54,inline,8006a9b0
188cdc,inline,80a8b0b0
188d20,inline,8003a8b0
188d74,inline,8007aab0
188e24,inline,8007aeb0
189028,inline,80a8b0b0
189090,cant,1
189098,extab,74f534
189194,cant,1
1891a8,extab,74f554
189230,cant,1
189244,extab,74f544
1892c4,cant,1
189314,extab,74f4b8
189a04,cant,1
189a20,extab,74f4ec
189c58,cant,1
189c6c,extab,74f478
189ec0,cant,1
189ed4,extab,74f504
18a354,cant,1
18a478,extab,74f490
18a864,cant,1
18a878,inline,80aab0b0
18a8e8,cant,1
18ab98,inline,80a8b0b0
18acac,inline,8002a9b0
18ade0,inline,80aab0b0
18ae44,cant,1
18ae50,inline,80acb0b0
18aebc,inline,8002abb0
18afb8,inline,80aab0b0
18aff4,cant,1
18b04c,extab,74f6f0
18b08c,cant,1
18b094,extab,74f6e0
18b0cc,cant,1
18b120,inline,80a8b0b0
18b150,cant,1
18b15c,inline,80aab0b0
18b434,inline,80a8b0b0
18b48c,cant,1
18b498,inline,80a8b0b0
18b5f8,inline,80aab0b0
18b690,inline,8004abb0
18b954,inline,80acb0b0
18bba0,inline,80a8b0b0
18bda0,cant,1
18bdc8,inline,80acb0b0
18c030,inline,80aeb0b0
18c2dc,inline,80acb0b0
18c648,inline,80aeb0b0
18ca28,inline,80a8b0b0
18ca5c,cant,1
18ca70,inline,80aab0b0
18cd4c,inline,80a8b0b0
18cdec,extab,754994
18cf78,cant,1
18cf88,extab,7549c4
18d0a0,cant,1
18d0b4,inline,80a8b0b0
18d0fc,extab,7549a4
18d124,cant,1
18d12c,extab,7549b4
18d244,cant,1
18d24c,extab,754984
18d29c,cant,1
18d2b0,inline,80a8b0b0
18d2c0,cant,1
18d300,inline,80a8b0b0
18d41c,cant,1
18d428,inline,80aab0b0
18d4b8,extab,75488c
18d808,cant,1
18d828,inline,80aab0b0
18d890,extab,7548a4
18d990,cant,1
18d998,extab,7548b4
18db68,cant,1
18db78,extab,7548cc
18dbe8,cant,1
18dbf0,inline,80a8b0b0
18dc48,extab,7549d4
18dcb0,cant,1
18dcc4,inline,80a8b0b0
18dd24,extab,750628
18ddd0,inline,80a8b0b0
18df94,extab,750700
18dfec,extab,750738
18e044,inline,80a8b0b0
18e08c,extab,750798
18e0e8,cant,1
18e138,inline,80a8b0b0
18e1dc,extab,750fc0
18e238,inline,80a8b0b0
18e378,extab,751de8
18e3d0,extab,7527ac
18e424,extab,753568
18e474,inline,80a8b0b0
18e564,extab,756da4
18e604,inline,80a8b0b0
18e694,extab,756fb4
18e734,cant,1
18e75c,extab,7570bc
18e7b4,cant,1
18e890,inline,80088400
18e8f0,cant,1
18e934,inline,8002d0ab
18e9f4,cant,1
18ea24,inline,80aab0b0
18eaa4,inline,8000abb0
18eb5c,inline,80a8b0b0
18eb6c,inline,80aab0b0
18ebc4,extab,757734
18ec88,cant,1
18ec90,extab,757728
18ee58,cant,1
18ee64,extab,757744
18f078,cant,1
18f080,inline,80aab0b0
18f190,extab,757764
18f370,cant,1
18f378,inline,80a8b0b0
18f434,inline,80aab0b0
18f4d4,extab,757754
18f5bc,cant,1
18f5c4,inline,80aab0b0
18f6b0,cant,1
18f6b4,inline,8012d0a9
18f894,inline,80d0a8b0
18f9d0,cant,1
18fa38,inline,80a8b0b0
18fa74,cant,1
18fa78,inline,80d0a8b0
18fbe8,cant,1
18fc50,inline,80a8b0b0
18fc8c,cant,1
18fc90,inline,80a8b0b0
18fce4,inline,8001d1a8
18fe80,inline,80a8b0b0
18febc,extab,753a58
190024,cant,1
190054,extab,753a20
190110,cant,1
190168,extab,753a30
190360,cant,1
190394,extab,753a68
1908b0,cant,1
1908d8,extab,753a48
1909c4,cant,1
1909e4,inline,80a8b0b0
190a50,inline,80acb0b0
190b48,extab,753a00
190c14,cant,1
190c1c,extab,753a10
190ce4,cant,1
190cf8,inline,80aab0b0
190d80,inline,80a8b0b0
190d90,cant,1
190dd8,extab,753ae8
19104c,cant,1
191054,inline,8009acb0
191224,cant,1
191230,inline,80acb0b0
1912b0,cant,1
1912b8,extab,753ac8
19144c,cant,1
191454,extab,753ad8
191550,cant,1
191564,inline,80a8b0b0
191590,inline,8004a9b0
191634,cant,1
1916bc,inline,80acb0b0
1917b4,extab,753ab8
191838,cant,1
19184c,inline,80a8b0b0
191884,cant,1
1918c8,extab,7555c8
19201c,cant,1
192054,inline,80a8b0b0
1920b8,cant,1
1920fc,extab,7555d8
192860,cant,1
192898,inline,80a8b0b0
1928d4,cant,1
1928d8,extab,74f9dc
192adc,cant,1
192ae4,extab,74f9f4
192bd4,cant,1
192bdc,extab,74f9ac
192d00,cant,1
192d10,inline,80aab0b0
192d58,cant,1
192d5c,inline,80a8b0b0
192d84,cant,1
192d88,inline,80aab0b0
192e18,cant,1
192e1c,inline,80d0aab0
192ee0,cant,1
192ee4,extab,74f99c
192fbc,cant,1
192fc4,inline,80aab0b0
193060,cant,1
19307c,inline,80a8b0b0
193094,inline,80048400
1930d8,cant,1
1930f8,inline,80a8b0b0
19311c,extab,74fa04
1932e8,cant,1
1932f4,inline,80a8b0b0
19330c,inline,80aab0b0
19335c,cant,1
193368,extab,74f9bc
1935b8,cant,1
1935d4,inline,80aab0b0
193634,extab,74fa14
193bdc,cant,1
193be4,inline,80aab0b0
193c50,cant,1
193c58,inline,80acb0b0
193cc8,inline,80aab0b0
193d38,inline,80d0acb0
193f64,inline,80aab0b0
193fcc,extab,74f95c
194128,cant,1
19413c,extab,74f984
1941a8,cant,1
1941cc,extab,74f96c
194228,cant,1
19424c,inline,800facb0
194450,cant,1
194474,inline,8003a8b0
1944b4,cant,1
1944d0,inline,80aab0b0
194550,cant,1
1945cc,inline,8000afb0
194774,inline,80acb0b0
1947c0,cant,1
1947d4,inline,80acb0b0
19484c,inline,80a8b0b0
1948ac,inline,80acb0b0
194a50,cant,1
194a6c,extab,74faf8
194b54,cant,1
194b5c,inline,8000afb0
194f2c,cant,1
194f38,extab,74fb08
195238,cant,1
195240,inline,80aab0b0
195324,cant,1
19532c,inline,800facb0
19561c,inline,80acb0b0
195734,inline,8001acb0
195914,extab,74fac8
1959ac,cant,1
1959c0,extab,74fae8
1959e8,cant,1
195a00,extab,74fad8
195a28,cant,1
195aac,inline,80a8b0b0
195ae0,extab,758158
195c0c,cant,1
195c28,inline,8000adb0
195da8,inline,8001d0ae
195fa4,inline,8006afb0
196204,cant,1
196230,inline,8000adb0
196584,inline,8004afb0
196730,cant,1
19684c,inline,80a8b0b0
196884,inline,80aab0b0
196960,cant,1
196974,inline,8002abb0
196b7c,inline,80aab0b0
196be8,inline,8002adb0
196dc8,inline,80aab0b0
19705c,inline,80a8b0b0
197084,extab,758148
19713c,cant,1
197158,inline,80a8b0b0
197184,cant,1
1971a4,inline,80a8b0b0
197200,cant,1
197248,inline,80a8b0b0
1972a4,extab,7513b0
197b50,cant,1
197b58,inline,80aeb0b0
197c24,inline,80aab0b0
197d00,cant,1
197d0c,inline,80aab0b0
197d7c,extab,751390
197e40,cant,1
197e48,inline,80a8b0b0
197e68,inline,80aab0b0
197eec,inline,80a8b0b0
197f40,extab,7513a0
197fb0,cant,1
197fb8,inline,80a8b0b0
197ffc,inline,80aab0b0
1980e4,inline,80a8b0b0
198124,cant,1
198148,inline,8026adb0
198460,inline,80aab0b0
198548,inline,8025aeb0
198714,inline,80aab0b0
198748,inline,80acb0b0
198ae8,inline,80aab0b0
198b40,inline,80acb0b0
198b9c,cant,1
198bdc,inline,80acb0b0
198c3c,cant,1
198ccc,inline,8009aab0
198d34,inline,80aab0b0
198e44,cant,1
198e50,inline,80a8b0b0
198e78,cant,1
198e80,inline,80a8b0b0
198ea8,cant,1
198eac,inline,80aab0b0
198f1c,cant,1
198f20,inline,80aab0b0
198fa8,cant,1
198fb0,inline,80aab0b0
199020,cant,1
199024,inline,80aab0b0
1990ac,inline,80a8b0b0
1990d8,inline,80aab0b0
199110,inline,80a8b0b0
19913c,inline,80aab0b0
1991a4,extab,74f94c
199284,cant,1
199290,inline,80aab0b0
1994e0,extab,74f91c
199598,cant,1
1995a0,extab,74f90c
19960c,cant,1
199614,inline,80d0a8b0
19964c,extab,74f92c
1996d8,cant,1
1996e0,inline,80aab0b0
199710,extab,74f93c
199798,cant,1
1997a0,inline,80a8b0b0
199838,cant,1
199844,inline,80d0aab0
19992c,inline,80aab0b0
199974,inline,8004d1a9
199af8,inline,80a8b0b0
199b84,cant,1
199b98,inline,8002d0a9
199c00,cant,1
199c20,extab,74fb18
199ca0,cant,1
199cc0,inline,80a8b0b0
199ce0,cant,1
199cfc,inline,80a8b0b0
199d4c,extab,757564
19a1fc,cant,1
19a23c,extab,757554
19a26c,cant,1
19a280,inline,80a8b0b0
19a290,cant,1
19a29c,inline,80aab0b0
19a324,inline,80a8b0b0
19a34c,cant,1
19a358,inline,80aeb0b0
19a44c,inline,80a8b0b0
19a474,cant,1
19a480,inline,80a8b0b0
19a4e0,inline,80acb0b0
19a648,inline,80a8b0b0
19a6ac,inline,80aab0b0
19a750,inline,8013acb0
19ab5c,inline,80aab0b0
19ac4c,cant,1
19ac58,inline,80acb0b0
19adb4,inline,80aab0b0
19ae50,inline,80a8b0b0
19aea0,inline,80aab0b0
19aedc,cant,1
19aee8,inline,80aab0b0
19af24,inline,80acb0b0
19b024,inline,80a8b0b0
19b04c,inline,80aab0b0
19b088,cant,1
19b094,inline,80aab0b0
19b0d0,inline,80acb0b0
19b1a0,inline,80a8b0b0
19b234,extab,751218
19b348,cant,1
19b35c,extab,751208
19b424,cant,1
19b42c,extab,7511f0
19b584,cant,1
19b58c,inline,80a8b0b0
19b740,extab,753b40
19b7a0,cant,1
19b7a8,extab,753b78
19b8c0,cant,1
19b8d8,inline,80048400
19b918,extab,753b98
19ba2c,cant,1
19ba44,extab,753b58
19bb34,cant,1
19bb4c,extab,753b30
19bc00,cant,1
19bc5c,inline,80a8b0b0
19bce8,cant,1
19bd80,extab,753b10
19c8c8,cant,1
19c8d0,extab,753b20
19c9cc,cant,1
19c9d4,extab,753bb8
19cd40,cant,1
19cd48,inline,80a8b0b0
19ce00,cant,1
19ce1c,extab,753bc8
19ceb8,cant,1
19cec0,inline,80a8b0b0
19cf24,extab,753c20
19d028,cant,1
19d030,extab,753be0
19d140,cant,1
19d170,inline,80aab0b0
19d1c8,inline,8003aab0
19d280,inline,80acb0b0
19d310,inline,8003aab0
19d3bc,inline,8004adb0
19d678,inline,8005aab0
19d73c,inline,80aab0b0
19d7d4,cant,1
19d7e0,inline,80aab0b0
19d8c0,extab,753c00
19dc88,cant,1
19dc90,inline,80a8b0b0
19dcbc,inline,8004adb0
19dd98,inline,800baeb0
19de64,extab,753c10
19df58,cant,1
19df60,inline,80a8b0b0
19e014,extab,753e90
19e074,cant,1
19e07c,extab,753ec8
19e1a8,cant,1
19e1c0,inline,80048400
19e200,extab,753ee8
19e330,cant,1
19e348,extab,753ea8
19e4c8,cant,1
19e4e0,extab,753e80
19e58c,cant,1
19e608,extab,753e70
19e708,cant,1
19e710,inline,80a8b0b0
19e754,cant,1
19e770,extab,753f08
19e80c,cant,1
19e814,inline,80a8b0b0
19e878,extab,753f60
19e9c4,cant,1
19e9cc,extab,753f20
19eadc,cant,1
19eb0c,inline,80acb0b0
19ecd8,inline,80aab0b0
19ee00,cant,1
19ee0c,extab,753f40
19f0c4,cant,1
19f0cc,inline,80a8b0b0
19f0f8,inline,8002adb0
19f1d4,inline,80aeb0b0
19f278,extab,753f50
19f39c,cant,1
19f3a4,inline,80a8b0b0
19f3ec,cant,1
19f404,inline,80a8b0b0
19f464,cant,1
19f4d8,extab,754068
19f5d8,cant,1
19f5f8,extab,753fe8
19fd4c,cant,1
19fd84,extab,754048
19fe94,cant,1
19fe9c,inline,80048400
19fedc,cant,1
19fee4,extab,753fb0
1a0024,cant,1
1a0044,inline,80a8b0b0
1a00b0,extab,754078
1a0274,cant,1
1a0284,extab,753fc0
1a043c,cant,1
1a0460,inline,80a8b0b0
1a04c0,extab,754088
1a0690,cant,1
1a06cc,extab,753fd8
1a0740,cant,1
1a0758,inline,80a8b0b0
1a07dc,extab,754058
1a08cc,cant,1
1a08d4,extab,753f70
1a0a24,cant,1
1a0a38,extab,753f98
1a0abc,cant,1
1a0adc,extab,753f80
1a0b58,cant,1
1a0b78,inline,80d0aab0
1a0c44,inline,80a8b0b0
1a0d0c,cant,1
1a0d18,inline,80acb0b0
1a0e1c,inline,80d0aab0
1a0ee4,inline,80d0a8b0
1a0f40,cant,1
1a0f7c,inline,80a8b0b0
1a0fa4,cant,1
1a102c,inline,80d0aab0
1a1068,extab,75169c
1a1178,cant,1
1a1180,extab,7516ac
1a12a8,cant,1
1a12b0,inline,80a8b0b0
1a1314,extab,7516bc
1a147c,cant,1
1a1484,inline,80acb0b0
1a16e8,extab,7516cc
1a17cc,cant,1
1a17ec,inline,80d2acb0
1a19f8,cant,1
1a1a98,extab,7516dc
1a1b80,cant,1
1a1b88,extab,751664
1a1c04,cant,1
1a1c24,extab,75168c
1a1c4c,cant,1
1a1c60,extab,75167c
1a1c88,cant,1
1a1c9c,inline,801eadb0
1a1d40,cant,1
1a1d64,extab,751844
1a1ec0,cant,1
1a1ed8,inline,801daeb0
1a2024,extab,7517fc
1a215c,cant,1
1a217c,extab,7517b4
1a266c,cant,1
1a268c,extab,75174c
1a27ac,cant,1
1a27b4,inline,80aeb0b0
1a28fc,cant,1
1a2908,extab,75175c
1a2980,cant,1
1a2988,extab,75176c
1a29ec,cant,1
1a29f4,extab,751824
1a2ba4,cant,1
1a2bac,extab,75177c
1a2c48,cant,1
1a2c50,extab,75180c
1a2f6c,cant,1
1a2f7c,extab,75178c
1a2fe0,cant,1
1a2fe8,extab,7517ec
1a3098,cant,1
1a30a0,extab,7517d4
1a3390,cant,1
1a33a0,extab,75179c
1a34f0,cant,1
1a35a4,extab,751834
1a3688,cant,1
1a3690,extab,751704
1a37d4,cant,1
1a37f4,extab,751734
1a3854,cant,1
1a3874,extab,75171c
1a38cc,cant,1
1a38ec,inline,80a8b0b0
1a3930,extab,751970
1a3e2c,cant,1
1a3e64,inline,80a8b0b0
1a3ec8,extab,75199c
1a4230,cant,1
1a4250,inline,80a8b0b0
1a42dc,cant,1
1a42f0,extab,751954
1a4398,cant,1
1a43ac,extab,751904
1a4638,cant,1
1a465c,extab,7519cc
1a4978,cant,1
1a4998,extab,751a60
1a4b1c,cant,1
1a4b24,extab,751964
1a4d68,extab,7519dc
1a4fe0,cant,1
1a5000,extab,7518c4
1a530c,cant,1
1a532c,extab,751a0c
1a54f0,cant,1
1a5500,inline,80aab0b0
1a55cc,cant,1
1a55dc,inline,80acb0b0
1a5708,extab,7519f4
1a5a48,cant,1
1a5a50,inline,8001a8b0
1a5acc,cant,1
1a5ad8,inline,80d0acb0
1a5c00,inline,80aab0b0
1a5c24,inline,80a8b0b0
1a5c68,inline,8004afb0
1a5ee0,inline,80aab0b0
1a5fd4,extab,7518b4
1a6128,cant,1
1a6130,extab,7518f4
1a6194,cant,1
1a619c,inline,80a8b0b0
1a61e0,extab,751a54
1a6fe4,extab,751934
1a7348,cant,1
1a7368,extab,751a2c
1a73cc,cant,1
1a73d4,extab,751a3c
1a7550,cant,1
1a7568,extab,751854
1a7744,cant,1
1a7770,extab,751894
1a77b8,cant,1
1a77e4,extab,751874
1a7828,cant,1
1a7854,inline,80a8b0b0
1a79d0,cant,1
1a79d4,inline,80a8b0b0
1a7a7c,extab,752090
1a7ac8,cant,1
1a7ad0,extab,7520d0
1a7c00,cant,1
1a7c18,inline,80aab0b0
1a7c74,cant,1
1a7c7c,inline,80048400
1a7cbc,extab,7520f0
1a7e18,cant,1
1a7eac,extab,7520a8
1a81fc,cant,1
1a8220,extab,752080
1a82c8,cant,1
1a82f8,inline,80aab0b0
1a8394,inline,80acb0b0
1a8410,cant,1
1a8450,extab,752070
1a87a8,cant,1
1a87b0,inline,80a8b0b0
1a882c,cant,1
1a8838,inline,80a8b0b0
1a88d4,extab,750b58
1a89b4,cant,1
1a89bc,extab,750b40
1a8be0,cant,1
1a8bf0,inline,8002a9b0
1a8c6c,extab,750ac8
1a8d40,cant,1
1a8d48,inline,80a8b0b0
1a8d70,cant,1
1a8d7c,extab,750b20
1a9030,cant,1
1a9050,extab,750ad8
1a90c4,cant,1
1a90d8,inline,80a8b0b0
1a9150,inline,80aab0b0
1a91cc,extab,750a88
1a924c,cant,1
1a9254,extab,750af8
1a92b8,cant,1
1a92c0,extab,750ab8
1a9348,cant,1
1a9350,extab,750b08
1a9468,cant,1
1a9478,inline,80aab0b0
1a94b0,extab,750ae8
1a951c,cant,1
1a953c,extab,750a98
1a95a4,cant,1
1a95b4,extab,750aa8
1a965c,cant,1
1a9664,extab,750a78
1a976c,cant,1
1a9780,inline,80a8b0b0
1a9790,extab,754ce8
1a9894,cant,1
1a989c,extab,754cd8
1a98ec,cant,1
1a9900,inline,80aab0b0
1a99c0,extab,754cf8
1a9aa0,cant,1
1a9aa8,inline,80a8b0b0
1a9ae0,extab,754d18
1a9c24,cant,1
1a9c2c,extab,754d08
1a9c7c,cant,1
1a9c90,inline,80aab0b0
1a9e54,inline,80a8b0b0
1a9e94,inline,8003aab0
1a9f28,inline,80a8b0b0
1a9fd4,extab,754d7c
1aa248,inline,80acb0b0
1aa2cc,cant,1
1aa2d0,inline,80d0a8b0
1aa3cc,inline,80acb0b0
1aa448,inline,80aab0b0
1aa484,extab,754d98
1aaaac,cant,1
1aaaec,inline,80acb0b0
1aab60,extab,754e40
1aaff4,cant,1
1ab01c,extab,754e10
1ab3c0,cant,1
1ab41c,extab,754d88
1ab470,cant,1
1ab488,inline,80aab0b0
1ab554,inline,8002afb0
1ab6b8,cant,1
1ab6cc,inline,80d0acb0
1aba9c,inline,80aab0b0
1abaf8,extab,754d28
1abc8c,cant,1
1abca0,extab,754d4c
1abd0c,cant,1
1abd20,extab,754d3c
1abd80,cant,1
1abd94,extab,754e98
1ac22c,cant,1
1ac250,extab,754ea8
1ac684,cant,1
1ac6ac,inline,80a8b0b0
1ac710,cant,1
1ac71c,inline,80a8b0b0
1ac7b8,extab,754f08
1ac968,cant,1
1ac970,inline,80a8b0b0
1ac990,inline,8000abb0
1acaf8,extab,754f50
1acbb8,cant,1
1acbc0,extab,754f60
1acc50,cant,1
1acc5c,extab,754f30
1aced0,cant,1
1acef0,extab,754ee0
1ad1b0,cant,1
1ad1d0,extab,754f70
1ad450,cant,1
1ad4f8,inline,80aab0b0
1ad55c,cant,1
1ad574,inline,80aab0b0
1ad610,extab,754f18
1ad750,cant,1
1ad758,extab,754ed0
1ad848,cant,1
1ad85c,inline,80a8b0b0
1ad86c,cant,1
1ad8b4,inline,80aab0b0
1ad930,inline,80a8b0b0
1ada08,extab,755080
1adbd8,cant,1
1adbf0,inline,80a8b0b0
1adc1c,inline,8000abb0
1add48,inline,8000adb0
1addf0,extab,7550dc
1aded4,cant,1
1adedc,inline,80048400
1adf1c,cant,1
1adf34,extab,75510c
1adfc4,cant,1
1adfd0,extab,7550ec
1ae1d0,cant,1
1ae1f0,extab,755058
1ae4b4,cant,1
1ae4d4,extab,75511c
1ae750,cant,1
1ae7c0,inline,80d0aab0
1ae86c,cant,1
1ae8b8,extab,755090
1aee44,cant,1
1aee70,inline,80aab0b0
1aef04,inline,80a8b0b0
1aef74,cant,1
1aef80,extab,7550d0
1af258,extab,755020
1af7e8,cant,1
1af7f8,inline,80a8b0b0
1af824,extab,754fd0
1af940,cant,1
1af954,extab,754ff0
1af984,cant,1
1af998,extab,754fe0
1af9c8,cant,1
1af9dc,inline,80aab0b0
1afa38,cant,1
1afa54,inline,80a8b0b0
1afa8c,cant,1
1afad4,inline,80aab0b0
1afb30,inline,80a8b0b0
1afbd8,extab,75518c
1afcd0,cant,1
1afcdc,extab,7551fc
1afd94,cant,1
1afd9c,extab,7551d4
1affcc,cant,1
1afff4,extab,75520c
1b0240,cant,1
1b0284,extab,75519c
1b02d8,cant,1
1b02e0,inline,80aab0b0
1b033c,cant,1
1b0348,extab,75517c
1b0400,cant,1
1b0408,extab,7551ac
1b0498,cant,1
1b04b0,extab,7551bc
1b05ec,cant,1
1b05f4,extab,75516c
1b0654,cant,1
1b0668,inline,80a8b0b0
1b0678,inline,80aab0b0
1b06f4,inline,80a8b0b0
1b0760,extab,7512f8
1b0814,cant,1
1b083c,extab,7512e8
1b08e8,cant,1
1b08f0,inline,80acb0b0
1b0ad0,cant,1
1b0af8,extab,7512c8
1b0c5c,cant,1
1b0c64,inline,80a8b0b0
1b0cfc,extab,751318
1b0ee8,cant,1
1b0ef8,inline,80a8b0b0
1b0f4c,cant,1
1b0f58,inline,80aab0b0
1b0fd0,inline,80a8b0b0
1b1014,inline,80aab0b0
1b1068,inline,80a8b0b0
1b10a8,extab,752834
1b1150,cant,1
1b11a0,extab,75289c
1b1374,cant,1
1b1388,extab,75284c
1b1498,cant,1
1b14b0,extab,75288c
1b1520,cant,1
1b1528,extab,75286c
1b162c,cant,1
1b163c,inline,80a8b0b0
1b166c,cant,1
1b16b4,extab,7528bc
1b1888,cant,1
1b189c,extab,7528ac
1b190c,cant,1
1b1914,inline,80a8b0b0
1b1944,cant,1
1b198c,extab,752aac
1b1b60,cant,1
1b1b74,extab,752a9c
1b1be4,cant,1
1b1bec,inline,80a8b0b0
1b1c1c,extab,752b1c
1b1cc4,cant,1
1b1d14,extab,752b8c
1b1ee8,cant,1
1b1efc,extab,752b34
1b2040,cant,1
1b2064,extab,752b7c
1b20d4,cant,1
1b20dc,extab,752b5c
1b21e0,cant,1
1b21f0,inline,80a8b0b0
1b2220,cant,1
1b2268,extab,752c70
1b243c,cant,1
1b2450,extab,752c60
1b24c0,cant,1
1b24c8,inline,80a8b0b0
1b24f8,extab,752c80
1b25a0,cant,1
1b25f0,extab,752cf0
1b27c4,cant,1
1b27d8,extab,752c98
1b291c,cant,1
1b2940,extab,752ce0
1b29b0,cant,1
1b29b8,extab,752cc0
1b2abc,cant,1
1b2acc,inline,80a8b0b0
1b2afc,cant,1
1b2b14,inline,80a8b0b0
1b2b74,extab,753cb0
1b2c5c,cant,1
1b2c64,extab,753ce0
1b2d64,cant,1
1b2d84,extab,753c40
1b323c,cant,1
1b3264,extab,753ca0
1b334c,cant,1
1b3354,extab,753cc0
1b3474,cant,1
1b3490,extab,753c90
1b350c,cant,1
1b3514,inline,80a8b0b0
1b3568,extab,753cd0
1b3658,cant,1
1b3660,extab,753c30
1b36f8,cant,1
1b370c,inline,80a8b0b0
1b3790,cant,1
1b37a8,inline,80a8b0b0
1b3808,extab,753d70
1b38f0,cant,1
1b38f8,extab,753da0
1b39f8,cant,1
1b3a18,extab,753d00
1b3ed8,cant,1
1b3f00,extab,753d60
1b3fe8,cant,1
1b3ff0,extab,753d80
1b4108,cant,1
1b4124,extab,753d50
1b41a0,cant,1
1b41a8,inline,80a8b0b0
1b41fc,extab,753d90
1b42ec,cant,1
1b42f4,extab,753cf0
1b438c,cant,1
1b43a0,inline,80a8b0b0
1b4444,cant,1
1b445c,inline,80a8b0b0
1b44bc,extab,753e30
1b45a4,cant,1
1b45ac,extab,753e60
1b46ac,cant,1
1b46cc,extab,753dc0
1b4b8c,cant,1
1b4bb4,extab,753e20
1b4c9c,cant,1
1b4ca4,extab,753e40
1b4dbc,cant,1
1b4dd8,extab,753e10
1b4e54,cant,1
1b4e5c,inline,80a8b0b0
1b4eb0,extab,753e50
1b4fa0,cant,1
1b4fa8,extab,753db0
1b5040,cant,1
1b5054,inline,80a8b0b0
1b50d4,cant,1
1b50e4,inline,80a8b0b0
1b5244,cant,1
1b524c,inline,80aab0b0
1b52e4,extab,754118
1b5690,cant,1
1b56d0,inline,80aab0b0
1b5720,extab,754098
1b57a0,cant,1
1b57a8,extab,7540c8
1b5828,cant,1
1b5830,inline,80aab0b0
1b5908,extab,7540f8
1b5988,cant,1
1b5990,extab,7540e8
1b5a10,cant,1
1b5a24,extab,7540b8
1b5aa4,cant,1
1b5aac,extab,7540a8
1b5b2c,cant,1
1b5b34,extab,7540d8
1b5bb4,cant,1
1b5bbc,extab,754108
1b5cdc,cant,1
1b5ce4,inline,80a8b0b0
1b5d54,extab,754160
1b5e88,cant,1
1b5e90,inline,80aab0b0
1b5f2c,inline,80a8b0b0
1b5fcc,cant,1
1b5fd0,extab,7505f8
1b6134,cant,1
1b613c,extab,7505d8
1b61e0,cant,1
1b61f8,inline,80acb0b0
1b62ec,inline,800baeb0
1b653c,inline,8010abb0
1b6638,extab,7504b0
1b692c,cant,1
1b6944,extab,750478
1b6db0,cant,1
1b6dcc,extab,750590
1b6f24,cant,1
1b6f2c,extab,750560
1b7160,cant,1
1b7170,inline,80aab0b0
1b71ac,extab,750608
1b7278,cant,1
1b730c,extab,7505e8
1b73e4,cant,1
1b73ec,inline,80aab0b0
1b7444,cant,1
1b745c,inline,80acb0b0
1b74b4,cant,1
1b74f8,extab,750618
1b7614,cant,1
1b761c,extab,7505a8
1b7868,cant,1
1b7888,extab,750500
1b815c,cant,1
1b817c,extab,7504f0
1b8210,cant,1
1b8224,inline,80a8b0b0
1b8234,cant,1
1b8254,inline,80a8b0b0
1b8294,inline,80d0a8b0
1b8410,cant,1
1b8478,inline,80a8b0b0
1b84b8,cant,1
1b84bc,inline,80aab0b0
1b853c,inline,80acb0b0
1b86ec,inline,80aab0b0
1b8838,cant,1
1b88d0,extab,751ad0
1b8a24,cant,1
1b8a3c,inline,80aab0b0
1b8d68,extab,751a70
1b8de0,cant,1
1b8df4,extab,751ab0
1b8ec4,cant,1
1b8ecc,extab,751aa0
1b8f4c,cant,1
1b8f54,extab,751a80
1b8fc0,cant,1
1b8fc8,extab,751a90
1b9038,cant,1
1b9040,inline,80aab0b0
1b90e0,extab,751ac0
1b9274,cant,1
1b927c,inline,80a8b0b0
1b92a8,inline,80aab0b0
1b9404,extab,751af0
1b956c,cant,1
1b9574,inline,80d0aab0
1b9664,inline,80aab0b0
1b9718,inline,80a8b0b0
1b9728,extab,751e40
1b9838,cant,1
1b9860,extab,751e50
1b98e8,cant,1
1b98f0,extab,751e28
1b9ae8,cant,1
1b9af0,inline,80a8b0b0
1b9b7c,extab,752048
1b9cf0,cant,1
1b9d10,extab,752060
1b9e3c,cant,1
1b9e50,inline,80a8b0b0
1b9e80,inline,80acb0b0
1b9f74,inline,80a8b0b0
1ba008,inline,80acb0b0
1ba244,inline,80a8b0b0
1ba290,inline,80acb0b0
1ba408,cant,1
1ba414,inline,80aab0b0
1ba620,inline,80d0aab0
1ba700,inline,80d1aab0
1ba79c,inline,80aab0b0
1ba98c,inline,80a8b0b0
1baa1c,inline,80aab0b0
1baab8,inline,80acb0b0
1bab50,extab,752d00
1babb4,cant,1
1babc8,inline,80a8b0b0
1babd8,inline,8000a9b0
1bac40,inline,80d0a8b0
1bacf4,inline,80a8b0b0
1bad30,cant,1
1bad50,inline,80aab0b0
1bad8c,cant,1
1badbc,inline,80a8b0b0
1bae1c,extab,752d74
1bb164,cant,1
1bb16c,inline,8001d0aa
1bb20c,inline,80a8b0b0
1bb254,cant,1
1bb25c,inline,80a8b0b0
1bb2f8,extab,750880
1bb3b8,cant,1
1bb3c0,extab,750870
1bb490,cant,1
1bb4a4,inline,80aab0b0
1bb514,inline,80a8b0b0
1bb524,extab,750860
1bb5a8,cant,1
1bb5b0,inline,80a8b0b0
1bb63c,extab,7521f0
1bb814,cant,1
1bb824,inline,80aab0b0
1bb8a4,cant,1
1bb8b0,inline,80a8b0b0
1bb9d0,extab,752240
1bbbc0,cant,1
1bbbd4,inline,80acb0b0
1bbd2c,extab,752208
1bbeec,cant,1
1bbf0c,inline,80a8b0b0
1bbfdc,extab,755b20
1bc0bc,cant,1
1bc0c8,extab,755ad8
1bc12c,cant,1
1bc16c,inline,80a8b0b0
1bc190,cant,1
1bc194,extab,755ac0
1bc1e0,cant,1
1bc200,extab,755b08
1bc234,cant,1
1bc254,extab,755af0
1bc288,cant,1
1bc2a8,inline,80aab0b0
1bc5c4,inline,80a8b0b0
1bc61c,cant,1
1bc630,inline,80a8b0b0
1bc720,cant,1
1bc724,inline,80a8b0b0
1bc814,cant,1
1bc878,inline,80a8b0b0
1bc8a8,inline,80aab0b0
1bc8e0,inline,80d0aeb0
1bca38,inline,80a8b0b0
1bca84,inline,80aab0b0
1bcbe0,cant,1
1bcbf4,extab,756ac0
1bcce0,cant,1
1bcce8,extab,756acc
1bcdd4,cant,1
1bcddc,extab,756ab4
1bcec8,cant,1
1bcef0,extab,756aa8
1bcfdc,cant,1
1bcfe4,extab,756ad8
1bd0d0,inline,80d1aeb0
1bd258,inline,80aab0b0
1bd328,inline,80d1acb0
1bd3f4,inline,80d0aab0
1bd460,inline,80acb0b0
1bd4c8,inline,80aab0b0
1bd5a4,inline,80a8b0b0
1bd688,inline,80aab0b0
1bd6e8,cant,1
1bd704,inline,80aeb0b0
1bd860,inline,8000adb0
1bd900,cant,1
1bd91c,inline,80a8b0b0
1bd9ac,inline,80acb0b0
1bdc18,inline,80a8b0b0
1bdcb0,inline,80acb0b0
1bde64,inline,80aab0b0
1bdee8,inline,80acb0b0
1bdf50,cant,1
1bdf68,inline,80a8b0b0
1be02c,inline,80acb0b0
1be0ec,inline,80a8b0b0
1be11c,cant,1
1be128,inline,80acb0b0
1be1b4,inline,80aab0b0
1be2d0,inline,80d0acb0
1be388,cant,1
1be3b4,inline,80d2acb0
1be4b4,inline,80acb0b0
1be51c,inline,80aab0b0
1be59c,inline,80a8b0b0
1be5e0,inline,80aab0b0
1be628,cant,1
1be640,inline,80a8b0b0
1be698,inline,80acb0b0
1be740,cant,1
1be74c,extab,7555b8
1bebec,cant,1
1bec00,extab,755570
1bec94,cant,1
1becc0,extab,755590
1bed18,cant,1
1bed58,extab,7512b8
1bee44,cant,1
1bee80,inline,80048400
1beeb8,extab,751288
1bf1a0,cant,1
1bf1c0,extab,751268
1bf5b4,cant,1
1bf5e4,inline,8008d1ab
1bf7b0,extab,7512a8
1bf844,cant,1
1bf84c,inline,80a8b0b0
1bf900,extab,75764c
1bf96c,cant,1
1bf974,extab,75763c
1bf9d0,cant,1
1bf9d8,extab,7576a4
1bfc2c,cant,1
1bfc34,extab,757674
1bffb4,cant,1
1bffbc,extab,75765c
1c01a0,cant,1
1c01cc,inline,80a8b0b0
1c0350,cant,1
1c0354,extab,7576b4
1c04f4,cant,1
1c0520,inline,80a8b0b0
1c064c,inline,80aeb0b0
1c079c,inline,80a8b0b0
1c0814,cant,1
1c0844,extab,752350
1c0970,cant,1
1c0978,inline,80aab0b0
1c09e8,cant,1
1c09f4,extab,752328
1c0ae0,cant,1
1c0b00,inline,80a8b0b0
1c0b50,extab,7523d8
1c0dcc,cant,1
1c0ddc,extab,7523a8
1c0f98,cant,1
1c0fa0,inline,80aab0b0
1c0fe4,cant,1
1c0ff0,extab,7523b8
1c1198,cant,1
1c11a0,extab,7523c8
1c139c,cant,1
1c13a4,inline,80aab0b0
1c148c,extab,752398
1c1564,cant,1
1c156c,extab,752360
1c15f4,cant,1
1c1614,extab,752388
1c163c,cant,1
1c1650,extab,752378
1c1678,cant,1
1c168c,inline,800facb0
1c1e94,inline,80a8b0b0
1c1eb4,cant,1
1c1ed0,extab,752418
1c1f78,cant,1
1c1f80,inline,80a8b0b0
1c1fc4,inline,80acb0b0
1c2038,inline,80a8b0b0
1c2124,inline,80acb0b0
1c2760,inline,80a8b0b0
1c29a4,cant,1
1c2a10,extab,752438
1c2a74,cant,1
1c2a88,extab,752428
1c2b30,cant,1
1c2b38,inline,80aab0b0
1c2cc4,inline,800aabb0
1c2f9c,inline,80a8b0b0
1c2fec,inline,80acb0b0
1c3098,inline,80aab0b0
1c3228,inline,80acb0b0
1c349c,extab,752448
1c3664,cant,1
1c366c,inline,80acb0b0
1c3884,inline,8000adb0
1c3a64,cant,1
1c3a70,inline,80aab0b0
1c3b70,inline,80acb0b0
1c3cec,inline,80a8b0b0
1c3d34,extab,7524e8
1c3d94,cant,1
1c3d9c,extab,752500
1c3e64,cant,1
1c3e7c,inline,80aab0b0
1c3efc,extab,752520
1c4220,cant,1
1c4228,inline,80aeb0b0
1c437c,inline,80aab0b0
1c447c,inline,80acb0b0
1c4590,inline,80aab0b0
1c4740,cant,1
1c474c,inline,80aab0b0
1c47cc,inline,80a8b0b0
1c4840,inline,80acb0b0
1c4998,inline,80a8b0b0
1c49dc,extab,752624
1c4a3c,cant,1
1c4a44,extab,75263c
1c4b0c,cant,1
1c4b24,inline,80aab0b0
1c4b6c,extab,75267c
1c4e60,cant,1
1c4e68,inline,80aeb0b0
1c4fb0,extab,752614
1c50ec,cant,1
1c50f4,inline,80aab0b0
1c513c,inline,80acb0b0
1c52e0,extab,75265c
1c53d0,cant,1
1c53f4,inline,80aab0b0
1c54f4,inline,80acb0b0
1c55c4,inline,80a8b0b0
1c5608,cant,1
1c5614,inline,80a8b0b0
1c5680,inline,80048400
1c56c0,extab,7526b4
1c5c68,cant,1
1c5c88,extab,7526a4
1c5d84,cant,1
1c5dc0,extab,752694
1c66a4,cant,1
1c66ac,inline,80a8b0b0
1c6748,cant,1
1c6750,inline,80a8b0b0
1c6760,cant,1
1c6764,inline,80acb0b0
1c67d8,cant,1
1c67e0,inline,80aab0b0
1c6810,cant,1
1c6824,inline,80aab0b0
1c6848,extab,752794
1c6a7c,cant,1
1c6a84,inline,80aab0b0
1c6b1c,cant,1
1c6b24,extab,752784
1c6b60,cant,1
1c6b74,inline,80a8b0b0
1c6bf0,inline,80048400
1c6c30,inline,80aab0b0
1c6ca4,extab,7527e4
1c6d5c,cant,1
1c6d98,inline,80a8b0b0
1c6dcc,cant,1
1c6dfc,extab,7527f4
1c6e2c,cant,1
1c6e40,inline,80a8b0b0
1c6e50,cant,1
1c6e5c,extab,7576cc
1c7258,cant,1
1c7260,inline,8000a9b0
1c72f0,extab,757700
1c77f4,cant,1
1c77fc,inline,8000a9b0
1c784c,cant,1
1c7870,extab,7576e8
1c79ec,cant,1
1c79f4,inline,80aab0b0
1c7a58,cant,1
1c7a68,inline,80aab0b0
1c7ae0,cant,1
1c7aec,extab,74f7e4
1c7c34,inline,80acb0b0
1c7d24,cant,1
1c7d44,inline,80a8b0b0
1c7d88,inline,80acb0b0
1c7e34,inline,80a8b0b0
1c7e50,cant,1
1c7e8c,inline,80acb0b0
1c8050,cant,1
1c8054,inline,80aab0b0
1c810c,cant,1
1c8110,inline,80a8b0b0
1c813c,cant,1
1c8140,inline,80a8b0b0
1c8190,cant,1
1c819c,inline,80a8b0b0
1c81e0,cant,1
1c81e8,inline,80a8b0b0
1c824c,extab,751ffc
1c866c,cant,1
1c868c,extab,752030
1c8878,cant,1
1c8888,inline,80a8b0b0
1c8938,cant,1
1c8944,inline,80aab0b0
1c8a2c,extab,752024
1c8c04,inline,80acb0b0
1c8d18,inline,80aab0b0
1c8d74,inline,80a8b0b0
1c8e5c,extab,752120
1c8ec4,cant,1
1c8ecc,extab,752158
1c8fc4,cant,1
1c8fe4,inline,80048400
1c9024,extab,752178
1c911c,cant,1
1c913c,extab,752138
1c92ac,cant,1
1c92c4,extab,752110
1c9378,cant,1
1c93b0,inline,8002d0a9
1c9464,inline,80a8b0b0
1c94f8,extab,752d30
1c975c,cant,1
1c9764,inline,80acb0b0
1c9a14,cant,1
1c9a20,inline,80a8b0b0
1c9a64,extab,752198
1c9ad0,cant,1
1c9ad8,inline,80aab0b0
1c9b74,inline,80a8b0b0
1c9bc8,extab,7521c8
1c9c60,cant,1
1c9c68,inline,80a8b0b0
1c9ca8,cant,1
1c9cb4,extab,7521b8
1c9d40,cant,1
1c9d48,inline,80a8b0b0
1c9df0,extab,7521a8
1c9e8c,cant,1
1c9e94,inline,80d0aab0
1c9f40,inline,80a8b0b0
1c9fe8,extab,7521d8
1ca1b8,cant,1
1ca1c0,inline,80a8b0b0
1ca210,cant,1
1ca21c,inline,80aab0b0
1ca2a8,inline,80a8b0b0
1ca2fc,inline,80aab0b0
1ca350,inline,80a8b0b0
1ca398,inline,8003a8b0
1ca400,cant,1
1ca41c,inline,80a8b0b0
1ca444,extab,7543a8
1ca584,cant,1
1ca590,extab,754398
1ca6c0,cant,1
1ca6d4,extab,754370
1ca754,cant,1
1ca768,extab,754330
1ca7f8,cant,1
1ca81c,extab,754360
1ca888,cant,1
1ca8a0,extab,754348
1ca938,cant,1
1ca940,extab,754380
1caa34,cant,1
1caa5c,inline,80a8b0b0
1caaa0,cant,1
1caac8,inline,80a8b0b0
1cab34,cant,1
1cab40,inline,80aab0b0
1cabe0,inline,80a8b0b0
1cac54,extab,754438
1cacd0,cant,1
1cacd8,extab,754488
1caeb4,cant,1
1caedc,extab,7544b0
1cb0fc,cant,1
1cb140,inline,80d0aab0
1cb1e0,extab,754448
1cb734,cant,1
1cb760,inline,80aab0b0
1cb7f4,inline,80a8b0b0
1cb880,inline,80acb0b0
1cbad0,extab,754410
1cbd40,cant,1
1cbd48,inline,80a8b0b0
1cbd6c,cant,1
1cbd94,extab,7543c0
1cbe10,cant,1
1cbe24,extab,7543e0
1cbe54,cant,1
1cbe68,extab,7543d0
1cbe98,cant,1
1cbef4,extab,754a58
1cc7e0,cant,1
1cc7f4,extab,754a4c
1cca1c,extab,754a3c
1ccc88,cant,1
1ccc90,inline,80a8b0b0
1cccbc,inline,80aeb0b0
1cceac,inline,80aab0b0
1ccf0c,inline,80a8b0b0
1ccf34,cant,1
1ccf7c,extab,754a84
1cd874,cant,1
1cd888,extab,754a78
1cdab0,extab,754a68
1cdd34,cant,1
1cdd3c,inline,80a8b0b0
1cdd68,cant,1
1cdd6c,inline,80aeb0b0
1cdf5c,inline,80acb0b0
1ce00c,inline,80a8b0b0
1ce034,cant,1
1ce07c,extab,754ab4
1ce5e4,cant,1
1ce5f8,inline,80a8b0b0
1ce624,cant,1
1ce628,inline,80aab0b0
1ce688,extab,754a94
1ce8f8,cant,1
1ce918,inline,80a8b0b0
1ce940,cant,1
1ce988,extab,754ae4
1cef10,cant,1
1cef24,inline,80a8b0b0
1cef50,cant,1
1cef54,inline,80acb0b0
1cf004,extab,754ac4
1cf28c,cant,1
1cf2ac,inline,80a8b0b0
1cf2d4,cant,1
1cf330,inline,80a8b0b0
1cf368,inline,80aab0b0
1cf40c,cant,1
1cf418,inline,80a8b0b0
1cf460,extab,754bf8
1cf828,cant,1
1cf830,inline,80a8b0b0
1cf858,cant,1
1cf85c,extab,754c08
1cf8cc,cant,1
1cf8d4,inline,80a8b0b0
1cf908,inline,80d0aab0
1cf97c,inline,80d2acb0
1cfa94,inline,80acb0b0
1cfb60,cant,1
1cfb6c,extab,754c28
1cff40,cant,1
1cff6c,inline,80aeb0b0
1d0010,inline,8000abb0
1d0064,cant,1
1d0080,inline,80d0aab0
1d00e0,inline,80a8b0b0
1d00fc,inline,80aab0b0
1d01c4,inline,8000abb0
1d0244,inline,8003acb0
1d0300,inline,80a8b0b0
1d036c,extab,754c18
1d03c0,cant,1
1d03d4,inline,80a8b0b0
1d03e4,inline,80acb0b0
1d045c,cant,1
1d04a4,inline,80acb0b0
1d0644,extab,754c70
1d0b24,cant,1
1d0b68,inline,80aeb0b0
1d0c0c,inline,8000abb0
1d0c78,cant,1
1d0ca0,inline,80acb0b0
1d0ddc,inline,8000adb0
1d0ea8,inline,80aab0b0
1d0f68,extab,754c60
1d0fc0,cant,1
1d0fd4,inline,80a8b0b0
1d0fe4,cant,1
1d100c,inline,80a8b0b0
1d1044,inline,80aab0b0
1d10f4,cant,1
1d1100,inline,80aab0b0
1d118c,inline,80a8b0b0
1d11d0,inline,80aab0b0
1d12d0,inline,80a8b0b0
1d1334,inline,80aab0b0
1d13a8,inline,80a8b0b0
1d13e8,cant,1
1d1448,inline,80aab0b0
1d14e0,extab,755798
1d1b28,cant,1
1d1bc0,inline,80a8b0b0
1d1bfc,extab,7556a8
1d1c68,cant,1
1d1c70,extab,755658
1d1cdc,cant,1
1d1ce4,extab,755738
1d1d50,cant,1
1d1d70,extab,755758
1d1e60,cant,1
1d1e68,extab,7556b8
1d1ed4,cant,1
1d1edc,inline,80aab0b0
1d2080,extab,755748
1d20ec,cant,1
1d20f4,extab,755718
1d2160,cant,1
1d2168,extab,755728
1d21d4,cant,1
1d21dc,extab,755698
1d2240,cant,1
1d2248,extab,755668
1d22b4,cant,1
1d22c8,extab,755638
1d2334,cant,1
1d233c,extab,7556e8
1d23a8,cant,1
1d23b0,extab,755648
1d241c,cant,1
1d2424,extab,755678
1d2490,cant,1
1d2498,extab,755628
1d2504,cant,1
1d250c,extab,755688
1d2578,cant,1
1d2580,extab,7556c8
1d25ec,cant,1
1d25f4,extab,7556d8
1d2660,cant,1
1d2668,extab,755768
1d2750,cant,1
1d2758,extab,755778
1d2840,cant,1
1d2848,extab,7556f8
1d28b4,cant,1
1d28bc,extab,755708
1d2928,cant,1
1d2930,extab,755788
1d2a54,cant,1
1d2a5c,inline,80a8b0b0
1d2ad8,extab,755838
1d2c18,cant,1
1d2c20,inline,80aab0b0
1d2db8,inline,80a8b0b0
1d2dc8,inline,8000abb0
1d2e28,inline,80a8b0b0
1d2e5c,inline,8000a9b0
1d2ea4,extab,755dfc
1d2f88,cant,1
1d2f90,inline,8011a8b0
1d3094,extab,755e0c
1d3174,cant,1
1d3180,extab,755d2c
1d3208,cant,1
1d326c,extab,755dec
1d32f8,cant,1
1d3300,extab,755dcc
1d344c,cant,1
1d3464,extab,755dbc
1d34d8,cant,1
1d34e0,extab,755e1c
1d3610,cant,1
1d361c,extab,755cfc
1d368c,cant,1
1d36d0,extab,755d8c
1d3728,cant,1
1d376c,extab,755d5c
1d37c4,cant,1
1d3808,inline,800cd0ab
1d391c,extab,755e8c
1d3b9c,cant,1
1d3bb4,inline,80acb0b0
1d3c08,inline,80a8b0b0
1d3cb0,extab,755e3c
1d3d30,cant,1
1d3d5c,extab,755e7c
1d3fb0,cant,1
1d3fc4,extab,755e6c
1d4094,cant,1
1d409c,inline,80a8b0b0
1d412c,inline,80aeb0b0
1d41a4,extab,755e2c
1d420c,cant,1
1d4220,extab,755e5c
1d4258,cant,1
1d426c,extab,755e4c
1d42a4,cant,1
1d42b8,inline,8001a8b0
1d4318,inline,8003acb0
1d4474,inline,80a8b0b0
1d4510,inline,800bacb0
1d4680,cant,1
1d4684,inline,80a8b0b0
1d46e8,inline,80aab0b0
1d482c,cant,1
1d4844,inline,8003acb0
1d494c,extab,755b8c
1d4aec,cant,1
1d4af4,inline,80acb0b0
1d4c94,inline,80aab0b0
1d4d90,inline,80a8b0b0
1d4e88,inline,8003acb0
1d4f80,inline,80aab0b0
1d5124,cant,1
1d5130,inline,8005a8b0
1d5180,inline,8001a8b0
1d51a8,cant,1
1d5248,extab,755bac
1d52dc,cant,1
1d52e4,extab,755b7c
1d5370,cant,1
1d5378,inline,80aab0b0
1d5564,inline,80a8b0b0
1d55ec,extab,755b9c
1d5674,cant,1
1d567c,inline,8003acb0
1d5798,inline,80aab0b0
1d582c,inline,80a8b0b0
1d583c,inline,80d0a8b0
1d59ac,inline,80a8b0b0
1d59e8,cant,1
1d59ec,inline,80a8b0b0
1d5a14,cant,1
1d5a30,extab,75679c
1d5b34,cant,1
1d5b3c,inline,80a8b0b0
1d5b64,inline,80aab0b0
1d5c44,cant,1
1d5c68,inline,80a8b0b0
1d5ce8,inline,80aab0b0
1d5d64,inline,80a8b0b0
1d5da8,inline,8000abb0
1d5e94,inline,8010adb0
1d6014,inline,80a8b0b0
1d6060,cant,1
1d606c,inline,8003aab0
1d60e0,inline,80aeb0b0
1d6290,inline,80acb0b0
1d632c,cant,1
1d6384,inline,80aab0b0
1d6488,inline,80a8b0b0
1d6498,cant,1
1d64c0,extab,7569bc
1d6544,cant,1
1d6558,inline,80a8b0b0
1d6568,inline,80d0aeb0
1d6650,inline,80a8b0b0
1d6690,inline,80aeb0b0
1d6710,inline,80aab0b0
1d6774,cant,1
1d67a0,inline,80aab0b0
1d67f8,inline,80d1acb0
1d68c4,inline,80d0aab0
1d6930,inline,80acb0b0
1d6998,inline,80aab0b0
1d6a0c,inline,80a8b0b0
1d6a5c,inline,80aeb0b0
1d6ae0,inline,80a8b0b0
1d6b20,inline,80aab0b0
1d6bf8,inline,80a8b0b0
1d6c0c,inline,8007aeb0
1d6ce4,inline,80a8b0b0
1d6d40,inline,80d0a8b0
1d6df8,extab,756b48
1d7298,cant,1
1d72b4,inline,80a8b0b0
1d72f0,inline,80aeb0b0
1d7390,extab,756b60
1d75cc,cant,1
1d75e0,extab,756b70
1d7f9c,cant,1
1d7fac,extab,756b14
1d8718,cant,1
1d8740,inline,80aeb0b0
1d882c,inline,8002d1af
1d8a3c,inline,80aeb0b0
1d8ac8,inline,80a8b0b0
1d8b00,cant,1
1d8b2c,extab,756ae4
1d8bc4,cant,1
1d8bd8,extab,756b04
1d8c10,cant,1
1d8c24,extab,756af4
1d8c5c,cant,1
1d8c78,extab,750d04
1d8d30,cant,1
1d8d38,inline,80a8b0b0
1d8d50,extab,750cf4
1d8eac,cant,1
1d8eb4,inline,80048400
1d8ef4,cant,1
1d8f54,extab,750d14
1d908c,cant,1
1d909c,extab,750ca8
1d9264,cant,1
1d9288,inline,80a8b0b0
1d92f8,extab,750d24
1d94c8,cant,1
1d94d0,extab,750cc8
1d9af8,cant,1
1d9b08,inline,80a8b0b0
1d9b40,inline,80aab0b0
1d9ba4,cant,1
1d9bac,extab,750c70
1d9cd4,cant,1
1d9cf4,extab,750c98
1d9d1c,cant,1
1d9d30,extab,750c88
1d9d58,cant,1
1d9d6c,inline,80d0acb0
1d9f58,cant,1
1d9f68,inline,80d0a8b0
1d9ff0,inline,8009aeb0
1da288,inline,80aab0b0
1da420,inline,80a8b0b0
1da498,inline,80aab0b0
1da534,inline,8008adb0
1da7a8,extab,755550
1dad18,cant,1
1dad20,inline,8000d1ad
1daf28,cant,1
1daf34,inline,80aab0b0
1dafd0,inline,8000a9b0
1db080,inline,8001d1ac
1db1c8,inline,80aab0b0
1db24c,inline,8001d1ac
1db388,cant,1
1db38c,inline,80aab0b0
1db3dc,cant,1
1db3f0,inline,80aab0b0
1db458,cant,1
1db474,inline,80a8b0b0
1db490,inline,80acb0b0
1db520,inline,80aab0b0
1db55c,inline,8002a9b0
1db618,inline,80aab0b0
1db6c8,extab,755540
1db72c,cant,1
1db740,inline,80a8b0b0
1db7b0,extab,751258
1db8ac,cant,1
1db8b4,extab,751230
1dbadc,cant,1
1dbc44,inline,80aeb0b0
1dc27c,extab,751248
1dc324,cant,1
1dc32c,inline,80a8b0b0
1dc390,extab,757718
1dc48c,cant,1
1dc4a0,inline,80a8b0b0
1dc510,cant,1
1dc514,inline,80aab0b0
1dc618,cant,1
1dc65c,extab,755a88
1dc838,cant,1
1dc858,inline,80a8b0b0
1dc868,extab,755ab0
1dc8d8,cant,1
1dc8f4,inline,80a8b0b0
1dc924,inline,80d0aab0
1dc9f0,inline,80a8b0b0
1dca88,cant,1
1dca98,inline,80acb0b0
1dcb9c,inline,80d0aab0
1dcc64,inline,80d0a8b0
1dccc0,extab,751bd0
1dd550,cant,1
1dd570,extab,751bf0
1dd6f0,cant,1
1dd710,inline,8000afb0
1dd82c,cant,1
1dd868,inline,80a8b0b0
1dd8a0,inline,80d0aab0
1dd96c,inline,80a8b0b0
1dda04,cant,1
1dda14,inline,80acb0b0
1ddb18,inline,80d0aab0
1ddbe0,inline,80d0a8b0
1ddc3c,inline,80acb0b0
1ddc80,extab,751c70
1dddc0,cant,1
1dddc8,extab,751c80
1ddf48,cant,1
1ddfa4,inline,80a8b0b0
1ddfdc,extab,752470
1de03c,cant,1
1de044,inline,80aab0b0
1de0a4,extab,752488
1de16c,cant,1
1de184,inline,80aab0b0
1de28c,extab,7524d8
1de598,cant,1
1de5a0,inline,80aab0b0
1de624,extab,7524c8
1de760,cant,1
1de768,inline,80aab0b0
1de7ec,extab,7524a8
1de90c,cant,1
1de924,inline,80aab0b0
1dea74,cant,1
1dea80,inline,80aab0b0
1deb04,inline,80acb0b0
1deb70,inline,80a8b0b0
1deb98,extab,7526f4
1debf8,cant,1
1dec00,extab,75270c
1decc8,cant,1
1dece0,inline,80aab0b0
1ded70,extab,75276c
1df06c,cant,1
1df07c,extab,75274c
1df1b8,cant,1
1df1c0,inline,80aab0b0
1df250,extab,75272c
1df370,cant,1
1df394,extab,7526d4
1df440,cant,1
1df448,extab,7526e4
1df848,cant,1
1df850,extab,75275c
1df90c,cant,1
1df914,inline,80a8b0b0
1df944,extab,7527bc
1dfc84,cant,1
1dfca8,inline,80a8b0b0
1dfcd0,cant,1
1dfcdc,inline,80a8b0b0
1dfd04,cant,1
1dfd14,inline,80a8b0b0
1dfd78,cant,1
1dfdbc,inline,80aab0b0
1dfe70,cant,1
1dfe7c,inline,80a8b0b0
1dfed8,inline,80acb0b0
1e0118,inline,80a8b0b0
1e0160,extab,7554bc
1e0314,inline,80d0aab0
1e0460,inline,8008adb0
1e0634,extab,755494
1e0954,cant,1
1e0988,inline,8000d1ad
1e0b40,inline,80a8b0b0
1e0b7c,inline,8005acb0
1e0c90,inline,80acb0b0
1e0df0,extab,75546c
1e12bc,cant,1
1e12c4,extab,75547c
1e137c,cant,1
1e13a4,inline,8000a9b0
1e13fc,cant,1
1e140c,inline,8000abb0
1e14b0,inline,80aab0b0
1e1568,inline,8001d0ac
1e16a0,inline,80d1acb0
1e1834,cant,1
1e1858,inline,80acb0b0
1e18e0,inline,80d0aeb0
1e1a44,inline,80d0aab0
1e1ab0,inline,80aeb0b0
1e1b30,inline,80aab0b0
1e1b98,inline,80a8b0b0
1e1bdc,cant,1
1e1bec,inline,80d0a8b0
1e1c74,cant,1
1e1c84,inline,8004d0ab
1e1db4,inline,80aab0b0
1e1e18,inline,80acb0b0
1e1ef8,inline,80a8b0b0
1e1f20,cant,1
1e1f24,extab,7553dc
1e2014,cant,1
1e206c,extab,75543c
1e20d8,cant,1
1e2130,extab,75540c
1e2198,cant,1
1e21f8,inline,80a8b0b0
1e2210,extab,751dd8
1e22f0,cant,1
1e231c,extab,751db0
1e2808,cant,1
1e2818,inline,80aab0b0
1e28d8,cant,1
1e28e0,extab,751da0
1e2920,cant,1
1e2934,inline,80a8b0b0
1e2944,extab,7514b8
1e2bc4,cant,1
1e2bd0,extab,7514d0
1e2e04,cant,1
1e2e0c,extab,751510
1e2fd8,cant,1
1e2fe0,extab,7514e0
1e3214,cant,1
1e321c,extab,751500
1e3340,cant,1
1e3348,extab,7514f0
1e3490,cant,1
1e34dc,extab,7514a8
1e35e4,cant,1
1e35ec,inline,80a8b0b0
1e368c,cant,1
1e36a4,inline,80a8b0b0
1e36c0,extab,751540
1e37f8,cant,1
1e380c,extab,751530
1e388c,cant,1
1e38a0,inline,80acb0b0
1e3a00,cant,1
1e3a34,inline,80acb0b0
1e3aec,inline,80aab0b0
1e3b6c,cant,1
1e3b90,extab,751520
1e3be8,cant,1
1e3bfc,inline,80a8b0b0
1e3c98,extab,751568
1e3d28,cant,1
1e3d30,extab,751578
1e3e94,cant,1
1e3eb4,extab,7515a8
1e40d0,cant,1
1e4120,inline,80a8b0b0
1e41b8,extab,751b90
1e4ff8,cant,1
1e5018,inline,80a8b0b0
1e5070,cant,1
1e5098,extab,751b50
1e5678,cant,1
1e5680,inline,80a8b0b0
1e56e0,inline,80acb0b0
1e57b4,cant,1
1e57e4,extab,751bb0
1e5904,cant,1
1e590c,inline,80aab0b0
1e5a28,cant,1
1e5a7c,inline,8002afb0
1e5eb4,inline,8000afb0
1e5f30,inline,803f34af
1e62f0,inline,80aab0b0
1e63c4,inline,80aeb0b0
1e6598,inline,80aab0b0
1e6664,cant,1
1e6670,inline,80aab0b0
1e66bc,inline,80a8b0b0
1e66f4,extab,751b60
1e67b0,cant,1
1e67b8,extab,751b70
1e6834,cant,1
1e683c,extab,751b80
1e68b0,cant,1
1e68b8,inline,8008afb0
1e6c34,extab,751b38
1e6d50,cant,1
1e6d6c,inline,80a8b0b0
1e6d80,inline,80acb0b0
1e6f68,extab,751bc0
1e71d4,cant,1
1e71dc,inline,80d0aab0
1e72f4,extab,751b00
1e748c,cant,1
1e74b0,extab,751b28
1e74dc,cant,1
1e74f0,extab,751b18
1e7520,cant,1
1e7534,inline,80a8b0b0
1e7560,cant,1
1e7658,inline,80a8b0b0
1e76e0,extab,751fb4
1e77a8,cant,1
1e77bc,inline,80a8b0b0
1e77e4,extab,752d60
1e7b3c,cant,1
1e7b44,extab,752d50
1e7b7c,cant,1
1e7b84,inline,80a8b0b0
1e7be0,inline,80d0a8b0
1e7c94,inline,80a8b0b0
1e7cd0,cant,1
1e7ce4,extab,752d40
1e7dd4,cant,1
1e7ddc,inline,8008afb0
1e7fec,cant,1
1e8014,inline,80aab0b0
1e8050,cant,1
1e80c8,inline,80acb0b0
1e8158,cant,1
1e816c,inline,80a8b0b0
1e8228,inline,8001d0aa
1e82c8,inline,80a8b0b0
1e8334,cant,1
1e8384,inline,80a8b0b0
1e8394,cant,1
1e83bc,inline,80048400
1e8404,cant,1
1e8408,inline,80acb0b0
1e844c,cant,1
1e8474,inline,80048400
1e84bc,cant,1
1e84c0,inline,80a8b0b0
1e858c,cant,1
1e85a4,inline,80a8b0b0
1e86f4,cant,1
1e8700,extab,74f8fc
1e87b0,cant,1
1e87b8,inline,80a8b0b0
1e880c,cant,1
1e88e4,extab,7544e0
1e8a04,cant,1
1e8a0c,inline,80a8b0b0
1e8a3c,inline,80aab0b0
1e8ac4,inline,80d0aab0
1e8c00,extab,754a1c
1e8d44,cant,1
1e8d4c,inline,80a8b0b0
1e8d78,cant,1
1e8d94,inline,8002d0ab
1e8e7c,extab,7549fc
1e8f0c,cant,1
1e8f14,extab,754a0c
1e8fd4,cant,1
1e8fdc,inline,80aab0b0
1e9038,inline,80a8b0b0
1e9088,inline,80aeb0b0
1e918c,cant,1
1e91a0,extab,754a2c
1e92d4,cant,1
1e92dc,inline,80a8b0b0
1e9350,cant,1
1e940c,extab,755280
1e9510,cant,1
1e9524,inline,80aab0b0
1e95b8,extab,7552b8
1e96cc,cant,1
1e96d8,extab,7552a8
1e9838,cant,1
1e9844,extab,755290
1e9a80,cant,1
1e9ad8,inline,80a8b0b0
1e9af8,cant,1
1e9afc,inline,80acb0b0
1e9c10,cant,1
1e9c68,inline,8003aab0
1e9de8,cant,1
1e9e7c,inline,80aab0b0
1e9f8c,inline,80d1aeb0
1ea104,cant,1
1ea1c8,extab,75525c
1ea498,cant,1
1ea4a4,extab,75524c
1ea6fc,cant,1
1ea710,inline,80a8b0b0
1ea720,cant,1
1ea724,inline,80a8b0b0
1ea744,extab,755328
1eabb0,cant,1
1eabd0,inline,80a8b0b0
1eabec,extab,755300
1eadc4,cant,1
1eadcc,extab,755318
1eae4c,cant,1
1eae54,extab,7552d8
1eb0f8,cant,1
1eb150,inline,80acb0b0
1eb298,extab,7552c8
1eb384,cant,1
1eb398,inline,80a8b0b0
1eb3a8,cant,1
1eb3b4,inline,80a8b0b0
1eb578,cant,1
1eb584,inline,80a8b0b0
1eb5ac,inline,800fa8b0
1eb62c,inline,8025aeb0
1eb6f4,extab,756874
1eb7b4,cant,1
1eb7bc,extab,756854
1eb8e4,cant,1
1eb8f8,extab,756844
1eb978,cant,1
1eb98c,inline,8025aeb0
1eba54,inline,80028400
1eba8c,extab,756884
1ebd84,cant,1
1ebda8,extab,756864
1ebe78,cant,1
1ebe80,inline,80b200a9
1ebecc,inline,80aab0b0
1ebefc,cant,1
1ebf08,inline,80aab0b0
1ebf38,inline,80a8b0b0
1ebf80,cant,1
1ebf90,inline,80a8b0b0
1ec02c,cant,1
1ec03c,inline,80a8b0b0
1ec054,inline,80aab0b0
1ec0a4,extab,75689c
1ec3f8,cant,1
1ec438,extab,7568ec
1ec700,cant,1
1ec730,inline,80acb0b0
1ec848,cant,1
1ec87c,inline,80acb0b0
1ec9dc,inline,80a8b0b0
1eca78,cant,1
1eca90,inline,80048400
1ecad0,extab,7574e4
1ecc78,cant,1
1ecc8c,extab,7574d4
1ecf48,cant,1
1ecf78,inline,80aab0b0
1ed008,inline,80acb0b0
1ed06c,inline,8011aeb0
1ed260,inline,80d0acb0
1ed418,inline,80aab0b0
1ed4ec,inline,80a8b0b0
1ed558,inline,80d0a8b0
1ed640,extab,757534
1ed7cc,cant,1
1ed7d4,extab,757524
1edc6c,cant,1
1edc98,inline,80aab0b0
1edd18,cant,1
1edd80,inline,80acb0b0
1ede14,cant,1
1ede3c,extab,7574f4
1eded4,cant,1
1edee8,extab,757514
1edf20,cant,1
1edf34,extab,757504
1edf6c,cant,1
1edf80,extab,7570a4
1ee0dc,cant,1
1ee118,extab,757094
1ee158,cant,1
1ee16c,inline,80a8b0b0
1ee17c,cant,1
1ee1b8,extab,75759c
1ee288,cant,1
1ee290,extab,757604
1ee310,cant,1
1ee318,extab,7575dc
1ee5c0,cant,1
1ee680,extab,757614
1ee7bc,cant,1
1ee808,extab,7575ac
1eea84,cant,1
1eea94,inline,80aab0b0
1eeb54,extab,75758c
1eec70,cant,1
1eec84,inline,80a8b0b0
1eec94,cant,1
1eec98,inline,80a8b0b0
1eed80,cant,1
1eeda0,inline,80a8b0b0
1eedcc,cant,1
1eee30,inline,80a8b0b0
1eee68,cant,1
1eee6c,inline,80aeb0b0
1eeef8,inline,80aab0b0
1eef58,cant,1
1eef64,inline,80aab0b0
1ef030,inline,80a8b0b0
1ef0d0,inline,80aab0b0
1ef148,inline,80a8b0b0
1ef18c,cant,1
1ef190,extab,757790
1ef238,inline,80aab0b0
1ef298,cant,1
1ef2a4,inline,80aab0b0
1ef370,inline,80a8b0b0
1ef410,inline,80aab0b0
1ef488,inline,80a8b0b0
1ef4cc,cant,1
1ef4d0,extab,7511d0
1ef550,cant,1
1ef558,extab,7511c0
1ef654,cant,1
1ef65c,extab,7511e0
1ef6dc,cant,1
1ef70c,inline,80a8b0b0
1ef734,cant,1
1ef744,inline,80a8b0b0
1efbdc,cant,1
1efbe4,inline,80aab0b0
1efc7c,extab,75293c
1f0168,cant,1
1f01c0,inline,80aab0b0
1f0210,extab,7528cc
1f0290,cant,1
1f0298,inline,80aab0b0
1f03ac,extab,7528fc
1f042c,cant,1
1f0434,extab,75290c
1f04b4,cant,1
1f04c8,extab,7528ec
1f0548,cant,1
1f0550,extab,7528dc
1f05d0,cant,1
1f05d8,extab,75291c
1f065c,cant,1
1f0664,extab,75292c
1f0784,cant,1
1f078c,inline,80a8b0b0
1f07fc,extab,75299c
1f0930,cant,1
1f0938,inline,80aab0b0
1f09d4,inline,80a8b0b0
1f0a98,cant,1
1f0ae4,inline,80a8b0b0
1f0b04,extab,753590
1f0b74,cant,1
1f0bb0,extab,753578
1f0fa8,cant,1
1f0fc8,inline,80a8b0b0
1f0ff4,extab,7535a0
1f10b4,cant,1
1f10bc,inline,80a8b0b0
1f10f8,inline,80aab0b0
1f1198,extab,753b00
1f1234,cant,1
1f1258,inline,80a8b0b0
1f12bc,cant,1
1f12d4,inline,80a8b0b0
1f1334,extab,7541f0
1f141c,cant,1
1f1424,extab,754220
1f1524,cant,1
1f1544,extab,754188
1f1a3c,cant,1
1f1a6c,extab,754170
1f1c60,cant,1
1f1c74,extab,754200
1f1db4,cant,1
1f1dd0,extab,7541e0
1f1e58,cant,1
1f1e60,inline,80a8b0b0
1f1eb4,extab,754210
1f1fa4,cant,1
1f1fac,inline,80aab0b0
1f2048,inline,80a8b0b0
1f2058,cant,1
1f20a0,extab,7544f0
1f2300,cant,1
1f2344,extab,754560
1f25cc,cant,1
1f25d4,extab,754540
1f26e8,cant,1
1f26fc,extab,754550
1f276c,cant,1
1f2774,inline,80a8b0b0
1f2808,extab,754580
1f2870,cant,1
1f2878,extab,7545b8
1f2974,cant,1
1f2994,inline,80a8b0b0
1f2a04,extab,7545d8
1f2b00,cant,1
1f2b20,extab,754598
1f2c58,cant,1
1f2c70,extab,754570
1f2d2c,cant,1
1f2d64,inline,8002d0a9
1f2de4,inline,80a8b0b0
1f2ea4,extab,755508
1f39ac,cant,1
1f39bc,inline,80d0aab0
1f3a90,inline,80aab0b0
1f3c0c,inline,800fd1ac
1f3d48,inline,80a8b0b0
1f3d98,inline,80d2aab0
1f3f08,extab,7554e8
1f4054,cant,1
1f405c,extab,7554f8
1f4614,cant,1
1f461c,inline,8002afb0
1f46f0,cant,1
1f4708,extab,7554d8
1f4b28,cant,1
1f4b30,extab,7554c8
1f4de0,cant,1
1f4ea8,inline,80aab0b0
1f4f8c,inline,80a8b0b0
1f4fd0,inline,80aab0b0
1f5048,inline,8010d0af
1f5328,inline,80aab0b0
1f542c,inline,80a8b0b0
1f543c,inline,80d0aeb0
1f5520,extab,751d58
1f5704,cant,1
1f5714,inline,80a8b0b0
1f57dc,cant,1
1f57e0,extab,751d18
1f5a94,cant,1
1f5aec,inline,80a8b0b0
1f5b20,extab,751d48
1f5bec,cant,1
1f5c00,inline,8002d0ab
1f5d3c,extab,751d38
1f5dec,cant,1
1f5df4,inline,80aab0b0
1f5e68,inline,80a8b0b0
1f5ec0,extab,751d70
1f607c,cant,1
1f60a0,extab,751d80
1f61ec,cant,1
1f61f8,extab,751d08
1f63ec,cant,1
1f6400,inline,80a8b0b0
1f6410,extab,755520
1f6be0,cant,1
1f6be8,inline,80aab0b0
1f6c44,inline,80d0aab0
1f6d18,inline,80a8b0b0
1f6d58,inline,80aab0b0
1f6e6c,cant,1
1f6e78,inline,80aab0b0
1f6f48,inline,80a8b0b0
1f6f8c,inline,80aab0b0
1f6fec,inline,80d0acb0
1f739c,inline,80a8b0b0
1f741c,cant,1
1f742c,inline,80a8b0b0
1f79f0,extab,752268
1f7c1c,cant,1
1f7c30,extab,752258
1f7c98,cant,1
1f7cac,inline,80a8b0b0
1f7cdc,extab,7522e0
1f7d28,cant,1
1f7d48,inline,80048400
1f7d88,extab,7522f8
1f7e3c,cant,1
1f7e54,extab,7522d0
1f7ef8,cant,1
1f7f28,inline,8001d0ae
1f8148,extab,752290
1f8184,cant,1
1f8198,extab,7522b8
1f81e8,cant,1
1f8208,extab,7522a0
1f8248,cant,1
1f8278,inline,80a8b0b0
1f8620,inline,8006a9b0
1f86c0,cant,1
1f86c8,inline,80aab0b0
1f8764,cant,1
1f877c,extab,7535f0
1f8984,cant,1
1f898c,inline,80a8b0b0
1f89e0,extab,7535d0
1f8bfc,cant,1
1f8c78,inline,8006afb0
1f8fbc,cant,1
1f8ff8,inline,8005aeb0
1f9138,inline,8006afb0
1f9204,extab,7535e0
1f928c,cant,1
1f929c,inline,80acb0b0
1f94bc,cant,1
1f9540,inline,80a8b0b0
1f9554,inline,8005aeb0
1f9664,extab,753600
1f9738,cant,1
1f9740,inline,80d0aab0
1f982c,inline,80aab0b0
1f98a8,inline,80a8b0b0
1f98b8,cant,1
1f98d0,inline,8004abb0
1f99ac,inline,80a8b0b0
1f9a04,extab,75373c
1f9ba4,cant,1
1f9bac,inline,80aab0b0
1f9c2c,cant,1
1f9c44,inline,8006afb0
1fa2d0,extab,7536ec
1fa7b0,cant,1
1fa7e8,inline,80aab0b0
1fa81c,inline,800aafb0
1faee4,extab,75376c
1fb224,cant,1
1fb268,inline,8012afb0
1fb438,extab,753754
1fb744,cant,1
1fb758,extab,7536cc
1fb890,cant,1
1fb8a0,extab,75372c
1fb948,cant,1
1fb950,inline,80a8b0b0
1fba14,cant,1
1fba38,extab,75377c
1fbe5c,cant,1
1fbe84,extab,75379c
1fc2cc,cant,1
1fc304,extab,7536dc
1fc3a4,cant,1
1fc3b8,extab,7536bc
1fc490,cant,1
1fc4a4,inline,80a8b0b0
1fc4b4,extab,754b90
1fc5b4,cant,1
1fc618,extab,754bd0
1fc88c,cant,1
1fc89c,extab,754b78
1fc9cc,cant,1
1fc9dc,extab,754b60
1fcb0c,cant,1
1fcb1c,extab,754ba0
1fcbec,cant,1
1fcbfc,extab,754bb8
1fcd68,cant,1
1fce08,inline,80aab0b0
1fce58,cant,1
1fce64,extab,754b24
1fd314,extab,760860
1fd340,inline,80aab0b0
1fd390,cant,1
1fd5e0,extab,7513dc
1fd674,cant,1
1fda0c,inline,80a8b0b0
1fda48,extab,754b50
1fdb00,cant,1
1fdb08,inline,80a8b0b0
1fdb34,inline,8004d1ad
1fddbc,cant,1
1fdf54,inline,80aab0b0
1fdfc8,extab,754af4
1fe0fc,cant,1
1fe110,extab,754b14
1fe160,cant,1
1fe174,extab,754b04
1fe1ac,cant,1
1fe1c0,inline,80a8b0b0
1fe1dc,inline,80aab0b0
1fe26c,cant,1
1fe348,extab,7605d8
1fe38a,inline,80aab0b0
1fe3c0,cant,1
1fe550,inline,80a8b0b0
1fe578,inline,80acb0b0
1fe684,inline,800eabb0
1fe6fc,inline,80a8b0b0
1fe70c,inline,80aab0b0
1fe8ac,extab,755388
1fe930,cant,1
1fe9cc,inline,80a8b0b0
1fedf0,extab,756814
1feee8,cant,1
1feef0,extab,756834
1fef78,cant,1
1fef9c,extab,756824
1ff420,cant,1
1ff428,inline,80a8b0b0
1ff4bc,extab,751308
1ff560,cant,1
1ff58c,inline,80a8b0b0
1ff5a4,cant,1
1ff69c,inline,80a8b0b0
1ff70c,extab,751380
1ff860,cant,1
1ff868,extab,751330
1fff4c,cant,1
200014,inline,8000a9b0
200ac8,cant,1
200b14,extab,751370
200bbc,cant,1
200bc4,inline,80a8b0b0
200bec,cant,1
200c60,inline,80a8b0b0
200c78,cant,1
200d30,inline,80a8b0b0
200d48,cant,1
200d4c,inline,80aab0b0
200d90,inline,80a8b0b0
200de0,cant,1
200dec,inline,80aab0b0
200ec0,inline,80a8b0b0
200f94,cant,1
200f98,inline,80a8b0b0
200fe8,inline,80d0aab0
2010b4,inline,80a8b0b0
20114c,cant,1
201150,extab,751c40
2011ec,cant,1
201200,inline,80acb0b0
2013d0,inline,80d0aab0
201498,inline,80d0a8b0
2014f4,inline,80acb0b0
201538,extab,751c08
202081,cant,1
2020d8,inline,8004abb0
202180,inline,8006abb0
202248,inline,8010abb0
202444,cant,1
202478,extab,76084c
2024a0,inline,80a8b0b0
2024b0,cant,1
2024e4,inline,8003aa03
202544,extab,760838
20254c,inline,80aab0b0
2025c0,inline,80a8b0b0
2025e0,inline,8004abb0
202638,inline,80a8b0b0
202670,inline,8005aab0
2026a2,cant,1
2026b0,inline,8000a9b0
202758,extab,760568
20277a,cant,1
2027b8,extab,7604e0
202808,cant,1
202860,extab,751c28
2029e0,cant,1
202ab0,inline,8000abb0
202ae8,cant,1
202b02,inline,80a8b0b0
202b10,cant,1
202bfc,inline,8001aab0
202c5c,inline,8000abb0
202cb0,cant,1
202cd0,extab,760818
202d10,inline,8002afb0
202e5c,extab,760768
202e90,extab,760788
202ed8,cant,1
202ee6,inline,8002abb0
202f30,inline,80a8b0b0
202f54,inline,8000abb0
202fd4,cant,1
203018,inline,80a8b0b0
203050,cant,1
203074,extab,76091c
2030a4,inline,80d0aab0
203170,cant,1
20318c,extab,760644
2032c0,inline,80a8b0b0
203358,cant,1
203380,extab,751c50
203b60,inline,8001aab0
203b94,cant,1
203bd0,extab,7607c8
203cb8,cant,1
203cc0,extab,7607b8
203cdc,extab,760704
203d64,cant,1
203d7c,extab,760934
203e48,extab,7607f0
203efc,inline,8000abb0
203f50,inline,8000a9b0
203f80,cant,1
203f94,inline,80acb0b0
204098,inline,80d0aab0
204160,cant,1
2041ac,inline,80d0a8b0
204208,cant,1
204250,inline,80a8b0b0
204278,inline,8000abb0
2042f8,inline,8000a9b0
204340,inline,80a8b0b0
204350,extab,752408
204544,cant,1
204558,inline,80a8b0b0
204584,cant,1
204598,inline,80a8b0b0
2045a8,inline,8002a9b0
2045c0,inline,8001aab0
204650,inline,80aab0b0
2046b0,inline,8001a8b0
2046fc,inline,80aeb0b0
204970,extab,752460
204b44,cant,1
204b4c,inline,80aab0b0
204ca8,cant,1
204cb4,inline,80a8b0b0
204d88,inline,80acb0b0
204e08,inline,8002afb0
2051d8,inline,80aab0b0
205220,extab,752530
205314,cant,1
20531c,inline,80aeb0b0
2055e0,cant,1
2055ec,inline,80aab0b0
205744,inline,80a8b0b0
2057f0,inline,80acb0b0
205af4,inline,80aeb0b0
205d7c,inline,80a8b0b0
205ddc,cant,1
205dec,inline,80d0aab0
205eb0,inline,80a8b0b0
205f48,extab,754618
2060b0,cant,1
2060c4,inline,80acb0b0
2061c8,inline,80d0aab0
206288,inline,80d0a8b0
2062e4,extab,7545f8
2063f4,cant,1
206450,inline,80a8b0b0
206478,extab,750658
20651c,cant,1
206540,inline,80a8b0b0
206568,extab,750688
206684,cant,1
2066a8,extab,750668
206778,cant,1
20678c,inline,80a8b0b0
2067f4,cant,1
20680c,inline,80aab0b0
20695c,cant,1
20697c,inline,80aab0b0
206ba4,inline,80a8b0b0
206c24,inline,80aab0b0
206ca4,inline,8000abb0
206dc4,inline,80acb0b0
2070bc,inline,8000abb0
2071a8,cant,1
2071f4,inline,80aab0b0
207260,inline,8000adb0
2074e0,inline,80aab0b0
207630,inline,80acb0b0
2077e4,inline,80aab0b0
207860,inline,80a8b0b0
2078ac,inline,80aab0b0
207974,inline,80a8b0b0
207984,inline,80acb0b0
207aec,inline,80aab0b0
207c00,inline,80a8b0b0
207c34,cant,1
207c48,inline,80aab0b0
207c84,inline,80a8b0b0
207d5c,inline,8004abb0
207edc,cant,1
207f14,inline,80aab0b0
208048,inline,80a8b0b0
208084,inline,80aab0b0
2080cc,inline,80a8b0b0
208120,cant,1
208164,inline,80aeb0b0
208230,cant,1
208234,extab,751e90
208314,cant,1
208340,inline,80acb0b0
208548,inline,80a8b0b0
2085a0,extab,751e70
208610,cant,1
20867c,extab,751e80
2086ec,cant,1
208700,extab,751e60
208758,cant,1
20876c,inline,80a8b0b0
2087e4,extab,751fd4
208868,cant,1
208870,extab,751fe4
2089d0,cant,1
2089e4,extab,751fc4
208a4c,cant,1
208a60,inline,80a8b0b0
208a90,cant,1
208ae0,inline,80a8b0b0
208b90,extab,750a68
208c74,cant,1
208c88,extab,750a00
208d08,cant,1
208d10,extab,750a40
208d74,cant,1
208d7c,extab,750a50
208eb0,cant,1
208ec0,inline,80a8b0b0
208ed0,extab,750a30
208f40,cant,1
208f48,extab,750a10
208fb0,cant,1
208fc0,extab,750a20
20906c,cant,1
209074,inline,80a8b0b0
209108,inline,8005acb0
20924c,cant,1
209254,inline,80aab0b0
2092f0,cant,1
2092fc,extab,750ba8
209390,cant,1
209398,extab,750bc8
209498,cant,1
2094b4,inline,80a8b0b0
209574,extab,750bb8
2095e4,cant,1
2095ec,inline,80d0aab0
2096c8,extab,750be0
209740,cant,1
209748,extab,750b68
2097a4,cant,1
2097c4,extab,750b98
2097ec,cant,1
209800,extab,750b88
209828,cant,1
20983c,inline,80aab0b0
2098dc,cant,1
2098ec,extab,753508
209a88,cant,1
209a90,inline,80aab0b0
209b28,extab,7534e8
209c54,cant,1
209c5c,inline,80aab0b0
209d00,cant,1
209d10,extab,7534d8
209dcc,cant,1
209df4,inline,80a8b0b0
209e08,inline,80aab0b0
209f0c,extab,7534b8
20a1c4,cant,1
20a1cc,inline,80aab0b0
20a238,inline,80d0acb0
20a2fc,extab,7534f8
20a36c,cant,1
20a374,extab,7534a8
20a430,cant,1
20a444,inline,80a8b0b0
20a454,extab,7555e8
20a4d0,cant,1
20a4ec,extab,7555f8
20a5e4,cant,1
20a5ec,inline,80aab0b0
20a6c8,cant,1
20a6dc,inline,80aab0b0
20a71c,cant,1
20a728,inline,80aab0b0
20a79c,extab,755608
20a8a8,cant,1
20a8b0,inline,80aab0b0
20aa98,extab,755618
20ab3c,cant,1
20ab44,inline,80d0aab0
20ac1c,inline,80a8b0b0
20aca0,cant,1
20acc8,inline,80d0aab0
20ad74,extab,74fa6c
20ae54,cant,1
20ae5c,inline,80a8b0b0
20aec8,extab,74fa8c
20b0c8,cant,1
20b0d8,inline,80aab0b0
20b160,extab,74fa4c
20b3f8,cant,1
20b418,inline,80aab0b0
20b4ac,cant,1
20b548,inline,80a8b0b0
20b588,extab,74fa3c
20b61c,cant,1
20b624,extab,74fa2c
20b684,cant,1
20b68c,inline,80a8b0b0
20b6d8,extab,74fa7c
20b7ec,cant,1
20b7f4,inline,80a8b0b0
20b854,cant,1
20b858,inline,80aab0b0
20b8f4,cant,1
20b900,extab,755980
20b974,cant,1
20b97c,inline,80a8b0b0
20b990,extab,755990
20bac0,cant,1
20bac8,extab,755970
20bb40,cant,1
20bb50,inline,80d0aab0
20bc2c,inline,80a8b0b0
20bc64,cant,1
20bcc0,inline,80aab0b0
20bffc,inline,80a8b0b0
20c03c,cant,1
20c040,inline,800bacb0
20c394,extab,753528
20c560,cant,1
20c584,inline,80a8b0b0
20c5a8,extab,753548
20c71c,cant,1
20c724,extab,753518
20c75c,cant,1
20c770,inline,80a8b0b0
20c780,cant,1
20c78c,inline,80a8b0b0
20c7f8,cant,1
20c808,extab,756914
20cb44,cant,1
20cb84,extab,756964
20ce40,cant,1
20ce98,inline,80a8b0b0
20cf50,inline,80acb0b0
20d034,inline,80a8b0b0
20d0c8,inline,8006d0ad
20d230,extab,756a98
20d350,cant,1
20d358,inline,80aab0b0
20d398,extab,756a78
20d8b4,cant,1
20d8d4,inline,80a8b0b0
20d90c,cant,1
20d920,extab,756a48
20e324,cant,1
20e338,extab,756a68
20e684,cant,1
20e6a4,inline,8003aab0
20e704,inline,8005aab0
20e890,inline,80aab0b0
20e908,cant,1
20e948,inline,80aab0b0
20e9c8,cant,1
20ea08,inline,80aab0b0
20ea88,cant,1
20eba0,extab,756a58
20edd8,cant,1
20edec,inline,80d0aab0
20ee58,extab,756a38
20efd4,cant,1
20efe8,inline,80a8b0b0
20f054,inline,80acb0b0
20f218,extab,756bbc
20f408,cant,1
20f424,inline,80a8b0b0
20f478,inline,80acb0b0
20f578,cant,1
20f584,inline,80acb0b0
20f6ac,inline,80a8b0b0
20f6f0,inline,80aab0b0
20f750,inline,8005aeb0
20f970,inline,80acb0b0
20fa3c,extab,756bac
20faa8,cant,1
20fabc,inline,80a8b0b0
20fad8,cant,1
20fae8,inline,80a8b0b0
20fb44,inline,80d0aab0
20fc28,inline,80a8b0b0
20fc6c,inline,8000adb0
20fd68,extab,756c04
2103c4,cant,1
2103e4,extab,756be4
210a30,cant,1
210a64,inline,80aab0b0
210b64,cant,1
210c34,inline,80aeb0b0
210d90,inline,80a8b0b0
210de0,inline,80aab0b0
210e64,cant,1
210e8c,inline,80a8b0b0
210ffc,inline,80aab0b0
21106c,extab,756c24
211184,cant,1
21118c,inline,80aab0b0
2111fc,cant,1
21123c,extab,756c44
211504,cant,1
211534,extab,756c84
21165c,cant,1
21168c,extab,756c34
2117a4,cant,1
2117c4,inline,80a8b0b0
21184c,extab,756d2c
2119b8,cant,1
2119c0,extab,756cfc
211cdc,cant,1
211cf4,extab,756d74
211e38,cant,1
211e40,inline,80a8b0b0
211e94,extab,756d94
211fc8,cant,1
211fd0,extab,756ce4
212068,cant,1
21208c,extab,756d84
212130,cant,1
212138,extab,756d44
2121a8,cant,1
2121bc,extab,756d54
21245c,cant,1
212464,extab,756cbc
2124d8,cant,1
2124ec,extab,756ccc
2125dc,cant,1
2125e4,extab,756cac
212658,cant,1
21266c,extab,756c9c
2126f4,cant,1
212708,inline,80a8b0b0
212718,extab,756e2c
212838,cant,1
212840,extab,756dfc
21297c,cant,1
212990,extab,756dcc
212a10,cant,1
212a54,extab,756e0c
212d00,cant,1
212d18,extab,756ddc
212e48,cant,1
212e64,extab,756db4
212f04,cant,1
212f0c,inline,80a8b0b0
212f4c,cant,1
212f50,extab,757004
212fe4,cant,1
212ff4,inline,80aab0b0
213088,extab,757084
2131c0,cant,1
2131d0,extab,757074
2133ec,cant,1
2133f4,extab,757014
2138d8,cant,1
2138e8,inline,80aab0b0
213914,extab,756fd4
213994,cant,1
2139a8,inline,80acb0b0
213aa8,cant,1
213ae8,extab,757044
213f40,cant,1
213f50,extab,756ff4
213fe8,cant,1
213ffc,inline,80aab0b0
214158,extab,756fe4
2141f0,cant,1
214208,extab,756fc4
2143e8,cant,1
2143fc,inline,80a8b0b0
21440c,extab,75757c
214454,cant,1
214468,inline,80a8b0b0
2145e0,cant,1
2145ec,inline,80a8b0b0
214604,cant,1
214608,inline,80aab0b0
21464c,cant,1
214658,inline,80a8b0b0
214724,cant,1
214734,inline,80a8b0b0
21474c,cant,1
21479c,inline,80a8b0b0
2147c4,cant,1
2147c8,inline,80aab0b0
21480c,cant,1
214818,inline,80aab0b0
214880,inline,80a8b0b0
2148e8,cant,1
2148ec,inline,80aab0b0
214930,cant,1
21493c,inline,80a8b0b0
2149fc,cant,1
214a00,inline,80a8b0b0
214a20,inline,80acb0b0
214ad4,inline,80aab0b0
214b1c,extab,752568
214c10,cant,1
214c18,extab,752548
214d58,cant,1
214d60,inline,80aab0b0
214e18,cant,1
214ea8,inline,80aab0b0
214f64,extab,752558
2152bc,cant,1
2152c4,inline,80acb0b0
215340,inline,80a8b0b0
21539c,cant,1
2153a4,inline,80aab0b0
2153dc,inline,80a8b0b0
2153fc,cant,1
215404,inline,80acb0b0
215470,cant,1
215478,inline,80acb0b0
215540,cant,1
215548,inline,80acb0b0
2155d0,inline,80a8b0b0
215618,cant,1
215758,inline,80a8b0b0
2157b0,cant,1
2157b4,inline,80a8b0b0
215964,cant,1
21598c,inline,80a8b0b0
2159bc,inline,80aab0b0
215a94,cant,1
215ac0,inline,80acb0b0
215b78,extab,7553cc
215cc4,cant,1
215cd8,inline,80aab0b0
215d94,inline,80a8b0b0
215e54,extab,750648
215fc4,cant,1
215fcc,inline,80aab0b0
21602c,cant,1
216048,inline,80a8b0b0
216098,inline,80acb0b0
21620c,inline,8019aeb0
216308,cant,1
216314,inline,8022a9b0
216378,cant,1
216384,inline,80a8b0b0
216410,inline,80d1aab0
216518,inline,80a8b0b0
216560,extab,751d90
216698,cant,1
2166ac,inline,80acb0b0
2168c4,inline,80aab0b0
216944,cant,1
2169ac,inline,80aab0b0
216a60,inline,80aeb0b0
216c58,inline,80a8b0b0
216c90,extab,7516ec
216d24,cant,1
216d9c,extab,751ed0
216f64,cant,1
216f74,inline,80aeb0b0
217024,extab,751ee8
217460,cant,1
217484,inline,80aab0b0
2174e8,extab,751eb0
21780c,cant,1
217814,inline,80a8b0b0
217894,inline,80aab0b0
217924,cant,1
217940,extab,751ef8
217970,cant,1
217984,inline,80a8b0b0
217a18,extab,750918
217d9c,cant,1
217dd4,inline,80a8b0b0
217e3c,cant,1
217e4c,extab,7509e8
217fe8,cant,1
217ff8,inline,80d0acb0
2181a4,extab,7509c8
21826c,cant,1
218274,extab,750958
2183e8,cant,1
2183f0,inline,80aab0b0
21842c,extab,750900
2186a0,cant,1
218754,extab,7509b0
2188b8,cant,1
2188c0,extab,750968
218944,cant,1
218958,inline,80aeb0b0
218afc,extab,750948
218c2c,cant,1
218c34,extab,750938
218e0c,cant,1
218e14,extab,7509d8
218ed4,cant,1
218edc,extab,750890
2190d0,cant,1
2190d8,extab,7508d0
219158,cant,1
219160,inline,80acb0b0
2191d0,extab,750988
219234,cant,1
219264,extab,750998
219398,cant,1
2193a8,inline,80a8b0b0
219414,extab,750978
219488,cant,1
219490,extab,7508e0
2194f8,cant,1
219508,extab,7508f0
2195b8,cant,1
2195c0,extab,7508a0
2196a0,cant,1
2196b4,extab,7508c0
2196e8,cant,1
2196fc,extab,7508b0
21972c,cant,1
219768,inline,80a8b0b0
2197a8,inline,80168400
219810,cant,1
21981c,inline,80a8b0b0
219938,extab,754fc0
219a40,cant,1
219a54,inline,80a8b0b0
219a98,cant,1
219ac0,inline,80a8b0b0
219b44,extab,75523c
219bbc,cant,1
219bd0,inline,80aab0b0
219c48,cant,1
219c4c,inline,80aab0b0
219e44,inline,80a8b0b0
219f74,cant,1
219f80,inline,80a8b0b0
21a054,cant,1
21a0c8,inline,80a8b0b0
21a0f8,cant,1
21a0fc,inline,80a8b0b0
21a134,cant,1
21a154,inline,80a8b0b0
21a1e8,cant,1
21a1f8,extab,7567d4
21a498,cant,1
21a4c8,extab,756804
21a5b0,cant,1
21a5e0,extab,7567bc
21a8bc,cant,1
21a8c4,inline,80a8b0b0
21a95c,extab,7569f8
21aa3c,cant,1
21aa44,extab,756a18
21ab60,cant,1
21ab68,extab,756a08
21b188,cant,1
21b1b4,inline,80aab0b0
21b234,cant,1
21b29c,extab,7569ec
21b398,cant,1
21b3c0,extab,7569dc
21b41c,cant,1
21b430,inline,80a8b0b0
21b484,inline,8002afb0
21b5e8,inline,80aab0b0
21b648,cant,1
21b654,inline,80aab0b0
21b740,inline,80a8b0b0
21b7e0,inline,80aab0b0
21b858,inline,80a8b0b0
21b8a4,cant,1
21b8a8,extab,75777c
21ba28,cant,1
21ba30,inline,80aab0b0
21ba90,cant,1
21ba9c,inline,80aab0b0
21bba8,inline,80a8b0b0
21bc48,inline,80aab0b0
21bcc0,inline,80a8b0b0
21bd14,cant,1
21bd40,extab,7577f4
21c1bc,cant,1
21c200,inline,80a8b0b0
21c234,cant,1
21c2a0,inline,80acb0b0
21c584,inline,80d0a8b0
21c5e0,inline,80acb0b0
21c684,cant,1
21c6e0,inline,80a8b0b0
21c710,cant,1
21c770,inline,80a8b0b0
21c79c,cant,1
21c7a8,inline,80acb0b0
21c8ac,inline,80d0a8b0
21c908,extab,751c60
21ca94,cant,1
21cad8,inline,80a8b0b0
21cb00,cant,1
21cb0c,inline,80a8b0b0
21cb34,cant,1
21cb5c,inline,80a8b0b0
21cb6c,cant,1
21cb74,extab,752814
21cba4,cant,1
21cbb8,inline,80a8b0b0
21cc70,extab,7529fc
21cce4,cant,1
21ccec,inline,80aab0b0
21cd34,extab,752a7c
21cdc0,cant,1
21cdc8,inline,80acb0b0
21cecc,cant,1
21cf04,extab,7529ec
21cfec,cant,1
21d000,inline,80acb0b0
21d17c,extab,752a4c
21d224,cant,1
21d238,inline,80acb0b0
21d2b4,cant,1
21d2c0,extab,752a2c
21d3dc,cant,1
21d3e4,extab,752a3c
21d480,cant,1
21d494,extab,7529dc
21d5bc,cant,1
21d628,extab,752a1c
21d728,cant,1
21d730,extab,752a0c
21d7c8,cant,1
21d7d0,extab,752a5c
21d92c,cant,1
21d934,inline,80a8b0b0
21d994,inline,80d0acb0
21dbb0,inline,80d0aab0
21dc90,extab,752a6c
21dd00,cant,1
21dd08,extab,7529ac
21dda4,cant,1
21ddb8,extab,7529cc
21ddf0,cant,1
21de04,extab,7529bc
21de3c,cant,1
21de50,inline,80a8b0b0
21def8,inline,80aab0b0
21df34,inline,80a8b0b0
21df4c,cant,1
21df50,extab,7577b4
21e114,cant,1
21e128,extab,7577c4
21e2a4,cant,1
21e2d8,inline,80aab0b0
21e370,cant,1
21e388,inline,80a8b0b0
21e3e0,cant,1
21e3ec,inline,80aeb0b0
21e5b8,cant,1
21e5c4,extab,7577dc
21e740,cant,1
21e774,inline,80a8b0b0
21e8cc,cant,1
21e8e4,inline,80a8b0b0
21e944,cant,1
21e948,inline,80a8b0b0
21ebe0,cant,1
21ebf4,inline,8002a9b0
21ed40,cant,1
21ed5c,inline,80a8b0b0
21ed84,extab,7506d0
21ee7c,cant,1
21ee84,extab,7506e0
21ef08,cant,1
21ef10,inline,80a8b0b0
21ef30,cant,1
21ef40,extab,7506b0
21efc0,cant,1
21efd4,extab,7506c0
21f08c,cant,1
21f094,inline,80a8b0b0
21f0a4,extab,750698
21f35c,cant,1
21f364,inline,80a8b0b0
21f404,cant,1
21f44c,extab,750768
21f544,cant,1
21f564,extab,750778
21f694,cant,1
21f69c,inline,80aab0b0
21f6fc,cant,1
21f71c,extab,750748
21f798,cant,1
21f7b0,extab,750788
21f890,cant,1
21f90c,inline,80a8b0b0
21f978,extab,750758
21f9bc,cant,1
21f9d0,inline,80a8b0b0
21f9e0,cant,1
21fa08,inline,80a8b0b0
21fa78,cant,1
21fa84,inline,80a8b0b0
21fae4,extab,752d10
21fb60,cant,1
21fb74,inline,80a8b0b0
21fca8,cant,1
21fcb4,inline,80a8b0b0
21fd88,inline,80aab0b0
21fde0,cant,1
21fdf0,inline,80a8b0b0
21fe68,cant,1
21fea0,inline,80aab0b0
21fef4,inline,80acb0b0
21ffd0,extab,753058
2200a8,cant,1
2200bc,inline,80acb0b0
2201a8,cant,1
2201b4,extab,753038
22022c,cant,1
220234,extab,753048
220298,cant,1
2202a0,inline,80aab0b0
220314,inline,8003a8b0
2203a4,extab,753068
22049c,cant,1
2204a4,inline,80aab0b0
220590,inline,80d0aab0
22066c,extab,753078
2206dc,cant,1
2206e4,inline,80a8b0b0
220770,cant,1
220774,inline,80d0a8b0
2208e4,cant,1
22097c,inline,80a8b0b0
2209b4,cant,1
2209b8,inline,80aab0b0
2209fc,cant,1
220a0c,inline,80d0aab0
220b14,inline,8004d0a9
220c68,extab,75348c
220e04,cant,1
220e18,inline,80aab0b0
220e4c,cant,1
220f3c,inline,80a8b0b0
220f50,extab,75349c
221378,cant,1
2213b0,inline,80a8b0b0
221458,extab,75347c
2214cc,cant,1
2214e0,extab,75346c
22154c,cant,1
22157c,extab,753904
221894,cant,1
22189c,inline,80aab0b0
22198c,extab,7538ac
221e04,cant,1
221e24,inline,80a8b0b0
221e5c,cant,1
221fbc,extab,75391c
2221fc,cant,1
222240,inline,8010d1ad
22253c,inline,80aab0b0
222590,extab,75392c
222698,cant,1
2227e4,inline,80aab0b0
222864,extab,7538f4
2229a0,cant,1
2229a8,inline,80a8b0b0
2229bc,extab,7538e4
222d24,cant,1
222d38,extab,753944
22317c,cant,1
22319c,extab,753994
223470,cant,1
223490,extab,75389c
223540,cant,1
223554,extab,75382c
223700,cant,1
223744,extab,75387c
2237a8,cant,1
2237e0,extab,75385c
223838,cant,1
223870,extab,7558d0
2238e4,cant,1
2238ec,inline,80aab0b0
223934,extab,755950
2239c0,cant,1
2239c8,inline,80aeb0b0
223adc,cant,1
223b14,inline,80a8b0b0
223b7c,inline,80acb0b0
223bf0,extab,7558c0
223cd8,cant,1
223cf0,inline,80acb0b0
223f74,cant,1
223f80,extab,755900
22409c,cant,1
22410c,extab,755910
2241b8,cant,1
2241cc,extab,7558b0
2242f4,cant,1
224338,extab,7558f0
224438,cant,1
224440,extab,7558e0
2244d8,cant,1
2244f4,extab,755930
22468c,cant,1
224694,inline,80a8b0b0
2246f4,extab,755920
224a6c,cant,1
224a80,inline,80d0aab0
224b60,extab,755940
224bd0,cant,1
224bd8,extab,755880
224c6c,cant,1
224c80,extab,7558a0
224cb8,cant,1
224ccc,extab,755890
224d04,cant,1
224d18,inline,80a8b0b0
224d44,extab,74fab8
224e98,cant,1
224ea8,inline,80a8b0b0
224f4c,extab,74fa9c
22507c,inline,80acb0b0
2251d0,inline,80a8b0b0
2251f4,inline,80d1acb0
225328,inline,80d0aab0
2253bc,cant,1
2253e4,extab,74faa8
2254f4,cant,1
2254fc,inline,80a8b0b0
2255ac,cant,1
2255b4,inline,80a8b0b0
2256f8,inline,8000abb0
22577c,cant,1
225790,inline,80aeb0b0
2258a8,inline,80aab0b0
2259f8,cant,1
2259fc,inline,80aeb0b0
225aec,cant,1
225b38,inline,80a8b0b0
225b54,cant,1
225b58,inline,8004abb0
225d44,extab,750e50
225f34,cant,1
225f58,extab,750e40
225fd4,cant,1
225fdc,extab,750e30
226058,cant,1
226060,inline,80acb0b0
226158,inline,8002abb0
226294,inline,8000abb0
22635c,extab,750df8
2263c0,cant,1
2263e0,extab,750e20
226408,cant,1
22641c,extab,750e10
226444,cant,1
226460,extab,750dc8
226518,cant,1
226520,inline,80a8b0b0
226538,extab,750db8
226694,cant,1
22669c,inline,80048400
2266dc,cant,1
22673c,extab,750dd8
226874,cant,1
226884,extab,750d6c
226a4c,cant,1
226a70,inline,80a8b0b0
226ae0,extab,750de8
226cb0,cant,1
226cb8,extab,750d8c
2272b0,cant,1
2272c0,inline,80a8b0b0
2272f8,inline,80aab0b0
22735c,cant,1
227364,extab,750d34
22748c,cant,1
2274ac,extab,750d5c
2274d4,cant,1
2274e8,extab,750d4c
227510,cant,1
227524,inline,80a8b0b0
227598,inline,8000abb0
227600,inline,80048400
227638,extab,7511a0
227738,cant,1
227758,extab,751190
227800,cant,1
227830,inline,8000abb0
227898,inline,80d0a8b0
2278fc,inline,80a8b0b0
227af0,inline,80d0aab0
227bbc,inline,80a8b0b0
227c54,extab,751ce0
227fb4,cant,1
227fe0,inline,80acb0b0
2280e4,inline,80d0aab0
2281ac,inline,80d0a8b0
228208,cant,1
228244,inline,80a8b0b0
2282d4,extab,7523f0
228374,cant,1
228394,inline,80a8b0b0
228620,extab,752804
228668,inline,80a8b0b0
228698,cant,1
2286b8,inline,80a8b0b0
2286e0,inline,80aab0b0
22875c,inline,80a8b0b0
228774,extab,750638
2288a8,cant,1
2288cc,inline,80aab0b0
228910,inline,8019aeb0
228a0c,cant,1
228a3c,inline,80a8b0b0
228a6c,inline,80aab0b0
228b58,cant,1
228b5c,inline,80aab0b0
228be8,cant,1
228ccc,inline,80aab0b0
228d64,extab,7506f0
228da4,cant,1
228db8,inline,80a8b0b0
228dc8,cant,1
228dd0,extab,74f7c4
228f14,cant,1
228f1c,inline,80acb0b0
228fcc,cant,1
229090,extab,74f7d4
22919c,cant,1
2291a4,inline,80a8b0b0
2291fc,cant,1
229200,inline,80a8b0b0
229370,extab,751f64
2295f4,cant,1
2295fc,inline,80acb0b0
229890,cant,1
22989c,inline,80a8b0b0
229940,extab,751f84
229cec,cant,1
229d0c,extab,751fa4
229ee4,cant,1
229eec,inline,80a8b0b0
229f48,cant,1
229f54,inline,80aab0b0
229fe8,inline,80acb0b0
22a0c0,inline,80aab0b0
22a114,inline,80a8b0b0
22a1dc,inline,8001a8b0
22a260,inline,80aab0b0
22a360,cant,1
22a36c,inline,80aab0b0
22a480,inline,80a8b0b0
22a4f4,inline,80aab0b0
22a554,inline,80a8b0b0
22a630,cant,1
22a658,inline,80a8b0b0
22a690,cant,1
22a69c,inline,80a8b0b0
22a714,cant,1
22a730,inline,80a8b0b0
22a754,inline,80aab0b0
22a7e8,cant,1
22a808,extab,752e28
22a848,cant,1
22a85c,inline,80a8b0b0
22a86c,cant,1
22a8b4,extab,7530a8
22aa48,cant,1
22aa68,extab,7530c0
22ac90,cant,1
22acb4,extab,753098
22ad9c,cant,1
22adb0,inline,80a8b0b0
22ae8c,extab,753088
22afd0,cant,1
22afd8,extab,7530e0
22b0b0,cant,1
22b0b8,extab,7530f0
22b128,cant,1
22b130,inline,80a8b0b0
22b198,inline,80d0aab0
22b278,inline,80a8b0b0
22b320,cant,1
22b360,inline,80aab0b0
22b3f8,inline,80d0aab0
22b4b0,cant,1
22b4f0,inline,80d0aab0
22b538,extab,7531e0
22b684,cant,1
22b68c,extab,7531f0
22b7c8,cant,1
22b7d0,inline,80aab0b0
22b9a4,inline,80d0aab0
22bb1c,inline,80a8b0b0
22bc18,inline,80d2acb0
22bd54,cant,1
22bdf4,extab,753200
22be64,cant,1
22be6c,inline,80a8b0b0
22bf00,inline,80aab0b0
22bf74,inline,80acb0b0
22c0a4,inline,80aab0b0
22c140,cant,1
22c158,inline,80a8b0b0
22c1c8,inline,80acb0b0
22c2e4,cant,1
22c328,extab,7535b0
22c3b4,cant,1
22c3cc,inline,80a8b0b0
22c4a0,extab,7535c0
22c58c,cant,1
22c594,inline,80d0aab0
22c680,inline,80a8b0b0
22c71c,extab,7544d0
22c7b0,cant,1
22c7c4,inline,80a8b0b0
22c8c0,extab,754c50
22c92c,cant,1
22c940,extab,754c98
22c9b0,cant,1
22c9ec,inline,80a8b0b0
22ca84,cant,1
22caac,inline,80aab0b0
22cbac,extab,755a30
22cc40,cant,1
22cc48,inline,80aab0b0
22cc9c,cant,1
22cca8,extab,755a58
22cd40,cant,1
22cd48,extab,755a40
22ce88,cant,1
22cea8,inline,80aab0b0
22cf3c,extab,755a68
22cfd4,cant,1
22cfdc,inline,80d0aab0
22d0d4,inline,80a8b0b0
22d148,inline,80aab0b0
22d1f4,cant,1
22d238,inline,80a8b0b0
22d29c,extab,756684
22d3b8,cant,1
22d3c0,extab,7566b4
22d4c4,cant,1
22d4e4,extab,75663c
22da74,cant,1
22dabc,extab,756694
22dbdc,cant,1
22dbf8,extab,756674
22dc84,cant,1
22dc8c,inline,80a8b0b0
22dce0,extab,7566a4
22ddd4,cant,1
22dddc,inline,80a8b0b0
22de68,extab,7569cc
22df04,cant,1
22df18,inline,80a8b0b0
22df60,extab,756b9c
22e014,cant,1
22e028,extab,755560
22e0a4,cant,1
22e0b8,inline,80d0aab0
22e194,inline,80aeb0b0
22e2e8,inline,80a8b0b0
22e398,inline,80acb0b0
22e568,cant,1
22e574,inline,80acb0b0
22e60c,cant,1
22e61c,inline,80a8b0b0
22e630,inline,80acb0b0
22e688,cant,1
22e68c,inline,80aab0b0
22e6e0,inline,80acb0b0
22e748,cant,1
22e764,inline,80a8b0b0
22e7d8,extab,751128
22eb90,cant,1
22ebb8,inline,80a8b0b0
22ec8c,cant,1
22ec98,inline,80acb0b0
22edf0,inline,80a8b0b0
22ee4c,inline,80aab0b0
22ee84,inline,80a8b0b0
22eef0,extab,751150
22eff4,cant,1
22f010,inline,80a8b0b0
22f070,extab,751170
22f254,cant,1
22f270,inline,80aab0b0
22f2a8,inline,80a8b0b0
22f378,inline,8000afb0
22f4d8,inline,80aab0b0
22f538,cant,1
22f544,inline,80aab0b0
22f624,inline,80a8b0b0
22f6c4,inline,80aab0b0
22f73c,inline,80a8b0b0
22f784,cant,1
22f788,inline,80a8b0b0
22f7c0,cant,1
22f804,inline,80a8b0b0
22f860,cant,1
22f864,inline,80a8b0b0
22f97c,cant,1
22f988,inline,80a8b0b0
22fa30,cant,1
22fa3c,extab,754934
22fa9c,cant,1
22fabc,inline,80acb0b0
22fbe8,cant,1
22fbf8,extab,754954
22fc68,cant,1
22fc70,extab,754944
22fce8,cant,1
22fcf0,inline,80a8b0b0
22fd00,extab,754964
22fe80,cant,1
22fe88,extab,754924
22fee0,cant,1
22fef4,inline,80a8b0b0
22ff04,inline,80acb0b0
230044,cant,1
230048,inline,80a8b0b0
230088,cant,1
230228,inline,80a8b0b0
23026c,extab,750720
230374,cant,1
23037c,extab,750710
2303bc,cant,1
2303d0,inline,80a8b0b0
2303e0,cant,1
230408,inline,80a8b0b0
23045c,extab,751558
2304cc,cant,1
23050c,inline,80a8b0b0
23067c,cant,1
23068c,inline,80a8b0b0
230934,cant,1
23093c,inline,80aab0b0
2309d8,cant,1
2309e4,extab,750c20
230ac8,cant,1
230ad0,extab,750c40
230b60,cant,1
230b68,extab,750c50
230c38,cant,1
230c40,inline,80a8b0b0
230d00,extab,750c30
230e00,cant,1
230e08,inline,80d0aab0
230ee4,inline,80a8b0b0
230f0c,extab,750c10
230f50,cant,1
230f64,inline,80a8b0b0
230ff0,cant,1
231044,inline,80a8b0b0
2310ac,extab,755848
23132c,cant,1
23134c,extab,755868
23163c,cant,1
231644,inline,80a8b0b0
2316a0,inline,80aab0b0
23172c,cant,1
231738,inline,80aab0b0
2317cc,inline,80acb0b0
2318a4,inline,80aab0b0
2318f8,inline,80a8b0b0
2319d0,extab,755c3c
231d28,cant,1
231d38,inline,80aab0b0
231d80,extab,755c14
231e54,cant,1
231e5c,inline,8003aab0
231f9c,cant,1
231fe4,inline,80aab0b0
2320dc,cant,1
232108,inline,8006afb0
232238,cant,1
232254,inline,80a8b0b0
232278,extab,755c24
23249c,cant,1
2324ac,inline,80aab0b0
232554,cant,1
232570,inline,80aeb0b0
2325f0,inline,80a8b0b0
23268c,cant,1
2326e0,inline,80a8b0b0
232704,cant,1
232708,extab,755bdc
232868,cant,1
232888,extab,755c04
2328b0,cant,1
2328c4,extab,755bf4
2328ec,cant,1
232900,extab,755c64
23299c,cant,1
2329c0,inline,80a8b0b0
2329e8,cant,1
232a00,inline,80a8b0b0
232a64,extab,756714
232b80,cant,1
232b88,extab,756744
232c94,cant,1
232cb4,extab,7566c4
2330fc,cant,1
233124,extab,756724
23323c,cant,1
233258,extab,756704
2332e4,cant,1
2332ec,inline,80a8b0b0
233340,extab,756734
233438,cant,1
233440,inline,80a8b0b0
233554,inline,80aab0b0
2335d4,extab,757544
233684,cant,1
233698,inline,80a8b0b0
233704,extab,756e3c
23381c,cant,1
233824,extab,756e5c
233918,cant,1
233938,extab,756e7c
233a60,cant,1
233a90,extab,756e4c
233ba8,cant,1
233bc8,inline,80a8b0b0
233c48,cant,1
233c6c,inline,80acb0b0
233de0,extab,756f34
233f28,cant,1
233f30,inline,80a8b0b0
233f54,extab,756f7c
2341bc,cant,1
234260,extab,756fa4
2342ac,cant,1
2342b4,inline,80a8b0b0
234318,cant,1
23433c,extab,756ef4
2345d8,cant,1
2345e0,inline,80aab0b0
234604,extab,756f04
23498c,cant,1
2349b8,inline,80a8b0b0
234a0c,extab,756ee4
234ad4,cant,1
234adc,extab,756f54
234b98,cant,1
234bac,extab,756f64
234d2c,cant,1
234d34,extab,756f44
234ddc,cant,1
234e00,inline,8001aeb0
23518c,inline,80acb0b0
235268,inline,80a8b0b0
235288,inline,800cafb0
235484,inline,8001a8b0
235504,cant,1
235528,extab,756e94
2355b0,cant,1
2355c4,extab,756eb4
2355f4,cant,1
235608,extab,756ea4
235638,cant,1
23564c,inline,80a8b0b0
235758,cant,1
235764,inline,80a8b0b0
2357f0,cant,1
2357f4,inline,80a8b0b0
235854,cant,1
235888,inline,801bd0ac
235a40,cant,1
235a48,inline,8004a9b0
235c80,cant,1
235c9c,inline,80a8b0b0
235d70,cant,1
235d88,inline,80a8b0b0
235f30,inline,80aab0b0
235f88,inline,80a8b0b0
236068,cant,1
23609c,inline,80a8b0b0
236130,cant,1
236140,inline,80a8b0b0
23616c,cant,1
236170,inline,80a8b0b0
2361e4,inline,80aab0b0
236298,inline,80a8b0b0
236308,cant,1
23635c,inline,80a8b0b0
236414,extab,750810
2366cc,cant,1
236720,extab,7507c8
2367ec,cant,1
236800,inline,80a8b0b0
236850,cant,1
236858,extab,7507e8
236c48,cant,1
236c68,inline,80aab0b0
236d04,extab,7507d8
236e40,cant,1
236e48,inline,80a8b0b0
236ea4,cant,1
236f70,extab,7507b8
2371c8,cant,1
2371d0,inline,80a8b0b0
23732c,extab,750800
237474,cant,1
23747c,inline,80d0aab0
237558,extab,750830
2375cc,cant,1
2375d4,extab,7507a8
237668,cant,1
23767c,inline,80a8b0b0
2376c4,extab,752318
237718,cant,1
23772c,inline,80a8b0b0
23775c,extab,753120
237b3c,cant,1
237b44,inline,80a8b0b0
237bec,cant,1
237c34,inline,80aab0b0
237ccc,extab,753188
238344,cant,1
238370,inline,80a8b0b0
238390,cant,1
2383d8,extab,753130
2385f8,cant,1
238600,extab,753148
238678,cant,1
23868c,extab,753158
238704,cant,1
238718,extab,753168
238790,cant,1
2387a4,extab,753110
238850,cant,1
238858,extab,753100
2388e0,cant,1
2388e8,extab,753178
23896c,cant,1
238974,inline,80acb0b0
238a78,inline,80a8b0b0
238c9c,inline,80d2acb0
238db8,cant,1
238e58,extab,7531d0
238ec8,cant,1
238ed0,inline,80a8b0b0
238fa0,inline,80aab0b0
239034,extab,75381c
239128,cant,1
23913c,extab,754be8
2391c0,cant,1
2391d4,extab,755398
239230,cant,1
239244,inline,80a8b0b0
2392a8,extab,755bbc
23986c,cant,1
239874,inline,80a8b0b0
2398e8,cant,1
2398fc,inline,80a8b0b0
239954,cant,1
239960,inline,80aab0b0
239a9c,inline,80a8b0b0
239c18,extab,755bcc
23a048,cant,1
23a050,inline,80a8b0b0
23a094,inline,80aab0b0
23a1bc,cant,1
23a1c8,inline,80aab0b0
23a2dc,cant,1
23a330,inline,80aeb0b0
23a528,inline,80a8b0b0
23a5d4,cant,1
23a5f4,inline,80aab0b0
23a690,cant,1
23a6a8,extab,75605c
23aac0,cant,1
23aad0,inline,80a8b0b0
23ab0c,extab,75609c
23acfc,cant,1
23ad10,extab,75604c
23ad98,cant,1
23ada8,inline,80aab0b0
23ae60,inline,80a8b0b0
23ae74,inline,8007aeb0
23af58,extab,7560ac
23b03c,cant,1
23b044,inline,80d0aab0
23b130,inline,80a8b0b0
23b19c,cant,1
23b1a4,inline,80aab0b0
23b240,extab,7560cc
23b640,cant,1
23b650,inline,80a8b0b0
23b70c,cant,1
23b718,extab,7560bc
23b7a4,cant,1
23b7b4,inline,80a8b0b0
23b880,inline,8003aeb0
23b964,extab,75610c
23ba3c,cant,1
23ba44,inline,80d0aab0
23bb30,inline,80a8b0b0
23bb84,cant,1
23bb9c,inline,80a8b0b0
23bc00,cant,1
23bc28,extab,75626c
23bfbc,cant,1
23bfec,inline,80a8b0b0
23c040,extab,75621c
23c0d4,cant,1
23c0f0,extab,756254
23c204,cant,1
23c230,inline,80a8b0b0
23c284,extab,75622c
23c320,cant,1
23c328,extab,7562a4
23c3a8,cant,1
23c3b0,extab,75623c
23c49c,cant,1
23c4b8,inline,80a8b0b0
23c54c,cant,1
23c564,inline,80a8b0b0
23c5c4,cant,1
23c6a8,extab,7564cc
23c7c8,cant,1
23c7e8,extab,75645c
23cd5c,cant,1
23cd8c,extab,7564ac
23ced4,cant,1
23cedc,inline,80048400
23cf1c,cant,1
23cf24,extab,75640c
23d2e8,cant,1
23d314,inline,8004a9b0
23d3ec,extab,7564dc
23d5b0,cant,1
23d5c0,extab,756434
23d778,cant,1
23d79c,inline,80a8b0b0
23d7fc,extab,7564ec
23d9d0,cant,1
23da0c,extab,75644c
23da80,cant,1
23da98,inline,80a8b0b0
23db1c,extab,7564bc
23dc20,cant,1
23dc28,extab,7563dc
23ddbc,cant,1
23ddd0,extab,7563fc
23ddf8,cant,1
23de0c,extab,7563ec
23de34,cant,1
23de60,inline,80a8b0b0
23dec4,extab,75655c
23dfb0,cant,1
23dfb8,extab,75658c
23e0bc,cant,1
23e0dc,extab,756514
23e440,cant,1
23e468,extab,7564fc
23e674,cant,1
23e690,extab,75656c
23e7d0,cant,1
23e7ec,extab,75654c
23e878,cant,1
23e880,inline,80a8b0b0
23e8d4,extab,75657c
23e9c8,cant,1
23e9d0,inline,80aab0b0
23ea78,inline,80a8b0b0
23ea88,extab,75659c
23ebe8,cant,1
23ec04,inline,803f00af
23ee64,inline,8002abb0
23ef1c,inline,80a8b0b0
23ef80,extab,7565fc
23f090,cant,1
23f098,extab,75662c
23f1a4,cant,1
23f1ac,extab,7565b4
23f550,cant,1
23f578,extab,75660c
23f76c,cant,1
23f774,inline,8012adb0
23f994,cant,1
23f9a8,extab,7565ec
23fa34,cant,1
23fa3c,inline,80a8b0b0
23fa90,extab,75661c
23fb8c,cant,1
23fb94,inline,80aab0b0
23fc70,inline,80a8b0b0
23fd18,extab,754718
240280,cant,1
2402ac,extab,7546e8
240494,cant,1
2404b4,inline,80a8b0b0
240558,extab,7547fc
240674,cant,1
24067c,extab,75480c
2409f4,cant,1
240a48,inline,80aab0b0
240a9c,cant,1
240ac8,extab,7547f0
240d00,inline,80aab0b0
240d94,inline,80acb0b0
240e1c,cant,1
240e44,inline,80a8b0b0
240edc,cant,1
240f14,extab,750e60
24112c,cant,1
24113c,inline,80a8b0b0
241164,extab,750ed0
2411b8,cant,1
2411cc,extab,750ee0
241220,cant,1
241234,extab,750f20
241374,cant,1
24137c,inline,80a8b0b0
24139c,cant,1
2413b0,extab,750e90
2414ac,cant,1
2414b4,extab,750e78
2415b0,cant,1
2415e0,extab,750ea8
241814,cant,1
241824,inline,8002d1ad
241be4,extab,750ec0
241c38,cant,1
241c4c,extab,750f08
241e8c,cant,1
241e94,extab,750ef0
2420d4,cant,1
2420dc,inline,80a8b0b0
242148,cant,1
242150,extab,750f80
2421a4,cant,1
2421b8,extab,750f90
24220c,cant,1
242220,extab,750fb0
2423e0,cant,1
242410,extab,750fa0
242464,cant,1
242490,extab,750f40
2428a4,cant,1
2428c4,extab,750f70
242918,cant,1
242934,extab,750f30
242978,cant,1
24298c,inline,80a8b0b0
242ca4,extab,751ea0
242d14,cant,1
242d28,inline,80a8b0b0
242e38,extab,750bf0
242eac,cant,1
242ed8,inline,80aeb0b0
242f58,cant,1
242f80,inline,80aab0b0
24302c,cant,1
24307c,inline,80a8b0b0
2430d8,extab,752e88
24321c,cant,1
243224,inline,80aab0b0
2432b0,cant,1
243350,extab,752e58
243410,cant,1
243418,extab,752e48
2434b0,cant,1
2434b8,extab,752e78
243544,cant,1
24354c,inline,80a8b0b0
24366c,extab,752e68
2437a4,cant,1
2437ac,inline,80d2acb0
2438c8,cant,1
243968,extab,752e98
2439d8,cant,1
2439e0,inline,80a8b0b0
243aa4,cant,1
243acc,inline,80a8b0b0
243bc8,cant,1
243be0,inline,80a8b0b0
243c44,cant,1
243c6c,extab,756154
244078,cant,1
2440a8,extab,75611c
24415c,cant,1
244188,inline,80a8b0b0
24419c,inline,8002adb0
244278,extab,75612c
2443c8,cant,1
2443d0,extab,75618c
244450,cant,1
244458,extab,75613c
24452c,cant,1
244544,inline,80a8b0b0
244634,cant,1
244644,extab,7561d4
244a08,cant,1
244a38,extab,75619c
244ae0,cant,1
244b0c,inline,80a8b0b0
244b20,inline,8002adb0
244bfc,extab,7561ac
244d34,cant,1
244d3c,extab,75620c
244dbc,cant,1
244dc4,extab,7561bc
244e98,cant,1
244eb0,inline,80a8b0b0
244f5c,cant,1
244f88,extab,754758
244ff4,cant,1
244ffc,inline,80aab0b0
2451e0,extab,754778
2452dc,cant,1
2452ec,inline,80a8b0b0
24531c,inline,80aab0b0
245398,cant,1
2453a4,inline,80d0acb0
2454c0,extab,754748
245550,cant,1
245558,extab,754768
2455dc,cant,1
2455e4,inline,80a8b0b0
24567c,inline,80aab0b0
24572c,cant,1
245734,inline,80a8b0b0
245778,cant,1
245790,inline,80048400
2457d4,extab,7547d8
24592c,cant,1
24595c,extab,7547b0
245c7c,cant,1
245c9c,inline,80a8b0b0
245cc4,extab,7547a0
245d3c,cant,1
245d50,extab,754790
245dc0,cant,1
245dd4,inline,80aab0b0
245e70,extab,75485c
246044,cant,1
246068,inline,80aab0b0
2460f8,cant,1
246104,inline,80d0aab0
2461b8,extab,75483c
246244,cant,1
24624c,extab,75484c
2462bc,cant,1
2462c4,inline,80acb0b0
246368,extab,75487c
246430,cant,1
246438,inline,80a8b0b0
246474,extab,756bd4
2464f8,cant,1
24650c,inline,80a8b0b0
2465b8,cant,1
2465c0,inline,80a8b0b0
246614,cant,1
246640,inline,80a8b0b0
246668,cant,1
246674,inline,80a8b0b0
2466c8,cant,1
2466f4,inline,80a8b0b0
24671c,inline,800d84bf
246838,extab,751078
24690c,cant,1
246934,extab,751068
2469ac,cant,1
2469e4,extab,751020
246e24,cant,1
246e54,extab,751058
246ef4,cant,1
246efc,inline,80a8b0b0
246f24,cant,1
246f28,extab,7510b8
246fcc,cant,1
247018,extab,751088
247558,cant,1
247580,inline,80a8b0b0
24782c,extab,751f08
247874,cant,1
2478b0,inline,80a8b0b0
2478e0,cant,1
2478f8,inline,80a8b0b0
24795c,cant,1
247984,extab,75630c
247d68,cant,1
247d98,extab,7562b4
247e88,cant,1
247ea4,extab,7562f4
248004,cant,1
248030,inline,80a8b0b0
248044,inline,8004adb0
248124,extab,7562c4
248394,cant,1
2483a4,extab,756344
248424,cant,1
24842c,extab,7562dc
248500,cant,1
24851c,inline,80a8b0b0
248610,extab,756a28
248688,cant,1
24869c,extab,751000
2487ac,cant,1
2487b4,extab,751010
248824,cant,1
248864,extab,750fd0
248aa0,cant,1
248ab0,extab,750fe8
248cd8,cant,1
248ce0,inline,80a8b0b0
248ebc,extab,752824
248f04,cant,1
248f18,extab,752a8c
248fcc,cant,1
248fe0,inline,80a8b0b0
2490c8,cant,1
249114,extab,7548dc
2494d4,cant,1
2494f4,inline,80aab0b0
2496a8,cant,1
2496b4,inline,80aab0b0
2497e0,inline,80a8b0b0
2497f4,extab,7548fc
2499d8,cant,1
2499e8,extab,754914
249a58,cant,1
249a60,inline,80a8b0b0
249c04,cant,1
249c54,extab,755960
249d00,cant,1
249d2c,inline,80a8b0b0
249d8c,extab,75639c
249ea4,cant,1
249eac,extab,7563cc
249fb4,cant,1
249fd4,extab,756354
24a37c,cant,1
24a3a4,extab,7563ac
24a4d4,cant,1
24a4f0,extab,75638c
24a57c,cant,1
24a584,inline,80a8b0b0
24a5d8,extab,7563bc
24a6cc,cant,1
24a6d4,inline,80a8b0b0
24a7b4,cant,1
24a7cc,extab,75779c
24a948,cant,1
24a974,inline,80aab0b0
24aa1c,cant,1
24aa20,inline,80a8b0b0
24ab04,cant,1
24ab1c,inline,80a8b0b0
24ab50,cant,1
24ab54,inline,80a8b0b0
24ac5c,extab,752e38
24acb4,cant,1
24acc8,inline,80a8b0b0
24b14c,extab,754974
24b1bc,cant,1
24b1d0,inline,80a8b0b0
24b200,extab,750c60
24b25c,cant,1
24b270,inline,80a8b0b0
24b2f0,cant,1
24b318,inline,80a8b0b0
24b348,cant,1
24b360,inline,80a8b0b0
24b3ac,extab,755cec
24b48c,cant,1
24b4ac,extab,755ca4
24b7e0,cant,1
24b800,extab,755c94
24b8d4,cant,1
24b8f4,inline,80a8b0b0
24b934,extab,755cdc
24ba00,cant,1
24ba08,extab,755c74
24ba84,cant,1
24ba8c,extab,755c84
24bb40,cant,1
24bb54,inline,80aab0b0
24bbc4,inline,80a8b0b0
24bc8c,inline,80d0aab0
24bd58,inline,80a8b0b0
24bdf0,extab,751cc0
24c044,cant,1
24c07c,inline,80acb0b0
24c180,inline,8006afb0
24c37c,inline,80d0aab0
24c444,inline,80d0a8b0
24c4a0,extab,751c98
24d0b8,cant,1
24d114,inline,80a8b0b0
24d240,extab,750840
24d2ec,cant,1
24d300,inline,80a8b0b0
24d5ec,cant,1
24d614,inline,80aab0b0
24d7cc,inline,80a8b0b0
24d8b8,cant,1
24d8e0,inline,80a8b0b0
24dcc8,inline,80aab0b0
24ddbc,cant,1
24ddf4,inline,8000a9b0
24df98,inline,80a8b0b0
24e034,cant,1
24e1b8,inline,80a8b0b0
24e248,cant,1
24e24c,extab,74fe10
24e31c,cant,1
24e324,extab,74fdf0
24e39c,cant,1
24e3b4,inline,800facb0
24e414,inline,8010adb0
24e480,extab,74fd00
24e4e4,cant,1
24e4ec,extab,74fd40
24e560,cant,1
24e568,extab,74fd20
24e5e0,cant,1
24e5e8,extab,74fd30
24e664,cant,1
24e66c,extab,74fd10
24e6e4,cant,1
24e6ec,inline,80008400
24e70c,extab,74fcf0
24e7cc,cant,1
24e7e0,extab,74fbc0
24e974,cant,1
24e9a0,extab,74fdc0
24ea48,cant,1
24ea60,inline,80aab0b0
24eab4,cant,1
24eae4,extab,74fde0
24eb48,cant,1
24eb50,extab,74fdd0
24ebb4,cant,1
24ebbc,extab,74fbd8
24ecb0,cant,1
24ecdc,inline,80acb0b0
24ed44,extab,74fc30
24edf8,cant,1
24ee1c,inline,80a8b0b0
24ee90,inline,80acb0b0
24ef50,cant,1
24ef68,inline,8002d0ad
24f0b0,inline,80aab0b0
24f104,cant,1
24f1e0,extab,74fc70
24f370,cant,1
24f528,extab,74fdb0
24f58c,cant,1
24f594,extab,74fda0
24f5f8,cant,1
24f600,extab,74fe00
24f664,cant,1
24f66c,extab,74fd90
24f6dc,cant,1
24f6e4,extab,74fd80
24f754,cant,1
24f75c,extab,74fd70
24f7d0,cant,1
24f7d8,inline,80aab0b0
24f800,extab,74fd60
24f874,cant,1
24f87c,extab,74fd50
24f8f0,cant,1
24f8f8,inline,80d0a8b0
24f9c0,inline,80aab0b0
24f9f0,cant,1
24fa7c,inline,80d0aab0
24fb98,cant,1
24fbe0,inline,8027d1ae
250038,cant,1
250040,extab,752ee8
25015c,cant,1
250170,inline,80a8b0b0
250198,cant,1
2501f0,inline,80d0a8b0
2502d8,inline,8021d0aa
2507d0,cant,1
250808,extab,752ea8
2508b4,cant,1
2508c8,extab,752ed0
250924,cant,1
250944,extab,752eb8
250994,cant,1
250a04,inline,80a8b0b0
250b94,cant,1
250b98,extab,752fe8
250f7c,cant,1
250f9c,inline,80a8b0b0
251078,extab,752f60
251370,cant,1
2513a0,inline,80a8b0b0
251404,inline,80acb0b0
251490,extab,753018
251564,cant,1
2515c4,inline,80aab0b0
251604,inline,8026a9b0
2516b4,extab,752fc0
2518b8,cant,1
2518cc,extab,752f50
251ac8,cant,1
251ad0,inline,80acb0b0
251c7c,inline,8024a9b0
251d20,cant,1
251d58,extab,752f40
251dd0,cant,1
251dd8,extab,752fd8
251e3c,cant,1
251e44,inline,80aab0b0
251f30,inline,80a8b0b0
251fac,extab,753028
2520b0,cant,1
2520b8,inline,80aab0b0
2521c0,extab,752fb0
2523c0,cant,1
2523c8,inline,80d0aab0
2524a4,extab,752ef8
2525ec,cant,1
25260c,extab,752f28
252658,cant,1
252678,extab,752f10
2526bc,cant,1
252740,extab,7533d8
25286c,extab,753338
252b80,cant,1
252c04,inline,80aab0b0
252c44,cant,1
252c8c,inline,80aab0b0
252d7c,inline,8000a9b0
252e34,inline,8000afb0
25304c,inline,80acb0b0
2530c8,cant,1
2530e0,inline,80a8b0b0
253188,cant,1
253200,extab,753434
253508,cant,1
253518,extab,753260
253e80,cant,1
253ecc,inline,80aeb0b0
254014,cant,1
25402c,extab,7533e4
254474,cant,1
254488,extab,7533fc
254500,cant,1
254508,inline,80aeb0b0
25459c,extab,753424
254600,cant,1
254608,inline,8009acb0
25481c,inline,80a8b0b0
2549b0,extab,75340c
254bc8,cant,1
254bd8,inline,80d0aab0
254cb4,extab,75345c
254d38,cant,1
254d40,extab,753210
254e80,cant,1
254eb4,extab,753248
254ef4,cant,1
254f14,extab,753230
254f54,cant,1
254fb4,extab,7559f8
2553c4,cant,1
2553e4,extab,7559b8
255514,cant,1
25551c,inline,80acb0b0
2556cc,cant,1
2556d8,extab,7559c8
255750,cant,1
255764,extab,7559d8
2557e4,cant,1
2557f8,inline,80aab0b0
25581c,cant,1
255824,extab,7559e8
255a10,cant,1
255a18,extab,7559a0
255b14,cant,1
255b24,inline,80a8b0b0
255ba4,inline,80aab0b0
255c2c,extab,75366c
255d0c,cant,1
255d20,inline,80aab0b0
255dc4,inline,8007acb0
255f38,inline,8000abb0
25601c,extab,753620
25610c,inline,8000abb0
2561c0,inline,80aab0b0
256214,inline,80acb0b0
256370,extab,75369c
2565ec,cant,1
256600,inline,8006adb0
2566b4,inline,80acb0b0
2567a8,extab,75365c
256a2c,cant,1
256a40,extab,7536ac
256b68,cant,1
256b7c,extab,75362c
256d74,cant,1
256d90,extab,75367c
2570fc,cant,1
257118,inline,80aab0b0
257150,cant,1
257174,inline,80028400
2571b0,inline,80a8b0b0
2571d4,inline,80aeb0b0
257310,inline,80acb0b0
2573ac,extab,753610
25745c,cant,1
257470,inline,80aab0b0
2574f4,inline,8000abb0
2575c4,cant,1
25763c,inline,8000a9b0
2576c4,cant,1
257740,inline,8000abb0
2579d0,cant,1
2579d8,inline,8000a9b0
257ae0,cant,1
257c64,inline,80aeb0b0
257d68,inline,80aab0b0
257de4,cant,1
257e14,inline,80acb0b0
257f30,extab,757d08
257f9c,cant,1
257fa4,extab,757d28
258004,cant,1
25800c,extab,757d18
258064,cant,1
25806c,inline,8005a8b0
2580f8,cant,1
258100,inline,80a8b0b0
258128,cant,1
258198,inline,8003a8b0
258208,cant,1
258288,inline,80a8b0b0
2582c0,inline,8004adb0
258474,cant,1
2584e8,inline,80a8b0b0
258548,inline,80acb0b0
2585c4,cant,1
2585d8,extab,7581f4
258d40,cant,1
258d54,inline,8003acb0
258e04,inline,80aeb0b0
258fc4,cant,1
258fe0,inline,80a8b0b0
2590e8,cant,1
25911c,inline,80aab0b0
2591b8,extab,7581e4
259204,cant,1
259218,extab,7581d4
25925c,cant,1
259270,inline,80aab0b0
25931c,inline,80acb0b0
2593cc,cant,1
2594a0,inline,80aab0b0
259590,cant,1
25959c,inline,80aab0b0
2595e8,cant,1
259778,extab,757144
259aac,cant,1
259adc,inline,8020afb0
25a270,extab,7571e4
25a524,cant,1
25a55c,inline,8020afb0
25ad50,inline,8002a9b0
25aeb8,inline,8026afb0
25b778,inline,8002a9b0
25b82c,inline,80a8b0b0
25b860,extab,75716c
25bd50,cant,1
25bd88,inline,80aab0b0
25be94,extab,7570cc
25c03c,cant,1
25c094,extab,75711c
25c10c,cant,1
25c164,extab,7570f4
25c1d8,cant,1
25c2c8,inline,8000adb0
25c4e0,inline,8000a9b0
25c638,cant,1
25c660,inline,80a8b0b0
25c684,inline,8004a9b0
25c754,cant,1
25c76c,inline,80a8b0b0
25c794,inline,8004a9b0
25c89c,cant,1
25c8a4,inline,80aab0b0
25c904,inline,80a8b0b0
25c934,extab,75aa1c
25c9cc,cant,1
25c9e0,inline,80a8b0b0
25ca1c,extab,75a9d8
25cc0c,cant,1
25cca0,inline,80aab0b0
25cddc,cant,1
25ce40,inline,80a8b0b0
25cf94,inline,80acb0b0
25d010,inline,80aab0b0
25d114,inline,80acb0b0
25d200,cant,1
25d42c,extab,75a9c8
25d4bc,cant,1
25d4c4,extab,75a9b8
25d550,cant,1
25d558,inline,8004afb0
25dde8,inline,8000abb0
25dea0,inline,80a8b0b0
25debc,cant,1
25df54,inline,80aeb0b0
25e274,inline,8004abb0
25e530,cant,1
25e5d0,inline,80a8b0b0
25e608,cant,1
25e618,inline,8002abb0
25e920,extab,75a9e4
25e9bc,cant,1
25e9c8,inline,80a8b0b0
25e9e8,cant,1
25ece8,inline,808400b0
25ed94,inline,80008400
25ee08,cant,1
25f40c,inline,80aab0b0
25f4b4,cant,1
25f814,inline,80a8b0b0
25f830,cant,1
25f86c,inline,80a8b0b0
25f888,cant,1
25f8c4,inline,80a9b0b0
25f9f4,cant,1
25fe70,inline,808400b0
25fef0,cant,1
25ffb8,inline,80a8b0b0
25ffec,cant,1
260040,inline,8005a8b0
26050c,inline,8000a9b0
260ad0,cant,1
260c7c,inline,80a8b0b0
260ca0,cant,1
260cb0,inline,80a8b0b0
260cd4,inline,80aeb0b0
260dc0,cant,1
260e84,inline,8004afb0
261058,cant,1
261088,inline,80a8b0b0
2610bc,inline,8003aab0
261130,cant,1
2611cc,inline,8000a9b0
261240,inline,8003aab0
2612b4,inline,8005aab0
26132c,cant,1
261360,inline,80aeb0b0
2613b8,cant,1
261428,inline,80aeb0b0
261554,cant,1
261580,inline,80aab0b0
26160c,inline,80acb0b0
261680,cant,1
26168c,inline,8002afb0
261990,inline,80a8b0b0
2619b8,cant,1
261a5c,inline,80acb0b0
261ac8,inline,80aab0b0
261b34,inline,80aeb0b0
261c5c,extab,75aa2c
261ccc,cant,1
261cec,extab,75aa64
261d5c,cant,1
261d8c,extab,75aa44
261df8,cant,1
261f9c,inline,8004afb0
2620a0,cant,1
262100,inline,80acb0b0
26228c,inline,8005a8b0
262310,inline,80aeb0b0
2624a0,inline,808400b0
2624bc,inline,80a8b0b0
2624cc,inline,8001a8b0
262618,cant,1
262644,inline,80acb0b0
2626e8,inline,8000afb0
26285c,cant,1
2629a0,inline,80aeb0b0
262c80,inline,80aab0b0
262d04,cant,1
262d90,inline,8004abb0
262e4c,inline,80a8b0b0
262e80,cant,1
262ea4,inline,8018afb0
2635a8,inline,80acb0b0
263648,cant,1
263660,inline,8004afb0
263ba0,inline,80aab0b0
263ce0,inline,8005aeb0
263f44,inline,80acb0b0
263fd8,inline,80aab0b0
264078,inline,80a8b0b0
2640bc,cant,1
2640d4,inline,80aab0b0
264160,cant,1
264178,inline,80acb0b0
264294,inline,80a8b0b0
264370,inline,80008400
264468,inline,8000abb0
264554,cant,1
2645f0,inline,8004afb0
264728,inline,8004adb0
264830,cant,1
2648b0,inline,80aab0b0
264948,extab,75aa04
264a8c,inline,80a8b0b0
264af8,cant,1
264b00,inline,80acb0b0
264d30,cant,1
264d38,inline,8008afb0
264e90,inline,80acb0b0
2650c0,cant,1
2650c8,inline,80aab0b0
26530c,inline,80acb0b0
265404,cant,1
265418,inline,80aeb0b0
265530,inline,80aab0b0
2655ac,inline,80acb0b0
26563c,extab,75aa10
2657ac,extab,75a9f4
265814,cant,1
265820,inline,8000adb0
265a8c,cant,1
265a90,inline,8012afb0
26820c,inline,8007aab0
2683ac,inline,8003aab0
268420,inline,8007aab0
2685c0,inline,80acb0b0
2688bc,inline,8007acb0
268a08,inline,80aeb0b0
268b64,inline,8030afb0
268d90,inline,8010abb0
268ed4,inline,80aab0b0
268f44,cant,1
268f48,inline,8010abb0
26908c,cant,1
2690a0,inline,8002afb0
269624,cant,1
26963c,inline,8002afb0
2698f0,inline,80aab0b0
269a00,cant,1
269a04,inline,80aeb0b0
269b40,inline,8004afb0
26a61c,extab,7503e8
26a848,cant,1
26a950,inline,80a8b0b0
26a984,extab,750428
26b244,cant,1
26b258,inline,80acb0b0
26b4cc,extab,750328
26b778,cant,1
26b7f4,extab,7503a8
26b880,cant,1
26b8fc,extab,750368
26b984,cant,1
26ba00,inline,8000afb0
26c628,inline,80aab0b0
26c98c,cant,1
26ca74,inline,80aeb0b0
26d054,cant,1
26d41c,inline,80aab0b0
26d4c8,extab,74a560
26d6c4,cant,1
26d71c,inline,80a8b0b0
26d7fc,extab,74a550
26d854,cant,1
26d868,extab,74a540
26d8b0,cant,1
26d8c4,extab,74c48c
26dcec,inline,80d1aab0
26df8c,inline,8016d0af
26e38c,inline,80d0a8b0
26e43c,inline,80acb0b0
26e4e8,inline,8001acb0
26e554,inline,8006afb0
26e81c,inline,80acb0b0
26e884,extab,74c4b0
26eb8c,inline,80acb0b0
26edc8,inline,8004afb0
26eedc,inline,8004d1ad
26f0cc,inline,80acb0b0
26f134,inline,803cafb0
26f2f4,inline,80acb0b0
26f65c,inline,800aafb0
26f6fc,inline,80aab0b0
26f768,inline,80d2a8b0
26f87c,inline,80d0a8b0
26f930,inline,80acb0b0
26f9dc,extab,74c4d4
26fd78,inline,80d3aab0
26ffcc,inline,8009d0ae
2700b4,inline,80d0aab0
2701cc,inline,80acb0b0
270278,inline,8006afb0
270394,inline,800ad0a9
2704fc,inline,80d1aab0
270754,inline,8017aab0
270854,inline,80d1acb0
27091c,inline,8028d0a9
270a98,inline,80aab0b0
270bac,inline,8018abb0
270c6c,inline,80d3a8b0
270dc0,inline,80d0aab0
270f08,inline,80acb0b0
270fb4,inline,8000afb0
27107c,inline,8000abb0
271128,inline,803f19ac
27147c,cant,1
2714f8,inline,80aab0b0
271564,extab,74c4bc
2716c8,inline,8018adb0
2717ec,inline,80d7aab0
272114,inline,80d0aab0
2722f4,inline,80acb0b0
2723a0,inline,80aab0b0
27240c,inline,8004d1ad
2725e0,inline,80acb0b0
272648,inline,803eafb0
272814,inline,80acb0b0
272b7c,inline,8000afb0
272c44,inline,8000abb0
272cf0,inline,803f19ac
273044,inline,80aab0b0
2730a0,extab,74c4c8
2731e8,inline,8017acb0
273314,inline,80d2acb0
27361c,inline,80d0aab0
2737f0,inline,80acb0b0
27389c,inline,80d3aab0
273948,extab,74c4f8
273f88,inline,8018d0ad
274080,inline,80aeb0b0
274138,inline,80d0aeb0
2742d4,inline,8012d0af
274574,inline,80acb0b0
274618,inline,80a8b0b0
27464c,inline,80d3aab0
274794,inline,80a8b0b0
27485c,inline,8005d0ae
274950,inline,80a8b0b0
2749d0,inline,8024abb0
274ca8,inline,800bd0ae
274d74,cant,1
274d90,inline,80acb0b0
274e3c,extab,74c498
274f88,inline,80aeb0b0
27503c,inline,801cafb0
2750f8,inline,80acb0b0
2751b4,inline,803cafb0
275304,extab,74c4a4
2754c0,inline,80acb0b0
27560c,inline,8008d0af
2758f4,inline,80acb0b0
27595c,inline,803f14af
275bdc,inline,80acb0b0
275e10,inline,80d1a8b0
275e90,inline,80d0a8b0
275eec,inline,8006d0ad
275fb0,inline,80acb0b0
27605c,inline,80d1aab0
2760b8,extab,74c4ec
2762e0,cant,1
2762f0,extab,74c4e0
27654c,inline,80acb0b0
2765f0,extab,74c514
276754,cant,1
276768,inline,8000abb0
276824,inline,80a8b0b0
276834,inline,80acb0b0
276930,extab,74c550
276ab0,cant,1
276ac4,inline,80aab0b0
276b74,extab,74c560
276be8,cant,1
276bfc,inline,8003d1ac
276d00,extab,74c588
276d44,cant,1
276d4c,inline,80a8b0b0
276dac,inline,8005d1ac
276ebc,extab,74c598
276f64,cant,1
276f6c,extab,74c56c
27747c,inline,8012adb0
27776c,cant,1
27777c,extab,74c504
2777c8,cant,1
2777dc,inline,80a8b0b0
2777ec,extab,74c538
277874,cant,1
277894,inline,80aab0b0
27792c,inline,80acb0b0
2779f0,inline,8000adb0
277b04,extab,74c5c0
277d74,cant,1
277d94,inline,80aab0b0
277dd8,inline,80a8b0b0
277e44,cant,1
277e68,inline,80a8b0b0
277edc,inline,80aab0b0
277f60,inline,80a8b0b0
277fa4,cant,1
277fc8,inline,80a8b0b0
277ff4,inline,80aab0b0
27811c,inline,80d0aab0
2781cc,inline,8006abb0
278268,inline,80d0aab0
278304,inline,80aab0b0
2783b8,cant,1
2783d8,inline,80a8b0b0
278410,inline,8028d3a9
2787e4,inline,80a8b0b0
2788e8,inline,80d1a8b0
278944,inline,80a8b0b0
278990,inline,80d1a8b0
2789ec,inline,80a8b0b0
278a38,inline,80d0a8b0
278a88,inline,80a8b0b0
278af8,extab,74c52c
278ce0,inline,80aab0b0
278e10,inline,80acb0b0
278ee0,inline,80a8b0b0
278f08,cant,1
278fb8,inline,80aab0b0
27900c,inline,8010d1af
27962c,inline,800baab0
27977c,inline,8006d2ad
2798f8,inline,8005aeb0
279a78,inline,8006d2ad
279bf4,inline,80aab0b0
279d24,inline,80a8b0b0
279d34,inline,80acb0b0
279e98,inline,80aab0b0
279ee0,inline,80d0a8b0
279fa0,inline,80a8b0b0
279fb4,cant,1
279fb8,inline,80aab0b0
27a008,extab,74c364
27a118,inline,80a8b0b0
27a214,inline,8001a8b0
27a254,inline,80a8b0b0
27a270,cant,1
27a290,inline,8002abb0
27a370,inline,80d1a8b0
27a44c,inline,8006d0af
27a848,inline,80acb0b0
27a92c,cant,1
27a930,inline,8002a9b0
27a998,cant,1
27a9cc,inline,80a8b0b0
27aa68,cant,1
27aa7c,inline,8014d3af
27af90,inline,8004afb0
27b290,cant,1
27b344,inline,80acb0b0
27b3c8,cant,1
27b40c,inline,80aab0b0
27b440,cant,1
27b470,inline,80aab0b0
27b600,inline,8003aab0
27b774,inline,80d0acb0
27b858,cant,1
27b870,inline,80d0aab0
27b960,cant,1
27b964,inline,8000a9b0
27b9b8,inline,80a8b0b0
27ba18,cant,1
27ba44,inline,80aab0b0
27ba78,cant,1
27ba9c,inline,8003a8b0
27bb54,cant,1
27bb64,extab,74c37c
27bfdc,inline,80aab0b0
27c018,cant,1
27c030,inline,80aab0b0
27c1ec,inline,80a8b0b0
27c290,cant,1
27c2b4,inline,80aab0b0
27c2f4,inline,8002d0a9
27c414,inline,800bacb0
27c6a0,cant,1
27c6f8,inline,80a8b0b0
27c774,inline,8003d0ae
27c8bc,cant,1
27c8c4,inline,800cd1ab
27ca98,inline,800aa9b0
27cca0,inline,8009d1a8
27cd7c,inline,80a8b0b0
27cda0,inline,80aeb0b0
27cea8,inline,80a8b0b0
27cfd0,cant,1
27cfe4,inline,80d3a8b0
27d204,cant,1
27d220,inline,80008400
27d24c,cant,1
27d300,inline,80a8b0b0
27d328,inline,8003aab0
27d3a8,extab,74c370
27d6a0,inline,80028400
27d6d4,inline,800aa9b0
27d7f8,inline,80aab0b0
27d848,inline,80d0acb0
27dc64,cant,1
27dcac,inline,800aa9b0
27ddf4,cant,1
27de38,inline,80aab0b0
27defc,cant,1
27df00,inline,80028400
27df2c,inline,8002a9b0
27df80,cant,1
27df90,inline,80aab0b0
27e054,cant,1
27e0b8,inline,8001aab0
27e2a0,inline,8002a9b0
27e304,cant,1
27e320,inline,80a8b0b0
27e364,cant,1
27e3a4,inline,80a8b0b0
27e3d8,cant,1
27e3e8,inline,80a8b0b0
27e42c,inline,80aab0b0
27e474,inline,80aeb0b0
27e5f0,extab,74c32c
27e9ec,cant,1
27ea18,extab,74c354
27ea64,cant,1
27ea80,extab,74c344
27ead0,cant,1
27ec1c,inline,8006d1af
27ed44,inline,80a8b0b0
27edc8,cant,1
27ee80,inline,800aadb0
27f44c,inline,80a8b0b0
27f474,cant,1
27f4dc,inline,80aeb0b0
27f5e4,inline,80a8b0b0
27f7a4,cant,1
27f860,inline,80aab0b0
27f8a8,inline,80acb0b0
27fb40,inline,80aab0b0
27fc04,cant,1
27fc1c,inline,80acb0b0
27fce8,cant,1
27fd08,inline,80aab0b0
27fefc,inline,80acb0b0
27ffc8,cant,1
280094,inline,80aab0b0
280150,cant,1
280204,inline,80aab0b0
2802c0,cant,1
2802d8,inline,80a8b0b0
2802f8,cant,1
280314,inline,8006d1ad
2803cc,extab,74c320
2808fc,inline,8006d2ab
280a30,inline,80aab0b0
280a6c,inline,8005a8b0
280ad4,inline,8006d2ab
280c08,inline,80d0aab0
280e30,inline,80aab0b0
280f28,inline,80008400
280f48,inline,8030d0af
2812d0,inline,80aeb0b0
281388,cant,1
2813d0,inline,8001a8b0
281448,inline,80aab0b0
2815d8,inline,80a8b0b0
2815e8,inline,80008400
281608,extab,74c3c0
281b44,inline,80acb0b0
281bf0,cant,1
281c04,inline,80a8b0b0
281cf8,cant,1
281d00,inline,8001a8b0
281d78,inline,80aab0b0
281da4,inline,80a8b0b0
281e64,inline,80aab0b0
281ed0,inline,80a8b0b0
281f14,inline,80008400
281f34,extab,74c3cc
2822b0,inline,80acb0b0
282348,cant,1
282350,inline,8000a9b0
282388,inline,80aab0b0
282408,inline,80a8b0b0
282428,inline,80aab0b0
282458,inline,80a8b0b0
28248c,cant,1
282490,inline,80008400
2824b0,inline,8030d0af
28282c,inline,80acb0b0
2828c4,cant,1
2828cc,inline,8000a9b0
282904,inline,80aab0b0
282934,inline,80a8b0b0
282968,inline,80008400
282988,inline,800ed0af
282c84,inline,80acb0b0
282d1c,cant,1
282d24,inline,8000a9b0
282d5c,inline,80aab0b0
282d8c,inline,80a8b0b0
282dc0,cant,1
282dc4,inline,80008400
282de4,inline,800faeb0
28310c,inline,80acb0b0
2831bc,cant,1
2831c4,inline,8000a9b0
2831fc,inline,80aab0b0
28321c,inline,801aabb0
283328,inline,80a8b0b0
283360,inline,80aab0b0
2833d0,inline,80a8b0b0
28341c,cant,1
283420,inline,80008400
283440,inline,8030d0af
283828,inline,80acb0b0
2838dc,inline,80a8b0b0
2838f4,cant,1
2838fc,inline,8001a8b0
283974,inline,80aab0b0
283a68,inline,80a8b0b0
283ab8,inline,80008400
283ad8,extab,74c3d8
283e30,inline,80acb0b0
283ec8,cant,1
283ef4,inline,8000a9b0
283f2c,inline,80a8b0b0
283f6c,inline,80aab0b0
283f9c,inline,80a8b0b0
283fd0,inline,80008400
283ff0,inline,800ed0af
2842f0,inline,80acb0b0
2843a4,cant,1
2843ac,inline,8000a9b0
2843e4,inline,8018adb0
2844b4,inline,80aab0b0
284508,inline,80a8b0b0
284558,inline,80008400
284578,inline,8012d0af
2848dc,inline,80acb0b0
284974,cant,1
28497c,inline,8001a8b0
2849f4,inline,80a8b0b0
284a14,inline,80aab0b0
284a5c,inline,80a8b0b0
284a90,cant,1
284a94,inline,80008400
284ab4,inline,8017d0ae
284dec,inline,80acb0b0
284e98,cant,1
284ea0,inline,8000a9b0
284ed8,inline,80aab0b0
284ef8,inline,801daeb0
285010,inline,80a8b0b0
285048,inline,80aab0b0
28509c,inline,80a8b0b0
2850e0,cant,1
2850e4,inline,80008400
285104,extab,74c3f0
28550c,extab,74c3e4
2855d0,cant,1
2855d8,inline,8000a9b0
285610,inline,80aab0b0
285630,cant,1
285648,inline,8017d0ae
2857e8,inline,80a8b0b0
2858b8,inline,80aab0b0
28595c,inline,80a8b0b0
28596c,cant,1
285970,inline,80008400
285990,inline,80a8b0b0
2859a8,inline,802cd0af
285f3c,extab,74c3fc
28606c,cant,1
28608c,inline,80aeb0b0
286158,cant,1
286194,inline,8000adb0
286200,cant,1
286208,inline,8000a9b0
286240,cant,1
286250,inline,80aab0b0
2862f8,inline,80a8b0b0
286360,cant,1
286364,inline,80008400
286384,inline,8030d0af
286728,inline,80acb0b0
2867d0,cant,1
2867d8,inline,8000a9b0
286810,inline,801dacb0
286908,inline,801cabb0
2869f4,inline,80a8b0b0
286a40,inline,80aab0b0
286a94,inline,80a8b0b0
286ad4,cant,1
286ad8,inline,80008400
286af8,inline,8018d0ad
286e5c,inline,80acb0b0
286f04,cant,1
286f0c,inline,8000a9b0
286f44,inline,80aab0b0
286fe0,inline,80a8b0b0
287020,cant,1
287024,inline,80008400
287044,inline,801cd0ad
2873bc,inline,80acb0b0
287464,inline,80a8b0b0
287480,cant,1
287488,inline,8000a9b0
2874c0,inline,80aab0b0
287508,inline,80a8b0b0
28755c,inline,80aab0b0
2875b0,inline,80a8b0b0
2875f0,cant,1
2875f4,inline,80008400
287614,inline,8030d0af
2879e8,inline,80acb0b0
287a80,cant,1
287a88,inline,8001a8b0
287b00,cant,1
287b04,inline,80aab0b0
287b4c,inline,80a8b0b0
287b80,cant,1
287b84,inline,80008400
287ba4,inline,8015d0ae
287f48,inline,80acb0b0
287ff0,cant,1
287ff8,inline,8001a8b0
288070,inline,80aab0b0
2880c8,cant,1
2880cc,inline,80aab0b0
288138,inline,80a8b0b0
288178,cant,1
28817c,inline,80008400
28819c,inline,8030d0af
288564,inline,80acb0b0
28861c,cant,1
28868c,inline,8000a9b0
2886c4,inline,80aab0b0
2886e4,inline,8018abb0
288844,inline,80a8b0b0
28888c,inline,80aab0b0
2888e0,inline,80a8b0b0
288934,cant,1
288938,inline,80008400
288958,inline,800cafb0
288a90,inline,8015d0ae
288db4,extab,74c40c
288ec4,cant,1
288ee0,inline,8000a9b0
288f18,inline,801dacb0
289010,inline,801cabb0
2890fc,inline,800cafb0
289320,inline,80aab0b0
289374,extab,74c3b0
28940c,cant,1
289420,inline,80a8b0b0
289430,inline,80008400
289450,inline,8017d0ae
289760,inline,80acb0b0
2897f8,cant,1
289800,inline,8000a9b0
289838,inline,80aab0b0
289868,inline,80a8b0b0
28989c,inline,80008400
2898bc,inline,800ed0af
289b94,inline,80acb0b0
289c3c,cant,1
289c44,inline,8000a9b0
289c7c,inline,801dacb0
289d74,inline,801cabb0
289e60,inline,80a8b0b0
289e98,inline,80aab0b0
289eec,inline,80a8b0b0
289f2c,inline,80008400
289f4c,inline,8001d2aa
28a140,extab,74c42c
28a630,inline,80acb0b0
28a6f8,cant,1
28a700,inline,800fd1ae
28acd0,inline,8001a8b0
28ad48,inline,80a8b0b0
28ae64,inline,80aab0b0
28aeac,inline,80a8b0b0
28af10,inline,80008400
28af30,inline,800cd0af
28b364,inline,80acb0b0
28b414,cant,1
28b41c,inline,8001a8b0
28b494,inline,80aab0b0
28b4b4,inline,801daeb0
28b5cc,inline,80d2a8b0
28b964,inline,80aab0b0
28b9ec,inline,80a8b0b0
28ba38,inline,80008400
28ba58,inline,8010d0af
28bdac,inline,80acb0b0
28be44,cant,1
28be4c,inline,8001a8b0
28bec4,inline,80aab0b0
28bf0c,inline,80a8b0b0
28bf40,inline,80008400
28bf60,inline,800fd0ae
28c218,inline,80acb0b0
28c2b0,cant,1
28c2b8,inline,8000a9b0
28c2f0,inline,80aab0b0
28c320,inline,80a8b0b0
28c354,inline,80008400
28c374,extab,74c438
28c6d8,inline,80acb0b0
28c770,cant,1
28c79c,inline,8000a9b0
28c7d4,inline,80a8b0b0
28c814,inline,80aab0b0
28c844,inline,80a8b0b0
28c878,inline,80008400
28c898,inline,800fd0ae
28cb70,inline,80acb0b0
28cc18,cant,1
28cc20,inline,8000a9b0
28cc58,inline,801dacb0
28cd50,inline,801cabb0
28ce3c,inline,80a8b0b0
28ce74,inline,80aab0b0
28cec8,inline,80a8b0b0
28cf08,inline,80008400
28cf28,inline,8030d0af
28d2c8,inline,80acb0b0
28d374,inline,80a8b0b0
28d394,cant,1
28d39c,inline,8001a8b0
28d414,inline,80a8b0b0
28d500,inline,80aab0b0
28d548,inline,80a8b0b0
28d58c,inline,80008400
28d5ac,inline,800fd0ae
28d864,inline,80acb0b0
28d914,cant,1
28d91c,inline,8000a9b0
28d954,inline,80aab0b0
28d974,inline,8006a9b0
28db24,inline,80aab0b0
28db54,inline,80a8b0b0
28db9c,cant,1
28dba0,inline,80008400
28dbc0,inline,8017d0ae
28df34,inline,80acb0b0
28dfcc,cant,1
28dfd4,inline,8001a8b0
28e04c,cant,1
28e054,inline,80aab0b0
28e09c,inline,80a8b0b0
28e0d0,cant,1
28e0d4,inline,80008400
28e0f4,inline,8008d0ad
28e2d0,inline,80acb0b0
28e368,cant,1
28e370,inline,8000a9b0
28e3a8,cant,1
28e3b0,inline,80aab0b0
28e3e0,inline,80a8b0b0
28e414,cant,1
28e418,inline,80008400
28e438,extab,74c444
28e9cc,inline,80acb0b0
28ea50,cant,1
28ea90,inline,8001a8b0
28eb08,cant,1
28eb24,inline,80aab0b0
28ef8c,extab,74c41c
28f0c0,cant,1
28f0d4,inline,80a8b0b0
28f0e4,cant,1
28f0e8,inline,80008400
28f108,inline,8030d0af
28f548,inline,80acb0b0
28f5f4,cant,1
28f5fc,inline,8000a9b0
28f634,inline,80aab0b0
28f654,inline,801daeb0
28f768,inline,80a8b0b0
28f7b4,inline,80aab0b0
28f808,inline,80a8b0b0
28f84c,cant,1
28f850,inline,80008400
28f870,inline,8012d0af
28fca0,inline,80acb0b0
28fd38,cant,1
28fd40,inline,8000a9b0
28fd78,cant,1
28fd80,inline,80aab0b0
28fdb0,inline,80a8b0b0
28fde4,cant,1
28fde8,inline,80008400
28fe08,extab,74c450
290288,inline,80acb0b0
290320,cant,1
2903a0,inline,8001a8b0
290418,cant,1
29041c,inline,80a8b0b0
290440,inline,80aab0b0
290488,inline,80a8b0b0
2904bc,cant,1
2904c0,inline,80008400
2904e0,inline,8015d0ae
2907c8,inline,80acb0b0
290870,cant,1
290878,inline,8000a9b0
2908b0,inline,801dacb0
2909a8,inline,801cabb0
290a94,inline,80a8b0b0
290acc,inline,80aab0b0
290b20,inline,80a8b0b0
290b60,cant,1
290b64,inline,80008400
290b84,inline,8012d0af
290fc8,inline,80acb0b0
291060,cant,1
291068,inline,8000a9b0
2910a0,cant,1
2910a4,inline,8003d0a8
2911b4,inline,80aab0b0
2911e4,inline,80a8b0b0
291218,cant,1
29121c,inline,80008400
29123c,inline,80a8b0b0
291254,inline,8030d0af
291668,extab,74c45c
291784,cant,1
2917a4,inline,80acb0b0
291878,inline,8005aab0
2919c0,inline,8000adb0
291a2c,cant,1
291a3c,inline,8001a8b0
291ab4,cant,1
291ad0,inline,80a8b0b0
291af4,inline,80aeb0b0
291bd8,inline,80aab0b0
291c44,inline,80a8b0b0
291cac,cant,1
291cb0,inline,80008400
291cd0,inline,80a8b0b0
291ce8,inline,8030d0af
29208c,extab,74c46c
2921bc,cant,1
2921dc,inline,80aeb0b0
2922a8,cant,1
2922e4,inline,8000adb0
292350,cant,1
292360,inline,8000a9b0
292398,cant,1
29239c,inline,80a8b0b0
2923c0,inline,80aab0b0
292468,inline,80a8b0b0
2924d0,inline,80008400
2924f0,inline,800ed0af
2928b0,inline,80acb0b0
29296c,cant,1
292974,inline,8001a8b0
2929ec,inline,80aab0b0
292a0c,inline,801daeb0
292bdc,cant,1
292c08,inline,80aab0b0
292c90,inline,80a8b0b0
292ce8,inline,80008400
292d08,inline,80acb0b0
292dd4,cant,1
292e1c,inline,8001a8b0
292e94,inline,80aab0b0
292eb4,inline,801daeb0
2930d4,inline,80a8b0b0
29310c,inline,80aab0b0
293194,inline,80a8b0b0
2931f8,inline,80008400
293218,inline,800ed0af
293518,inline,80acb0b0
2935b0,cant,1
2935b8,inline,8000a9b0
2935f0,inline,80aab0b0
293620,inline,80a8b0b0
293654,inline,80008400
293674,extab,74c388
293bf0,inline,80acb0b0
293c9c,cant,1
293ca4,inline,8001a8b0
293d1c,inline,80aab0b0
293d74,inline,80a8b0b0
293eb8,inline,80aab0b0
293f24,inline,80a8b0b0
293f68,inline,80008400
293f88,inline,8010d0af
29429c,inline,80acb0b0
294334,cant,1
29433c,inline,8001a8b0
2943b4,inline,80aab0b0
2943fc,inline,80a8b0b0
294430,inline,80aab0b0
294454,inline,80008400
294474,inline,80aab0b0
294784,extab,74c3a4
29505c,inline,8003acb0
295214,inline,80acb0b0
29529c,cant,1
2952a0,inline,80aab0b0
29538c,inline,8004afb0
2954d4,cant,1
2955bc,inline,80acb0b0
295700,cant,1
29570c,inline,80aab0b0
2957e4,inline,8004d0af
295a2c,inline,800aabb0
295c28,inline,8002a9b0
295cc4,inline,80acb0b0
295dbc,cant,1
295dc0,inline,80acb0b0
296028,inline,80aab0b0
296130,inline,80a8b0b0
2961d8,inline,80aeb0b0
2962bc,extab,74c394
296380,cant,1
296394,inline,80a8b0b0
2963a4,inline,80008400
2963c4,inline,8010d0af
29671c,inline,80acb0b0
2967b4,cant,1
2967bc,inline,8001a8b0
296834,inline,80aab0b0
29687c,inline,80a8b0b0
2968b0,inline,80008400
2968d0,inline,800bd0ae
296c14,inline,80acb0b0
296cbc,cant,1
296cc4,inline,8001a8b0
296d3c,inline,80aab0b0
296d5c,inline,8020afb0
296f14,inline,80a8b0b0
296f58,inline,80aab0b0
296fe0,inline,80a8b0b0
297028,cant,1
29702c,inline,80008400
29704c,inline,803f0eaf
2973a8,inline,80acb0b0
29745c,cant,1
297478,inline,8000a9b0
2974b0,inline,8018adb0
297580,inline,80aab0b0
2975d4,inline,80a8b0b0
297624,inline,80008400
297644,inline,800ed0af
297a38,inline,80acb0b0
297ad0,cant,1
297ad8,inline,8000a9b0
297b10,inline,80a8b0b0
297bf4,inline,80aab0b0
297c24,inline,80a8b0b0
297c58,cant,1
297c5c,inline,80008400
297c7c,inline,801cd0af
2980f4,inline,80acb0b0
29819c,inline,80a8b0b0
2981b8,cant,1
2981c0,inline,8000a9b0
2981f8,inline,80aab0b0
298240,inline,8003a8b0
29829c,inline,80aab0b0
2982f0,inline,80a8b0b0
298330,cant,1
298334,inline,80008400
298354,inline,8018d0af
29882c,inline,80acb0b0
2988d4,cant,1
2988dc,inline,8001a8b0
298954,inline,801dacb0
298a4c,inline,801cabb0
298b38,inline,80a8b0b0
298b70,inline,80aab0b0
298bdc,inline,80a8b0b0
298c1c,cant,1
298c20,inline,80008400
298c40,inline,8018d0ad
298fa0,inline,80aeb0b0
299058,cant,1
299060,inline,8000a9b0
299098,inline,80aab0b0
2990b8,inline,801aabb0
2992a4,inline,80a8b0b0
2992d4,inline,80aab0b0
299368,inline,80a8b0b0
299378,cant,1
29937c,inline,80008400
29939c,inline,801cd0ad
2996b8,inline,80acb0b0
299750,cant,1
299758,inline,8000a9b0
299790,cant,1
299798,inline,80aab0b0
2997c8,inline,80a8b0b0
2997fc,cant,1
299800,inline,80008400
299820,inline,8017d0ae
299b68,inline,80aeb0b0
299c20,inline,80a8b0b0
299c48,cant,1
299c50,inline,8000a9b0
299c88,inline,80aab0b0
299ca8,inline,8005aab0
299e54,cant,1
299e58,inline,80aab0b0
299ee8,inline,80a8b0b0
299ef8,cant,1
299efc,inline,80008400
299f1c,inline,801bd0ae
29a290,inline,80acb0b0
29a328,cant,1
29a330,inline,8001a8b0
29a3a8,cant,1
29a3b0,inline,80aab0b0
29a3f8,inline,80a8b0b0
29a42c,cant,1
29a430,inline,80008400
29a450,inline,8011d0ae
29a7b4,inline,80acb0b0
29a84c,cant,1
29a854,inline,8001a8b0
29a8cc,cant,1
29a8d4,inline,80aab0b0
29a91c,inline,80a8b0b0
29a950,cant,1
29a954,inline,80008400
29a974,inline,801bd0ae
29ace0,inline,80acb0b0
29ad78,cant,1
29ad80,inline,8001a8b0
29adf8,cant,1
29ae00,inline,80aab0b0
29ae48,inline,80a8b0b0
29ae7c,cant,1
29ae80,inline,80008400
29aea0,inline,8030d0af
29b23c,inline,80acb0b0
29b2e8,cant,1
29b2f0,inline,8000a9b0
29b328,inline,80aab0b0
29b348,inline,801daeb0
29b460,inline,80a8b0b0
29b4ac,inline,80aab0b0
29b500,inline,80a8b0b0
29b544,cant,1
29b548,inline,80008400
29b568,inline,8017d0ae
29b8f8,inline,80acb0b0
29b9a8,cant,1
29b9b0,inline,8000a9b0
29b9e8,inline,80aab0b0
29ba08,inline,8024afb0
29bc00,inline,80a8b0b0
29bc44,inline,80aab0b0
29bcd0,inline,80a8b0b0
29bd1c,cant,1
29bd2c,inline,80aab0b0
29bd68,cant,1
29bda8,inline,80aab0b0
29bde4,inline,80acb0b0
29be60,inline,80a8b0b0
29be70,cant,1
29be88,inline,8002adb0
29bfb8,cant,1
29c084,inline,80a8b0b0
29c130,cant,1
29c138,inline,800ad3af
29c2f4,inline,80aeb0b0
29c348,extab,74c5d8
29c544,cant,1
29c558,inline,80a8b0b0
29c568,inline,8008a9b0
29cd40,inline,8000a9b0
29cd90,inline,80acb0b0
29cdec,inline,8002d2af
29cf8c,cant,1
29cf94,inline,80acb0b0
29d010,cant,1
29d018,inline,8003d0ae
29d1f0,inline,8003aab0
29d2d4,cant,1
29d300,inline,80d1aab0
29d3bc,inline,80a8b0b0
29d3e4,inline,8004a9b0
29d4f0,inline,80d0acb0
29d5ac,inline,8001acb0
29d6a8,inline,80acb0b0
29d738,inline,80aab0b0
29d870,inline,80a8b0b0
29d8c4,cant,1
29d8dc,inline,803bd1a8
29da70,cant,1
29da8c,inline,80a8b0b0
29dbb0,inline,80aab0b0
29dd2c,cant,1
29dd68,inline,803fd1aa
29de80,cant,1
29dea0,inline,8003d1aa
29df5c,cant,1
29dfa8,inline,80acb0b0
29e054,inline,80aab0b0
29e088,cant,1
29e0e4,extab,74c5cc
29e290,inline,80acb0b0
29e334,inline,80a8b0b0
29e37c,inline,80aab0b0
29e4f8,cant,1
29e548,inline,803ea9b0
29e630,cant,1
29e650,inline,8003d1aa
29e70c,cant,1
29e764,inline,80acb0b0
29e810,inline,800cd1ab
29e9d8,inline,8006d0af
29ea90,inline,80aab0b0
29eb14,inline,80acb0b0
29ebc0,inline,80aab0b0
29ec04,cant,1
29ec08,inline,8002d3ad
29edb8,cant,1
29edc0,inline,80aab0b0
29edfc,inline,8006d2af
29efc0,inline,80acb0b0
29f03c,cant,1
29f044,inline,8003d0ae
29f218,inline,8003aab0
29f2fc,cant,1
29f328,inline,80d1aab0
29f3d8,inline,80a8b0b0
29f3f8,cant,1
29f414,inline,8003a8b0
29f49c,inline,80d0acb0
29f558,inline,8002adb0
29f658,inline,80acb0b0
29f6d4,inline,80aab0b0
29f814,inline,80a8b0b0
29f90c,inline,80acb0b0
29f9c8,inline,80a8b0b0
29fae8,inline,8002d0af
2a0090,inline,80aab0b0
2a01e0,inline,80a8b0b0
2a0c14,inline,80acb0b0
2a0cb0,inline,80aab0b0
2a0e44,inline,8006a9b0
2a109c,inline,8002adb0
2a135c,inline,80aeb0b0
2a13f8,cant,1
2a1404,inline,80acb0b0
2a15d8,extab,74c47c
2a16b0,cant,1
2a16c4,inline,80a8b0b0
2a16d4,inline,80088400
2a1720,inline,8000a9b0
2a17b0,extab,74caf0
2a187c,cant,1
2a1890,extab,74cb00
2a1b04,cant,1
2a1b18,inline,8004a9b0
2a1bd8,inline,80acb0b0
2a1c54,inline,801faab0
2a1cd0,cant,1
2a1cdc,inline,80aab0b0
2a1d40,inline,801faab0
2a1dbc,inline,8004a9b0
2a1e7c,cant,1
2a1f64,extab,74cb10
2a239c,cant,1
2a23e4,inline,80acb0b0
2a248c,inline,8004a9b0
2a2590,inline,80acb0b0
2a26b0,inline,8004a9b0
2a27e0,inline,80a8b0b0
2a28c0,cant,1
2a28d0,inline,8000a9b0
2a2950,inline,80aeb0b0
2a2ac8,inline,80a8b0b0
2a2b4c,inline,80aeb0b0
2a2c10,inline,80aab0b0
2a2c50,cant,1
2a2c88,inline,8000afb0
2a2f84,inline,80aab0b0
2a2fb0,cant,1
2a2fd8,extab,74cc6c
2a3018,cant,1
2a3020,extab,74cc5c
2a305c,cant,1
2a3064,inline,8000a9b0
2a30fc,inline,80aeb0b0
2a3220,inline,8003aab0
2a32d0,inline,80aab0b0
2a32fc,cant,1
2a3308,inline,80a8b0b0
2a3358,inline,80acb0b0
2a33c4,inline,80aab0b0
2a3404,inline,8000afb0
2a36ec,cant,1
2a371c,extab,74cc9c
2a375c,cant,1
2a3764,extab,74cc8c
2a37a0,cant,1
2a3d2c,inline,80acb0b0
2a3f5c,inline,80a8b0b0
2a3f84,extab,74ccac
2a3fe8,cant,1
2a3ff0,extab,74cccc
2a402c,cant,1
2a4034,extab,74ccbc
2a406c,cant,1
2a4074,inline,8000abb0
2a4104,cant,1
2a4144,inline,80aeb0b0
2a4274,cant,1
2a42b0,inline,8000abb0
2a44f8,cant,1
2a46b0,inline,80aab0b0
2a47a8,cant,1
2a48b4,inline,80aeb0b0
2a4990,cant,1
2a49cc,inline,80a8b0b0
2a4aa4,inline,8000afb0
2a4d94,inline,80acb0b0
2a4e14,inline,80aab0b0
2a4e70,cant,1
2a4ec8,extab,74ccec
2a4f38,cant,1
2a4f40,extab,74ccdc
2a4fac,cant,1
2a5088,inline,8004a9b0
2a51a8,cant,1
2a51c4,inline,8002abb0
2a5304,cant,1
2a536c,inline,8000abb0
2a53c4,inline,80a8b0b0
2a5400,inline,80008400
2a5454,inline,80acb0b0
2a55fc,inline,8002afb0
2a57ec,inline,80aeb0b0
2a5bb0,inline,8018adb0
2a5d24,inline,8009acb0
2a5e34,extab,74cd08
2a5f88,inline,80aeb0b0
2a6160,inline,80acb0b0
2a631c,inline,8001d0aa
2a6360,extab,74cd14
2a64c0,cant,1
2a64d8,inline,8001d0ac
2a6628,cant,1
2a66a0,inline,80aab0b0
2a66ec,inline,80a8b0b0
2a6828,inline,80aab0b0
2a68c4,inline,8006afb0
2a6cdc,inline,8004abb0
2a6d88,inline,8000d0af
2a6f18,inline,80aab0b0
2a6f84,extab,74ccfc
2a7068,cant,1
2a7080,inline,8004abb0
2a7104,cant,1
2a715c,inline,80aeb0b0
2a72b4,inline,80a8b0b0
2a730c,inline,8004afb0
2a74b0,cant,1
2a74e4,inline,80a8b0b0
2a7554,cant,1
2a759c,inline,8000a9b0
2a7604,extab,74c9e8
2a7740,cant,1
2a775c,inline,8004a9b0
2a7810,inline,80aab0b0
2a7900,inline,80acb0b0
2a79f8,cant,1
2a7a04,inline,8004a9b0
2a7ab8,cant,1
2a7b00,inline,8003acb0
2a7cd4,inline,80aab0b0
2a7d6c,cant,1
2a7da0,inline,80acb0b0
2a7e38,inline,80a8b0b0
2a7ee0,cant,1
2a7ef0,inline,8000afb0
2a7fb4,inline,80a8b0b0
2a7fe8,inline,80aab0b0
2a8064,inline,80a8b0b0
2a808c,cant,1
2a8104,inline,8008adb0
2a83cc,cant,1
2a8414,inline,80aeb0b0
2a8670,inline,80aab0b0
2a86e4,inline,8001aab0
2a87ec,cant,1
2a8804,inline,8006abb0
2a88f8,cant,1
2a8908,inline,80aab0b0
2a89c0,cant,1
2a8a00,inline,8002adb0
2a8cc8,extab,74cb68
2a8d80,cant,1
2a8dac,extab,74cb9c
2a8df0,cant,1
2a8e1c,extab,74cb20
2a8e60,cant,1
2a8e8c,extab,74cc7c
2a8eac,cant,1
2a8ec0,inline,80a8b0b0
2a8ed4,cant,1
2a90c8,inline,8000a9b0
2a9230,inline,80aeb0b0
2a94b4,inline,80aab0b0
2a9538,cant,1
2a955c,extab,74cb90
2a97c8,cant,1
2a983c,inline,80acb0b0
2a98f0,cant,1
2a9904,inline,80aeb0b0
2a9b30,inline,80aab0b0
2a9bfc,cant,1
2a9c3c,extab,74cb58
2a9c64,cant,1
2a9c6c,extab,74cb48
2a9c90,cant,1
2a9c98,inline,80a8b0b0
2a9d9c,inline,8008adb0
2aa01c,cant,1
2aa040,extab,74cbf4
2aa160,cant,1
2aa170,inline,80aab0b0
2aa24c,extab,74cc1c
2aa430,cant,1
2aa470,inline,80acb0b0
2aa4dc,cant,1
2aa520,extab,74cc34
2aa6a0,cant,1
2aa6b0,inline,80aab0b0
2aa718,cant,1
2aa77c,inline,80aeb0b0
2aa904,extab,74cbe4
2aa9d0,cant,1
2aa9e4,inline,8001acb0
2aaad8,cant,1
2aab14,inline,8003aeb0
2aae18,cant,1
2aae7c,extab,74cbd4
2aaf00,cant,1
2aaf08,extab,74cbc4
2aaf88,cant,1
2ab0bc,inline,8004adb0
2ab274,inline,80aab0b0
2ab2c4,inline,80a8b0b0
2ab300,inline,8005aab0
2ab40c,cant,1
2ab588,inline,80d0acb0
2ab5f0,inline,80aab0b0
2ab688,cant,1
2abaf0,inline,80aeb0b0
2abc38,inline,8005aab0
2abcb0,inline,8008adb0
2abe20,inline,8005aab0
2abef4,cant,1
2abf3c,extab,74c8f0
2ac1b4,cant,1
2ac258,inline,80acb0b0
2ac308,inline,80a8b0b0
2ac348,cant,1
2ac364,inline,80a8b0b0
2ac3d8,cant,1
2ac40c,inline,80aab0b0
2ac4a8,cant,1
2ac4d4,inline,80aab0b0
2ac538,cant,1
2ac564,inline,80acb0b0
2ac640,cant,1
2ac6ec,inline,80a8b0b0
2ac724,cant,1
2ac828,inline,80aab0b0
2ac8a4,inline,80a8b0b0
2ac938,cant,1
2ac99c,inline,80aab0b0
2aca34,cant,1
2acbd4,inline,8000abb0
2acc68,inline,80aeb0b0
2ad0a0,inline,80a8b0b0
2ad0e0,inline,8007a8b0
2ad18c,cant,1
2ad1b0,inline,80a8b0b0
2ad1e0,cant,1
2ad240,inline,80aab0b0
2ad2d8,cant,1
2ad314,inline,80aab0b0
2ad39c,inline,800ca9b0
2ad578,cant,1
2ad5dc,inline,80aab0b0
2ad644,inline,80acb0b0
2ad79c,cant,1
2ad84c,inline,80a8b0b0
2ad878,cant,1
2ad958,inline,80a8b0b0
2ad980,cant,1
2ad9c0,inline,80aab0b0
2ada7c,cant,1
2adbfc,inline,80a8b0b0
2adc94,inline,80028400
2adcf4,cant,1
2add94,inline,8006afb0
2adf64,cant,1
2adf8c,inline,80aab0b0
2ae040,inline,80a8b0b0
2ae088,inline,80acb0b0
2ae140,cant,1
2ae160,inline,8016adb0
2ae2e0,cant,1
2ae330,inline,80aab0b0
2ae3b4,cant,1
2ae55c,inline,80aab0b0
2ae5e4,cant,1
2ae654,inline,80aab0b0
2ae754,inline,80acb0b0
2ae7f4,inline,80a8b0b0
2ae824,cant,1
2ae850,inline,80aab0b0
2ae8cc,cant,1
2ae8e4,inline,80acb0b0
2ae99c,cant,1
2aea88,inline,8002abb0
2aeb48,cant,1
2aeb68,inline,80aab0b0
2aebe8,cant,1
2aeca4,inline,8003aeb0
2af29c,cant,1
2af2c0,inline,80a8b0b0
2af2fc,cant,1
2af31c,inline,80aeb0b0
2af418,inline,80acb0b0
2af600,inline,8002adb0
2af984,cant,1
2af9d8,inline,8002abb0
2afae0,cant,1
2afb00,inline,80aab0b0
2afc1c,inline,8009a8b0
2afd38,inline,80aab0b0
2afef8,cant,1
2b0078,inline,80aeb0b0
2b0380,inline,80aab0b0
2b03e8,inline,80a8b0b0
2b0438,extab,74c8fc
2b0584,cant,1
2b05d8,extab,74c954
2b0640,cant,1
2b0684,extab,74c92c
2b06f0,cant,1
2b0734,inline,80a8b0b0
2b0758,inline,80aab0b0
2b07d4,inline,80acb0b0
2b0c58,extab,74c9bc
2b1448,cant,1
2b145c,extab,74c98c
2b1568,cant,1
2b157c,extab,74c9cc
2b1958,cant,1
2b196c,inline,80aab0b0
2b1a94,inline,802eafb0
2b1da8,inline,8003a8b0
2b1df0,inline,8003acb0
2b20a0,inline,80a8b0b0
2b20d8,cant,1
2b20f4,inline,80aab0b0
2b24d0,cant,1
2b2504,inline,80acb0b0
2b25c8,extab,74c97c
2b2668,cant,1
2b267c,extab,74c9ac
2b26a4,cant,1
2b26b8,extab,74c99c
2b26e0,cant,1
2b2784,inline,80aeb0b0
2b28a4,extab,74c9dc
2b2bf8,cant,1
2b2c80,inline,80a8b0b0
2b2cc4,inline,80acb0b0
2b3020,inline,80a8b0b0
2b30c8,inline,80acb0b0
2b360c,inline,80aab0b0
2b3638,inline,80a8b0b0
2b36ac,cant,1
2b36b4,inline,80a8b0b0
2b36e0,extab,74ca28
2b370c,cant,1
2b3720,extab,74ca18
2b3748,cant,1
2b375c,inline,80a8b0b0
2b37a4,extab,74ca58
2b38a8,cant,1
2b38bc,inline,80a8b0b0
2b3904,inline,80aab0b0
2b395c,inline,80a8b0b0
2b39b4,inline,8002abb0
2b3c58,inline,80aab0b0
2b3cc8,inline,80a8b0b0
2b3d50,inline,80aab0b0
2b3e88,inline,8004afb0
2b42b4,inline,8003aab0
2b4420,inline,8003acb0
2b45b8,inline,80a8b0b0
2b4600,inline,8003acb0
2b4798,cant,1
2b47b4,inline,80a8b0b0
2b4828,cant,1
2b4830,inline,80a8b0b0
2b4848,extab,74ca48
2b4874,cant,1
2b4888,extab,74ca38
2b48b0,cant,1
2b48c4,extab,74ca90
2b4d00,cant,1
2b4d14,inline,80a8b0b0
2b4d34,extab,74ca80
2b4d60,cant,1
2b4d74,extab,74ca70
2b4d9c,cant,1
2b4db0,inline,80a8b0b0
2b4dec,inline,8006a9b0
2b4ecc,inline,80a8b0b0
2b4f24,cant,1
2b4f2c,inline,80acb0b0
2b4fd8,cant,1
2b5028,inline,8002a9b0
2b511c,extab,74ca08
2b517c,cant,1
2b518c,inline,80a8b0b0
2b5298,inline,80aab0b0
2b53d4,inline,80a8b0b0
2b5424,cant,1
2b542c,inline,80a8b0b0
2b5454,extab,74cab0
2b5480,cant,1
2b5494,extab,74caa0
2b54bc,cant,1
2b5538,inline,8003a8b0
2b5578,inline,80acb0b0
2b55f4,inline,8001aeb0
2b5940,cant,1
2b5990,inline,80acb0b0
2b5bd4,cant,1
2b5bfc,inline,8001a8b0
2b5c58,cant,1
2b5c60,inline,80aab0b0
2b5cf4,cant,1
2b5cfc,inline,80a8b0b0
2b5df0,inline,80aab0b0
2b5e3c,extab,74ced0
2b606c,cant,1
2b6094,inline,80d0aab0
2b6130,inline,80acb0b0
2b61d8,inline,80d0aab0
2b628c,inline,80a8b0b0
2b6300,inline,80acb0b0
2b63e4,inline,80a8b0b0
2b6438,cant,1
2b644c,inline,8006afb0
2b6620,inline,80aab0b0
2b66a0,inline,8003a8b0
2b672c,inline,8000afb0
2b6830,inline,80aab0b0
2b68cc,inline,80a8b0b0
2b68ec,extab,74cea0
2b6934,cant,1
2b6948,extab,74ce90
2b6988,cant,1
2b699c,inline,80acb0b0
2b6ae4,inline,8002abb0
2b6b8c,inline,80aab0b0
2b6c2c,extab,74ce84
2b6ec8,inline,8003aab0
2b7048,extab,74ce78
2b725c,inline,8002afb0
2b735c,extab,74ce60
2b74b8,cant,1
2b74e0,inline,80aeb0b0
2b768c,inline,80a8b0b0
2b772c,inline,80aab0b0
2b779c,inline,8000d0af
2b7944,inline,80a8b0b0
2b7970,cant,1
2b7988,inline,80acb0b0
2b79fc,inline,80a8b0b0
2b7a38,inline,80d0acb0
2b7b48,inline,80aab0b0
2b7c38,cant,1
2b7c48,inline,80a8b0b0
2b7cec,cant,1
2b7cf4,inline,80aab0b0
2b7d44,cant,1
2b7e94,inline,80aab0b0
2b7f58,extab,74cd68
2b84e0,cant,1
2b8564,inline,8002a9b0
2b8660,cant,1
2b8668,extab,74ce20
2b8a60,inline,8003aab0
2b8cdc,inline,8003a8b0
2b8d60,inline,80a8b0b0
2b8da0,extab,74ce10
2b8fec,inline,800cabb0
2b9170,inline,800daab0
2b926c,extab,74cd20
2b9338,cant,1
2b9358,extab,74cd50
2b93d8,cant,1
2b93f8,extab,74cd38
2b946c,cant,1
2b9504,inline,8004abb0
2b96b8,inline,80aab0b0
2b9738,inline,8003a8b0
2b97c4,inline,8000afb0
2b98bc,inline,80aab0b0
2b9958,inline,80a8b0b0
2b9978,extab,74ce50
2b99c0,cant,1
2b99d4,extab,74ce40
2b9a14,cant,1
2b9a28,inline,80a8b0b0
2b9a60,cant,1
2b9a7c,inline,80a8b0b0
2b9ba8,cant,1
2b9bc4,inline,800dd2aa
2b9ef4,cant,1
2b9f00,inline,80d1aab0
2b9fe4,cant,1
2ba01c,inline,80a8b0b0
2ba0a0,extab,74cec0
2ba0cc,cant,1
2ba0e0,extab,74ceb0
2ba108,cant,1
2ba11c,extab,7539f4
2ba2cc,inline,8008afb0
2bacc0,inline,80aab0b0
2bad24,cant,1
2bad44,inline,80aab0b0
2bae90,inline,8001d0ac
2bb080,inline,80acb0b0
2bb248,inline,80a8b0b0
2bb2bc,inline,8002d0af
2bb5cc,cant,1
2bb5f8,inline,8000afb0
2bb9e8,cant,1
2bb9f0,inline,8000afb0
2bc2d8,cant,1
2bc2e0,inline,8000afb0
2bc568,inline,80aab0b0
2bc630,inline,80a8b0b0
2bc674,inline,8002d0ad
2bc948,inline,80aab0b0
2bc9f8,inline,8000adb0
2bcf6c,inline,8000afb0
2bd53c,inline,80aab0b0
2bd5a0,inline,8001d0ac
2bd798,cant,1
2bd810,inline,80aab0b0
2bd938,inline,8000afb0
2bdc08,inline,800aafb0
2be0b4,extab,7539e4
2be2f8,cant,1
2be30c,inline,80a8b0b0
2be398,inline,80aab0b0
2be3fc,inline,8000a9b0
2be4cc,inline,80aab0b0
2be584,inline,80acb0b0
2be804,cant,1
2be830,inline,80aab0b0
2be8ac,cant,1
2be8bc,inline,80a8b0b0
2be9c8,inline,80aab0b0
2bea2c,inline,8000a9b0
2beac8,inline,80aab0b0
2beb40,inline,80a8b0b0
2becb0,inline,80aab0b0
2bedb4,cant,1
2bede0,inline,80a8b0b0
2bee28,cant,1
2bee38,inline,80a8b0b0
2beec8,inline,8000a9b0
2bef20,inline,80a8b0b0
2bf040,inline,80aab0b0
2bf14c,cant,1
2bf1b4,inline,8002afb0
2bf650,inline,8000a9b0
2bf970,inline,8000adb0
2bfbd8,inline,8000a9b0
2bff2c,inline,8016afb0
2c0068,inline,8010afb0
2c05ac,inline,8002afb0
2c0768,inline,8010afb0
2c0ba0,inline,8012afb0
2c0e48,cant,1
2c0e68,inline,80aab0b0
2c0ed8,inline,8004afb0
2c1490,inline,8010afb0
2c18d0,inline,80aab0b0
2c1920,inline,800daeb0
2c19c8,cant,1
2c1ac8,inline,801eafb0
2c1d00,inline,80a8b0b0
2c1da0,extab,75698c
2c1f00,cant,1
2c1f14,inline,80a8b0b0
2c1f24,inline,80aeb0b0
2c2e6c,cant,1
2c2e9c,inline,80acb0b0
2c302c,inline,80a8b0b0
2c31a0,inline,80aab0b0
2c31e8,cant,1
2c3204,inline,80aab0b0
2c3250,cant,1
2c3260,inline,80aab0b0
2c32b4,cant,1
2c32c8,inline,8000abb0
2c3330,inline,80acb0b0
2c3b04,inline,80aeb0b0
2c3ba4,cant,1
2c3e48,inline,80acb0b0
2c3f14,cant,1
2c3f1c,inline,80aab0b0
2c3f80,cant,1
2c41e4,inline,80aab0b0
2c4210,inline,80a9b0b0
2c42dc,inline,80a8b0b0
2c4300,cant,1
2c4320,inline,80aab0b0
2c434c,cant,1
2c4438,extab,7581bc
2c4558,cant,1
2c45ac,extab,7581c8
2c4ae4,cant,1
2c4b48,inline,800ea9b0
2c4efc,cant,1
2c4f20,inline,8008afb0
2c5104,cant,1
2c5394,inline,8004abb0
2c54e0,cant,1
2c5520,extab,758194
2c5668,cant,1
2c56a8,inline,8018afb0
2c5908,inline,800aafb0
2c5a90,cant,1
2c5aa0,inline,8005aab0
2c5bb4,cant,1
2c5c1c,inline,800eafb0
2c5df0,inline,80a8b0b0
2c5e2c,inline,80aab0b0
2c5e90,inline,8000adb0
2c61cc,inline,80aab0b0
2c6284,inline,800cadb0
2c72cc,inline,80aab0b0
2c73a4,inline,80a8b0b0
2c7518,inline,8003acb0
2c7788,inline,80acb0b0
2c7804,inline,8002a9b0
2c791c,cant,1
2c7930,inline,80aab0b0
2c7c54,cant,1
2c7c70,inline,80a8b0b0
2c7cb4,cant,1
2c7cc4,inline,80aab0b0
2c7da0,inline,80a8b0b0
2c7db0,inline,800aabb0
2c8020,inline,8003aab0
2c818c,inline,8002a9b0
2c81fc,inline,8005aab0
2c8494,inline,80acb0b0
2c8510,inline,80aab0b0
2c8578,inline,8001aab0
2c8654,inline,8006a9b0
2c8840,inline,8005aab0
2c8a58,inline,80acb0b0
2c8bc4,inline,8004afb0
2c8d84,inline,8004adb0
2c9d74,cant,1
2c9d7c,inline,8007acb0
2c9ec8,cant,1
2c9ed8,inline,8002a9b0
2c9f54,inline,80aab0b0
2ca244,extab,758dc0
2ca380,cant,1
2ca394,extab,758de0
2ca3d0,cant,1
2ca3e4,extab,758dd0
2ca41c,cant,1
2ca430,inline,8007acb0
2ca568,cant,1
2ca580,inline,8000afb0
2ca610,inline,80008400
2ca634,inline,80a8b0b0
2ca6c0,inline,8005a8b0
2ca8ec,inline,800faeb0
2ccff8,inline,8001a8b0
2cd050,inline,80a8b0b0
2cd094,inline,80028400
2cd0d0,inline,8005a8b0
2cd330,inline,8000adb0
2cd394,inline,8000afb0
2cd3f4,cant,1
2cd404,inline,800eafb0
2cd974,cant,1
2cd984,inline,8008abb0
2cda74,cant,1
2cda8c,inline,8006a9b0
2cdafc,inline,8000afb0
2cdb5c,inline,8005a8b0
2cdbec,inline,8008abb0
2cdd70,cant,1
2cdd80,inline,800aafb0
2cdf6c,cant,1
2cdfa0,inline,8006adb0
2ce070,inline,8005a8b0
2ce2a0,inline,800aafb0
2ce470,inline,8000adb0
2ce4d4,inline,8008afb0
2ce628,inline,8006abb0
2ce6f8,inline,8000adb0
2ce75c,inline,8006abb0
2ce82c,inline,8000adb0
2cea20,inline,80008400
2cea44,inline,8005a8b0
2cece8,inline,8004a9b0
2ced74,inline,8005a8b0
2cedbc,extab,75b2e0
2cf6f0,cant,1
2cf704,inline,8005a8b0
2cf844,inline,8002a9b0
2cf904,inline,80a8b0b0
2cf97c,inline,8007acb0
2cfa0c,inline,80008400
2cfa3c,cant,1
2cfa50,inline,80088400
2cfa98,inline,8000a9b0
2cfad0,inline,80a8b0b0
2cfb5c,inline,8008adb0
2cfdc4,cant,1
2cfe70,inline,8012adb0
2d0068,cant,1
2d00a8,inline,8000adb0
2d0438,inline,8000afb0
2d0994,inline,8008afb0
2d1120,inline,80a8b0b0
2d1198,inline,80aeb0b0
2d1288,inline,80a8b0b0
2d1298,cant,1
2d13f4,inline,80aab0b0
2d1440,inline,80aeb0b0
2d15c4,cant,1
2d18e8,inline,80a8b0b0
2d1928,inline,80aab0b0
2d1a34,cant,1
2d1b5c,inline,80aab0b0
2d1c10,cant,1
2d1c60,inline,80d0acb0
2d1cb0,inline,8010afb0
2d2390,inline,8005d0aa
2d28e0,inline,8001aeb0
2d2b60,inline,8000adb0
2d2e00,inline,80a8b0b0
2d2f14,inline,8002a9b0
2d2fdc,inline,80aab0b0
2d3080,inline,80acb0b0
2d30fc,inline,8000a9b0
2d31dc,inline,80acb0b0
2d32a8,cant,1
2d32b0,inline,8000adb0
2d37fc,cant,1
2d3814,inline,80a8b0b0
2d3860,inline,80aab0b0
2d3938,inline,80a8b0b0
2d39ec,inline,80aab0b0
2d3ac8,cant,1
2d3b34,inline,8000adb0
2d3e48,inline,80a8b0b0
2d3ee8,extab,755f0c
2d3f74,cant,1
2d3fa0,extab,755f4c
2d3fe0,cant,1
2d400c,extab,755f2c
2d404c,cant,1
2d4078,inline,8002a9b0
2d4140,inline,80a8b0b0
2d41a8,inline,80acb0b0
2d45c4,inline,8002a9b0
2d469c,cant,1
2d46a4,inline,8001aab0
2d4928,cant,1
2d4940,inline,8002a9b0
2d49ac,inline,80aab0b0
2d4a64,inline,80a8b0b0
2d4b00,inline,80acb0b0
2d4b80,extab,755b54
2d4d24,cant,1
2d4d2c,extab,755b6c
2d4da8,cant,1
2d4db0,extab,755b30
2d514c,cant,1
2d5154,inline,8016d1ab
2d528c,cant,1
2d5370,inline,80008400
2d5398,inline,80a8b0b0
2d53b0,inline,80aab0b0
2d544c,inline,8002a9b0
2d553c,cant,1
2d5544,inline,80a8b0b0
2d5574,inline,8003aeb0
2d5774,inline,80a8b0b0
2d57e4,inline,80aab0b0
2d5878,cant,1
2d58ac,inline,8000abb0
2d5c18,inline,80a8b0b0
2d5ccc,inline,8000a9b0
2d5dcc,extab,758ac8
2d614c,cant,1
2d615c,inline,80acb0b0
2d61d8,inline,8004a9b0
2d6400,inline,80aab0b0
2d65dc,inline,8002abb0
2d6760,inline,8001aab0
2d68e8,inline,8002abb0
2d6e98,cant,1
2d6ea0,inline,8003aab0
2d6f54,cant,1
2d6f64,inline,8000a9b0
2d6fdc,inline,80aab0b0
2d7080,extab,758ab8
2d7134,cant,1
2d7148,inline,80a8b0b0
2d7174,cant,1
2d7448,inline,80a8b0b0
2d752c,cant,1
2d756c,inline,80aab0b0
2d75b8,cant,1
2d7610,inline,8001a8b0
2d767c,cant,1
2d7854,inline,80a8b0b0
2d789c,inline,80aab0b0
2d7988,inline,80acb0b0
2d7a04,inline,80aab0b0
2d7b84,inline,80a8b0b0
2d7c04,extab,758b04
2d7c54,cant,1
2d7c5c,inline,80aab0b0
2d80f0,cant,1
2d80f8,extab,758af0
2d82e8,cant,1
2d82f8,inline,80aab0b0
2d8420,inline,80a8b0b0
2d84d4,inline,8002a9b0
2d8538,cant,1
2d87e0,inline,80aab0b0
2d882c,cant,1
2d8af4,extab,757e78
2d8be8,cant,1
2d8c10,inline,8002d0ad
2d8ce4,inline,80a8b0b0
2d8d2c,inline,8002a9b0
2d8e38,inline,80acb0b0
2d8eb4,inline,80a8b0b0
2d9000,inline,8002a9b0
2d9090,extab,758aa8
2d90e0,cant,1
2d90e8,inline,8001d0ae
2d93c4,cant,1
2d93cc,inline,8002a9b0
2d95e0,extab,758a94
2d975c,cant,1
2d976c,inline,8002a9b0
2d97d8,inline,80aab0b0
2d9894,inline,80a8b0b0
2d9928,inline,80aeb0b0
2d9a40,inline,80aab0b0
2d9ae8,inline,80aeb0b0
2d9bf0,extab,757e88
2d9c40,cant,1
2d9c60,extab,757ec0
2d9c8c,cant,1
2d9ca0,extab,757ea8
2d9ccc,cant,1
2d9ce0,inline,80aab0b0
2d9d9c,cant,1
2d9e08,inline,8000adb0
2da150,inline,80a8b0b0
2da1c8,extab,755eac
2da254,cant,1
2da280,extab,755eec
2da2c0,cant,1
2da2ec,extab,755ecc
2da32c,cant,1
2da358,inline,80aab0b0
2da430,cant,1
2da490,inline,8031acb0
2dae1c,inline,80aab0b0
2dae8c,inline,80a8b0b0
2daf3c,inline,8002a9b0
2db0b8,inline,80aab0b0
2db1e0,inline,8000adb0
2db388,inline,80aab0b0
2db3f4,inline,80acb0b0
2db470,inline,8002a9b0
2db548,inline,8000abb0
2db858,cant,1
2db860,inline,8001acb0
2dbf60,cant,1
2dbf78,inline,8002a9b0
2dbfe4,inline,80aab0b0
2dc12c,inline,80a8b0b0
2dc1f4,cant,1
2dc4bc,extab,758b14
2dc584,cant,1
2dc598,inline,8001aab0
2dc630,inline,80a8b0b0
2dc6a8,inline,80acb0b0
2dc724,cant,1
2dc72c,inline,8001aeb0
2dc98c,cant,1
2dc9b8,inline,8002a9b0
2dca24,extab,758b24
2dcb64,cant,1
2dcb78,inline,80a8b0b0
2dcbdc,inline,8000adb0
2dcdec,inline,8003aab0
2dce60,cant,1
2dcec0,inline,80aab0b0
2dcf7c,inline,8008afb0
2dda04,inline,8030afb0
2ddc14,inline,80aeb0b0
2ddda0,inline,8000afb0
2ddf00,inline,80aeb0b0
2de07c,inline,80a8b0b0
2de0f0,extab,75602c
2de9c0,cant,1
2de9f0,inline,8006afb0
2deddc,inline,80acb0b0
2defc8,extab,755f6c
2df148,cant,1
2df1cc,extab,755fec
2df264,cant,1
2df2e8,extab,755fac
2df37c,cant,1
2df654,inline,8004adb0
2df8dc,cant,1
2df8e0,inline,8003aab0
2df934,cant,1
2df95c,inline,8006afb0
2dfbdc,cant,1
2dfbe8,inline,8001a8b0
2dfc48,cant,1
2dfd28,inline,80aab0b0
2dfe4c,cant,1
2e0064,inline,8001a8b0
2e00f0,extab,757f88
2e0308,inline,80aab0b0
2e0448,extab,757f58
2e04a4,cant,1
2e04ac,extab,757f78
2e04e0,cant,1
2e04e8,extab,757f68
2e051c,cant,1
2e0658,inline,80a8b0b0
2e06a4,inline,80aab0b0
2e07ac,extab,75802c
2e084c,cant,1
2e0854,extab,75804c
2e087c,cant,1
2e0884,extab,75803c
2e08a8,cant,1
2e1164,inline,80a8b0b0
2e1180,cant,1
2e1190,inline,80a8b0b0
2e11ac,cant,1
2e154c,inline,80aab0b0
2e1628,cant,1
2e1684,inline,80a8b0b0
2e169c,extab,75812c
2e16c8,cant,1
2e16dc,extab,75811c
2e1704,cant,1
2e171c,inline,80a8b0b0
2e1734,extab,757fa4
2e1760,cant,1
2e1774,extab,757f94
2e179c,cant,1
2e17b0,inline,80aab0b0
2e1984,cant,1
2e19b4,inline,8001a8b0
2e1a60,inline,80aab0b0
2e1abc,inline,80a8b0b0
2e1ad4,extab,7580ec
2e1b00,cant,1
2e1b14,extab,7580dc
2e1b3c,cant,1
2e1b50,inline,80a8b0b0
2e1b98,inline,8007acb0
2e1cd4,cant,1
2e1d1c,inline,80acb0b0
2e1d90,inline,8008afb0
2e24f4,inline,8006afb0
2e2720,inline,80aeb0b0
2e2908,cant,1
2e294c,extab,75809c
2e2b44,cant,1
2e2b4c,inline,8002afb0
2e2d24,inline,8004abb0
2e2e50,inline,8003aab0
2e2fd8,cant,1
2e2ff8,inline,80a8b0b0
2e304c,extab,75808c
2e3098,cant,1
2e30ac,extab,75807c
2e30ec,cant,1
2e3138,inline,80a8b0b0
2e3178,cant,1
2e33ec,inline,80acb0b0
2e3444,cant,1
2e3530,extab,757f28
2e357c,cant,1
2e3584,extab,757f48
2e35b8,cant,1
2e35c0,extab,757f38
2e35f4,cant,1
2e35fc,inline,8009acb0
2e3810,inline,8006a9b0
2e39e4,cant,1
2e3ab4,inline,80aab0b0
2e3b00,cant,1
2e3e2c,inline,8004a9b0
2e3fd8,extab,7580ac
2e40b0,cant,1
2e40b8,extab,7580cc
2e4158,cant,1
2e4160,extab,7580bc
2e41f8,cant,1
2e4204,inline,80aab0b0
2e4250,cant,1
2e4264,inline,80a8b0b0
2e427c,extab,75810c
2e42a8,cant,1
2e42bc,extab,7580fc
2e42e4,cant,1
2e4300,extab,758020
2e4764,inline,80aab0b0
2e480c,cant,1
2e4818,inline,80a8b0b0
2e48b0,cant,1
2e48b8,inline,80a8b0b0
2e4910,extab,758014
2e4dc4,extab,757fe4
2e4fc8,cant,1
2e4fdc,inline,80a8b0b0
2e4fec,extab,757ffc
2e5178,cant,1
2e518c,inline,80aab0b0
2e5234,cant,1
2e53f8,inline,80aab0b0
2e548c,cant,1
2e556c,inline,80aab0b0
2e5720,cant,1
2e57c0,inline,80aab0b0
2e5888,cant,1
2e5928,inline,80a8b0b0
2e597c,inline,80aab0b0
2e5a4c,inline,80a8b0b0
2e5a74,cant,1
2e5a78,inline,80a8b0b0
2e5a9c,cant,1
2e5ad4,inline,80a8b0b0
2e5af8,cant,1
2e5b30,inline,80aab0b0
2e5b5c,cant,1
2e6264,inline,80aab0b0
2e6290,cant,1
2e6374,inline,80aab0b0
2e66a8,extab,757fb4
2e67a0,cant,1
2e67a8,extab,757fd4
2e67e8,cant,1
2e67f0,extab,757fc4
2e6828,cant,1
2e6840,inline,80aab0b0
2e68e4,cant,1
2e6a14,inline,800aa9b0
2e6acc,cant,1
2e6cac,inline,80aab0b0
2e6e98,cant,1
2e6eb8,inline,80a8b0b0
2e6f94,inline,80aab0b0
2e705c,cant,1
2e7070,inline,8020afb0
2e7250,inline,80acb0b0
2e72cc,cant,1
2e72d4,inline,80a8b0b0
2e72f8,inline,8004afb0
2e7598,inline,80a8b0b0
2e760c,cant,1
2e7628,inline,80a8b0b0
2e7654,cant,1
2e7670,inline,8026afb0
2e79a4,inline,8004a9b0
2e79dc,cant,1
2e79e4,inline,80aab0b0
2e7b8c,inline,80a8b0b0
2e7b9c,inline,8003acb0
2e7d0c,cant,1
2e7d88,inline,80aab0b0
2e7fa4,inline,8003acb0
2e80e0,inline,80a8b0b0
2e817c,inline,801aafb0
2e834c,inline,80a8b0b0
2e83c8,inline,800ca9b0
2e846c,inline,80a8b0b0
2e84b4,cant,1
2e852c,inline,800da8b0
2e85b4,inline,8000d0ad
2e87bc,inline,80aeb0b0
2e8934,inline,80aab0b0
2e89bc,inline,80a8b0b0
2e8a40,inline,800da8b0
2e8ac8,cant,1
2e8ba0,inline,800eabb0
2e8d80,inline,80a8b0b0
2e8de0,cant,1
2e8e8c,inline,80acb0b0
2e8f18,inline,80a8b0b0
2e8fa8,cant,1
2e9000,inline,8001a8b0
2e9098,inline,8009a8b0
2e914c,inline,8004a9b0
2e924c,inline,80a8b0b0
2e926c,cant,1
2e9294,inline,80a8b0b0
2e92c0,inline,8003a8b0
2e934c,inline,80a8b0b0
2e9368,inline,80acb0b0
2e9470,inline,80a8b0b0
2e94a8,cant,1
2e94bc,inline,80a8b0b0
2e958c,cant,1
2e9590,inline,8004abb0
2e95f4,inline,8002a9b0
2e96a8,cant,1
2e9700,inline,8000abb0
2e9794,inline,8004adb0
2e9a14,inline,80a8b0b0
2e9a50,inline,80acb0b0
2e9af0,inline,8000adb0
2e9c98,cant,1
2e9ccc,inline,8008adb0
2e9ec0,inline,8001aab0
2e9fe8,inline,800cafb0
2ea3ac,inline,8003aeb0
2ea74c,inline,80a8b0b0
2ea7d4,inline,80008400
2ea804,inline,80a8b0b0
2ea8b4,cant,1
2ea8c8,extab,75852c
2ea9b0,cant,1
2ea9dc,inline,80a8b0b0
2eaad4,inline,80aab0b0
2eab24,cant,1
2eab44,extab,758590
2eb20c,cant,1
2eb220,inline,80aab0b0
2eb2d8,inline,8003aab0
2eb370,inline,8008abb0
2eb420,cant,1
2eb434,inline,80a8b0b0
2eb480,inline,80d0acb0
2eb5cc,inline,8003d2ac
2eb6f4,inline,80aab0b0
2eb7ec,inline,8006abb0
2eb8d4,inline,80aab0b0
2eb95c,cant,1
2eb968,inline,80acb0b0
2ebb18,cant,1
2ebb1c,extab,758580
2ec068,cant,1
2ec07c,inline,80a8b0b0
2ec0a0,inline,80aab0b0
2ec160,cant,1
2ec174,inline,80aab0b0
2ec310,inline,80a8b0b0
2ec338,inline,80acb0b0
2ec3bc,inline,80aab0b0
2ec578,inline,80a8b0b0
2ec5c8,inline,8001a8b0
2ec5fc,cant,1
2ec624,inline,80aab0b0
2ec680,cant,1
2ec6a8,inline,8020abb0
2ec80c,extab,75867c
2ee360,cant,1
2ee368,inline,80a8b0b0
2ee38c,cant,1
2ee3b4,inline,80a8b0b0
2ee414,cant,1
2ee420,inline,80acb0b0
2ee478,cant,1
2ee48c,inline,80aab0b0
2ee4e0,cant,1
2ee4f4,inline,8001a8b0
2ee560,inline,8002adb0
2ee644,inline,80aab0b0
2ee764,inline,80a8b0b0
2ee868,inline,80aeb0b0
2ee8e0,inline,80acb0b0
2ee990,inline,80a8b0b0
2ee9b8,cant,1
2ee9cc,inline,80aab0b0
2eea1c,cant,1
2eea30,inline,8001a8b0
2eea90,inline,80a8b0b0
2eeb10,inline,80acb0b0
2eebac,inline,80aab0b0
2eed0c,inline,80a8b0b0
2eed30,extab,758558
2eeda4,cant,1
2eedb8,inline,80a8b0b0
2eedec,inline,8006abb0
2eee7c,cant,1
2eeea0,inline,8004a9b0
2eef40,cant,1
2eef68,inline,80aab0b0
2ef02c,inline,80a8b0b0
2ef050,inline,80aab0b0
2ef0d0,inline,80a8b0b0
2ef130,inline,800eabb0
2ef26c,inline,80aab0b0
2ef2d8,cant,1
2ef2e8,inline,80a8b0b0
2ef328,inline,80acb0b0
2ef384,inline,80008400
2ef3a0,cant,1
2ef3c0,inline,8002abb0
2ef470,inline,80a8b0b0
2ef508,cant,1
2ef538,inline,801facb0
2ef638,inline,80a8b0b0
2ef680,cant,1
2ef6b0,inline,80a8b0b0
2ef740,extab,758568
2ef894,cant,1
2ef8a8,inline,8002a9b0
2ef8e0,inline,8002abb0
2ef9e8,cant,1
2ef9fc,inline,80aab0b0
2efa3c,cant,1
2efa6c,inline,80a8b0b0
2efa8c,cant,1
2efaa4,inline,80a8b0b0
2efacc,cant,1
2efaf4,inline,80aab0b0
2efb3c,cant,1
2efb50,inline,8006a9b0
2efbc4,inline,80a8b0b0
2efbec,extab,758500
2f0048,inline,8008abb0
2f0168,cant,1
2f0190,inline,80a8b0b0
2f02c4,extab,758604
2f030c,cant,1
2f0364,inline,80a8b0b0
2f0394,inline,80aab0b0
2f0464,inline,8001aeb0
2f053c,inline,80a8b0b0
2f0560,cant,1
2f05b4,inline,80a8b0b0
2f0624,inline,80aeb0b0
2f0764,inline,80acb0b0
2f0868,cant,1
2f08b0,inline,80aab0b0
2f09c4,cant,1
2f09dc,inline,8004a9b0
2f0aa4,inline,80aab0b0
2f0b0c,inline,800aadb0
2f0ca4,inline,80acb0b0
2f0d78,extab,75866c
2f0e44,cant,1
2f0e4c,inline,80aab0b0
2f0e90,inline,80acb0b0
2f1328,inline,80a8b0b0
2f144c,inline,8002adb0
2f1700,inline,80acb0b0
2f17d0,inline,80aab0b0
2f1818,inline,8000abb0
2f18e8,inline,80acb0b0
2f195c,cant,1
2f1978,inline,80a8b0b0
2f19ec,cant,1
2f1a08,inline,80acb0b0
2f1aa4,inline,80aeb0b0
2f1c0c,cant,1
2f1c20,inline,80aab0b0
2f1c78,inline,8004abb0
2f1d9c,inline,80aab0b0
2f1ff0,extab,7585c4
2f25dc,cant,1
2f2608,inline,80a8b0b0
2f2654,inline,80aeb0b0
2f2760,cant,1
2f2774,inline,800facb0
2f2884,extab,758614
2f290c,cant,1
2f2920,inline,8002a9b0
2f29c4,inline,80aab0b0
2f2a48,inline,80a8b0b0
2f2a6c,inline,80aab0b0
2f2ab4,inline,80a8b0b0
2f2b08,inline,80acb0b0
2f2b7c,inline,80aeb0b0
2f2c80,extab,7585a8
2f2da0,inline,8000d0af
2f2ed8,cant,1
2f2edc,inline,80aab0b0
2f2fbc,cant,1
2f2fd0,inline,8010abb0
2f3098,inline,80a8b0b0
2f30b8,inline,800daeb0
2f31cc,inline,80a8b0b0
2f3204,inline,80aab0b0
2f3250,cant,1
2f3268,inline,80a8b0b0
2f32d0,inline,8005aab0
2f338c,inline,80a8b0b0
2f33b4,inline,80acb0b0
2f3428,inline,80aeb0b0
2f3590,cant,1
2f35b8,inline,80acb0b0
2f3634,extab,7585b4
2f36f0,cant,1
2f3704,inline,80a8b0b0
2f3730,cant,1
2f375c,inline,80aeb0b0
2f38a4,inline,80acb0b0
2f3918,inline,80a8b0b0
2f3968,inline,80acb0b0
2f3a54,inline,80aab0b0
2f3abc,cant,1
2f3ad4,inline,80a8b0b0
2f3afc,inline,80acb0b0
2f3b70,inline,80aeb0b0
2f3c8c,cant,1
2f3ca0,inline,80a8b0b0
2f3ce8,inline,80aab0b0
2f3d58,cant,1
2f3d80,inline,80a8b0b0
2f3da4,inline,800ba8b0
2f3e20,inline,80a8b0b0
2f3e90,inline,80acb0b0
2f40e4,cant,1
2f40f8,inline,80aab0b0
2f4180,extab,75854c
2f46a8,cant,1
2f46bc,inline,80a8b0b0
2f46d8,cant,1
2f46f8,inline,800aadb0
2f4c78,inline,80aab0b0
2f4e20,cant,1
2f4e4c,inline,80a8b0b0
2f4e68,inline,80aab0b0
2f4e8c,cant,1
2f4e90,inline,80aab0b0
2f5034,extab,75862c
2f50a8,cant,1
2f50d4,extab,75850c
2f5154,cant,1
2f5180,inline,80a8b0b0
2f5190,extab,75864c
2f5300,cant,1
2f55cc,extab,758444
3023d4,cant,1
302478,inline,8007acb0
302d28,inline,8006adb0
304514,cant,1
304964,inline,8000abb0
304a9c,inline,80acb0b0
304b18,inline,80a8b0b0
304b50,cant,1
304b5c,inline,80aab0b0
304ba8,inline,80a8b0b0
304bd0,inline,80acb0b0
304c90,extab,758770
304cf0,cant,1
304d04,extab,758760
304d30,cant,1
304d44,inline,80a8b0b0
304d54,inline,80aeb0b0
304de0,cant,1
304de4,extab,7587b0
304e44,cant,1
304e58,extab,7587a0
304e84,cant,1
304e98,inline,80a8b0b0
304ea8,inline,80aab0b0
304f5c,inline,80a8b0b0
304f84,cant,1
304f90,inline,80aab0b0
304ff4,inline,80a8b0b0
305028,inline,80aeb0b0
3050b4,cant,1
3050b8,extab,758730
305118,cant,1
30512c,extab,758720
305158,cant,1
30516c,inline,80a8b0b0
30517c,inline,80aab0b0
3051e8,cant,1
3051ec,extab,758790
305268,cant,1
30527c,extab,758780
3052b4,cant,1
3052c8,inline,80a8b0b0
3052d8,cant,1
3052e4,inline,80aab0b0
305330,inline,80a8b0b0
305358,inline,80aab0b0
3053c4,cant,1
3053c8,extab,758750
305444,cant,1
305458,extab,758740
305490,cant,1
3054a4,inline,80a8b0b0
3054b4,inline,800aafb0
3056d8,inline,8002adb0
305798,cant,1
30579c,extab,758710
305808,cant,1
30581c,inline,80aab0b0
305840,extab,758700
305878,cant,1
305898,inline,80aab0b0
3058e4,inline,80a8b0b0
30590c,cant,1
3059b8,inline,80a8b0b0
305a20,inline,8004abb0
305a98,cant,1
305a9c,inline,80aab0b0
305abc,cant,1
305ac8,inline,80aab0b0
305b4c,cant,1
305b50,inline,80aab0b0
305b98,inline,80a8b0b0
305be8,inline,80aab0b0
305c58,cant,1
305c5c,inline,80aab0b0
305d6c,extab,7586f4
305eac,inline,80aab0b0
305ef8,inline,80a8b0b0
305f20,cant,1
305f54,inline,8015acb0
306050,inline,8002afb0
3061ec,inline,8002d0ad
30625c,inline,80a8b0b0
30628c,extab,7586dc
30b798,cant,1
30b7c0,inline,800aafb0
30bcd4,extab,7586d0
30be90,cant,1
30c1f0,extab,75869c
30c254,cant,1
30c268,inline,80a8b0b0
30c278,inline,80aab0b0
30c334,inline,80a8b0b0
30c35c,inline,803f2aaf
30c574,inline,803f23ac
30c6b4,inline,80a8b0b0
30c6c4,inline,80aab0b0
30c794,inline,80a8b0b0
30c7bc,inline,8001acb0
30c8f8,cant,1
30c918,inline,80acb0b0
30c98c,inline,80a8b0b0
30c9b4,inline,80aab0b0
30caa0,inline,80a8b0b0
30cac8,inline,8001aab0
30cb78,cant,1
30cb94,inline,8002afb0
30cddc,inline,80aab0b0
30ce34,inline,80a8b0b0
30ce68,cant,1
30d6bc,inline,80aab0b0
30d78c,inline,80a8b0b0
30d7b4,inline,80aab0b0
30d884,inline,80a8b0b0
30d8ac,inline,80aab0b0
30d97c,inline,80a8b0b0
30d9a4,inline,80aab0b0
30da74,inline,80a8b0b0
30da9c,inline,80aab0b0
30db08,inline,80acb0b0
30db94,inline,80aab0b0
30dbf8,inline,80a8b0b0
30dc20,inline,8001acb0
30dd18,cant,1
30dd38,inline,80aab0b0
30ddcc,inline,80a8b0b0
30de00,inline,80aab0b0
30ded0,inline,80a8b0b0
30def8,inline,80aab0b0
30dfc8,inline,80a8b0b0
30dff0,inline,80aab0b0
30e05c,inline,80acb0b0
30e0e8,inline,80aab0b0
30e14c,cant,1
30e150,inline,80a8b0b0
30e178,cant,1
30e1bc,inline,80aab0b0
30e220,inline,80a8b0b0
30e248,inline,80aab0b0
30e2e0,cant,1
30e300,inline,80aab0b0
30e364,inline,80a8b0b0
30e38c,cant,1
30e3b0,inline,80a8b0b0
30e3e0,inline,80aab0b0
30e44c,cant,1
30e4e4,extab,758800
30eb14,cant,1
30eb30,extab,7587f0
30eb9c,cant,1
30ebb0,inline,80aab0b0
30ebd4,extab,7587c0
30ec08,cant,1
30ec1c,extab,7587e0
30ec60,cant,1
30ec74,extab,7587d0
30ecb0,cant,1
30ecc4,inline,80aab0b0
30ed94,inline,80a8b0b0
30edbc,inline,80008400
30ee04,inline,80a8b0b0
30ee2c,inline,80aab0b0
30ee7c,inline,80acb0b0
30ef18,inline,80aeb0b0
30efa8,inline,80a8b0b0
30f044,inline,80acb0b0
30f2c8,extab,758824
30f2f4,inline,8018afb0
30f8a4,inline,8002d1ad
30f94c,inline,803fa8b0
30f9ac,inline,80aab0b0
30fa2c,inline,80acb0b0
30fa88,inline,803f01a8
30facc,inline,80aab0b0
30fb14,inline,80a8b0b0
30fb5c,inline,80aab0b0
30fba4,inline,8000adb0
30fc10,inline,8010afb0
30fd48,inline,8000adb0
30fe54,inline,8004adb0
30ff58,inline,8008afb0
3101ac,cant,1
310254,inline,80aab0b0
310304,inline,8008afb0
31049c,inline,80a8b0b0
3104e8,inline,80acb0b0
310560,inline,8011aeb0
310778,extab,758830
310a70,inline,8005aeb0
310b60,inline,8002afb0
310da0,cant,1
310e98,inline,80a8b0b0
310ed4,inline,80aab0b0
310f48,cant,1
31100c,inline,80aab0b0
311080,inline,8000adb0
311310,inline,80acb0b0
3115e4,inline,80a8b0b0
3116e0,inline,80aab0b0
311770,inline,8000abb0
311888,inline,80a8b0b0
31190c,inline,80aab0b0
3119b0,inline,8001acb0
311b30,inline,80aeb0b0
311c5c,inline,8000afb0
311f3c,cant,1
311f48,inline,80aab0b0
311fd8,inline,8006abb0
312498,inline,8000adb0
31288c,inline,80aab0b0
312970,extab,751df8
312a68,cant,1
312a7c,extab,751e18
312aa8,cant,1
312abc,extab,751e08
312aec,cant,1
312d60,inline,8000a9b0
312db8,cant,1
31309c,extab,74d208
31313c,cant,1
313308,inline,8030afb0
313790,inline,80aab0b0
3138bc,inline,80a8b0b0
313900,cant,1
313a04,extab,74d268
313e88,cant,1
313e90,inline,8006abb0
31405c,inline,80aeb0b0
314234,inline,801eafb0
3148d0,cant,1
314974,inline,8002abb0
3149c4,inline,8004adb0
314ae4,cant,1
314b30,inline,8010afb0
315384,inline,8004adb0
3154bc,cant,1
3156bc,inline,8002abb0
315904,cant,1
315968,inline,8005acb0
315b9c,cant,1
315c0c,inline,80aab0b0
315c8c,inline,80a8b0b0
315d0c,cant,1
315dcc,inline,8012afb0
3161ac,inline,8004afb0
3164a0,inline,8006afb0
3166c8,inline,80aab0b0
316738,inline,8004abb0
316c08,inline,8005aeb0
316cc8,extab,74d07c
316f78,cant,1
316f8c,inline,80a8b0b0
31704c,inline,80aab0b0
3170f8,cant,1
317194,extab,74d070
3172e8,inline,80aab0b0
317390,inline,80a8b0b0
317478,cant,1
3174c0,extab,74d0b0
3175c0,inline,8004abb0
317664,inline,8001a8b0
3176b8,extab,74d0bc
3177b4,inline,8018abb0
317868,inline,8005aab0
3178ac,inline,8004afb0
317a40,inline,8004a9b0
317a90,extab,74d098
317bdc,inline,8003a8b0
317c38,inline,80aeb0b0
317d14,inline,80acb0b0
317d88,cant,1
317db8,inline,80aeb0b0
317e98,inline,8005aab0
317f0c,inline,802cabb0
317fd0,inline,8001a8b0
318024,inline,8004adb0
318160,inline,80a8b0b0
3181e8,inline,8003a8b0
318244,inline,8004a9b0
318308,extab,74d08c
318488,inline,801cafb0
318670,inline,8004a9b0
3186c0,inline,80aab0b0
31879c,cant,1
3187c8,inline,8001a8b0
318818,inline,8004afb0
3189b8,cant,1
318a60,extab,74d0a4
318b28,inline,8003a8b0
318b90,inline,80aeb0b0
318e90,inline,80acb0b0
318f54,inline,80aeb0b0
319020,inline,8004a9b0
3190ac,cant,1
31910c,inline,80a8b0b0
319140,cant,1
319320,extab,74d180
31aab0,cant,1
31ab50,inline,8006adb0
31aef0,extab,74d168
31b710,cant,1
31b724,extab,74d1d8
31b928,cant,1
31b93c,inline,8018afb0
31bb48,inline,8010afb0
31be40,inline,8003aeb0
31c01c,inline,8005acb0
31c764,inline,80a8b0b0
31c788,cant,1
31c79c,inline,80a8b0b0
31c7f4,inline,8003aeb0
31c9c8,extab,74d108
31ce0c,cant,1
31ce34,inline,80aab0b0
31cecc,inline,8022afb0
31d0f4,inline,800aafb0
31d3ec,inline,8006afb0
31d6bc,inline,80a8b0b0
31d79c,cant,1
31d7ac,inline,800cafb0
31e1b0,inline,80aab0b0
31e268,inline,80b25aaf
31ebd4,inline,80a8b0b0
31ec18,extab,74d0c8
31ef80,cant,1
31efcc,extab,74d128
31f440,cant,1
31f454,extab,74d140
31fb74,cant,1
31fb88,extab,74d158
3203a8,cant,1
3203b0,inline,80aab0b0
320404,inline,8000a9b0
320448,cant,1
32046c,inline,8017aab0
320734,inline,80aeb0b0
320804,inline,8002abb0
3208cc,inline,80aab0b0
320b14,inline,8002abb0
320ba4,inline,80aab0b0
320c38,inline,8000afb0
320d7c,inline,8017aab0
321060,inline,80aab0b0
3210d8,inline,8008adb0
3211e8,inline,80aab0b0
321368,inline,8006abb0
321448,inline,803f08af
321b64,inline,80acb0b0
321c98,inline,80aab0b0
321d6c,cant,1
321de8,inline,80acb0b0
321f7c,inline,80aab0b0
322034,cant,1
32205c,inline,80acb0b0
3220f4,inline,8002abb0
3221b4,inline,80acb0b0
322384,cant,1
3223c8,extab,74d0d8
3224cc,cant,1
3224e0,extab,74d0f8
322564,cant,1
322578,extab,74d0e8
3225f4,cant,1
322798,inline,8003a8b0
322924,cant,1
322a3c,inline,80acb0b0
322a9c,inline,80a8b0b0
322b60,inline,8002afb0
322c30,cant,1
322f58,inline,80a8b0b0
323648,cant,1
323938,extab,74d1f0
323c00,cant,1
323c28,inline,80aab0b0
323d00,inline,80aeb0b0
323dac,cant,1
323de8,inline,80acb0b0
323e8c,cant,1
323ef4,inline,8009aeb0
324140,inline,80a8b0b0
32419c,cant,1
324868,inline,8016afb0
3250e8,inline,8000abb0
32520c,cant,1
325498,inline,80a8b0b0
3254d0,inline,80aab0b0
3254f8,cant,1
325528,inline,8000a9b0
32556c,cant,1
3255a4,inline,80aab0b0
3255f8,cant,1
3256e4,inline,80a8b0b0
325748,inline,8020adb0
325878,inline,8000a9b0
3258b0,cant,1
3258e4,inline,80a9b0b0
325984,inline,80acb0b0
325bd0,inline,80aeb0b0
326418,extab,74d218
3266f8,cant,1
326718,extab,74d250
326744,cant,1
326758,extab,74d238
326784,cant,1
326964,inline,80a8b0b0
3269d8,inline,8002a9b0
326a54,cant,1
326a5c,inline,8002a9b0
326ac8,inline,8003aeb0
326bc0,inline,8001aab0
326cb4,inline,80acb0b0
326e4c,inline,8002a9b0
326ee8,cant,1
326ef0,inline,8002afb0
3276b8,cant,1
3276c8,inline,8000a9b0
32771c,inline,8002a9b0
3277a0,inline,80a8b0b0
3277d0,extab,758fbc
327864,cant,1
327878,inline,80a8b0b0
327888,cant,1
327a34,inline,8000abb0
327cd4,cant,1
327ea0,inline,8000a9b0
327fa8,cant,1
3281a8,extab,7590fc
328558,cant,1
32856c,inline,8002a9b0
328628,inline,80aab0b0
3287b0,inline,8006a9b0
328988,inline,8034afb0
328f0c,inline,8003acb0
3297a0,cant,1
3297b4,extab,75910c
3298f4,cant,1
329908,extab,7590cc
3299b0,cant,1
3299c4,extab,7590ec
3299ec,cant,1
329a00,extab,7590dc
329a28,cant,1
329a3c,inline,80a8b0b0
329b18,inline,80aeb0b0
329e78,inline,80aab0b0
329f70,inline,80acb0b0
32a040,cant,1
32a05c,inline,80acb0b0
32a120,inline,80a8b0b0
32a140,cant,1
32a16c,inline,80aeb0b0
32a4c8,extab,74d774
32a60c,cant,1
32a614,inline,80a8b0b0
32a624,extab,74d784
32a724,cant,1
32a72c,inline,80aab0b0
32a804,cant,1
32a838,inline,8004afb0
32adc8,inline,80a8b0b0
32ae8c,inline,8002a9b0
32af48,inline,80acb0b0
32afc4,inline,8000abb0
32b1bc,inline,8000a9b0
32b32c,inline,80a8b0b0
32b418,inline,80acb0b0
32ba54,cant,1
32ba6c,inline,8000a9b0
32baf8,inline,80a8b0b0
32bb84,cant,1
32bd30,inline,8000adb0
32c1d0,cant,1
32c208,inline,80aab0b0
32c25c,cant,1
32c4a0,inline,8000adb0
32c7a8,cant,1
32c82c,extab,74d794
32ca68,cant,1
32ca70,inline,80a8b0b0
32ca80,extab,74d7a4
32cb48,cant,1
32cb50,inline,80acb0b0
32cbf0,inline,80aab0b0
32cc7c,inline,80a8b0b0
32cd10,inline,80acb0b0
32ce70,inline,80a8b0b0
32cf48,inline,80acb0b0
32cfc4,inline,8000abb0
32d23c,inline,8004a9b0
32d348,inline,80aab0b0
32d40c,extab,75912c
32d844,cant,1
32d858,inline,80a8b0b0
32d930,inline,80aab0b0
32da58,inline,800eafb0
32de18,inline,8000abb0
32df48,cant,1
32df50,inline,80a8b0b0
32dfbc,inline,8001acb0
32e7c4,cant,1
32e7d4,inline,8000a9b0
32e85c,inline,80a8b0b0
32e8c0,inline,80aab0b0
32e9a4,extab,75911c
32ea44,cant,1
32ea58,inline,80a8b0b0
32ea68,inline,80aab0b0
32eb10,inline,80acb0b0
32ebf4,inline,8000afb0
32f448,inline,80aab0b0
32f550,inline,80a8b0b0
32f5b8,cant,1
32f650,inline,80a8b0b0
32f7e8,inline,8000abb0
32fa94,cant,1
32fb20,inline,80aab0b0
32fc44,cant,1
32fd7c,inline,8000a9b0
32fe84,cant,1
330138,inline,80aab0b0
3301c4,inline,8002abb0
330338,inline,80a8b0b0
33039c,inline,80acb0b0
330578,inline,8000abb0
33090c,inline,80aab0b0
3309d0,inline,803f3baa
330adc,inline,80a8b0b0
330bb4,inline,80aab0b0
330c88,inline,80acb0b0
3310a8,inline,8000abb0
331224,cant,1
33122c,inline,80a8b0b0
331298,inline,803f3bac
331c08,cant,1
331c18,inline,8000abb0
331ce0,inline,80a8b0b0
331d44,inline,80aab0b0
331e18,extab,758fdc
331ec8,cant,1
331edc,inline,80a8b0b0
331eec,inline,80aab0b0
33205c,inline,8000afb0
332b4c,inline,8000adb0
332d24,inline,80aab0b0
332dbc,inline,80a8b0b0
332f30,cant,1
3330e0,inline,8000abb0
3333a0,cant,1
333564,inline,8000a9b0
33368c,cant,1
333a3c,inline,8000abb0
333cdc,cant,1
333eb8,inline,8000a9b0
333fc0,cant,1
3341c0,inline,80a8b0b0
334224,inline,80aab0b0
3342b0,inline,80a8b0b0
334340,inline,8003aeb0
334430,inline,80acb0b0
334760,inline,80aab0b0
334824,cant,1
33482c,inline,8002afb0
335024,cant,1
335034,inline,8000a9b0
335088,inline,80a8b0b0
33511c,extab,75907c
33519c,cant,1
3351b0,inline,80a8b0b0
3351c0,inline,80aab0b0
335264,cant,1
335284,inline,8008afb0
3357bc,inline,8000a9b0
3358c0,inline,80a8b0b0
3359a4,inline,8002a9b0
335adc,inline,80acb0b0
335b58,extab,75908c
335cec,cant,1
335cf4,inline,80aab0b0
335dd0,inline,8000a9b0
335ee8,inline,80a8b0b0
335f48,inline,8000a9b0
336068,inline,80a8b0b0
3360d4,inline,8000a9b0
3361e4,cant,1
33621c,inline,8005acb0
336910,cant,1
336928,inline,80a8b0b0
33698c,inline,80aab0b0
336a34,inline,80a8b0b0
336aac,cant,1
336b2c,inline,80a8b0b0
336ba0,inline,80aab0b0
336c2c,inline,80a8b0b0
336cbc,inline,8003aeb0
336db4,inline,80acb0b0
3370e4,inline,80aab0b0
3371a8,cant,1
3371b0,inline,8002afb0
3379b8,cant,1
3379c8,inline,8000a9b0
337a1c,inline,80a8b0b0
337ab0,extab,758fcc
337b2c,cant,1
337b40,inline,80a8b0b0
337b50,inline,80aab0b0
337c40,extab,752df8
338150,cant,1
338178,extab,752e10
338218,cant,1
33822c,extab,752de0
3387c8,cant,1
3387f0,inline,803f02af
338cb0,inline,8002afb0
339218,inline,8004afb0
339538,inline,80aab0b0
33976c,inline,80a8b0b0
339828,extab,752dd0
339874,cant,1
339888,extab,752dc0
3398c8,cant,1
339a88,inline,8000abb0
33a244,cant,1
33a408,inline,8000a9b0
33a510,cant,1
33a710,inline,80aab0b0
33a79c,inline,8002abb0
33a908,inline,80a8b0b0
33a96c,inline,8000adb0
33abdc,inline,80acb0b0
33ac58,inline,80aab0b0
33ad84,cant,1
33ad8c,extab,7590ac
33b4c0,cant,1
33b4e4,inline,80acb0b0
33b5e0,cant,1
33b5f0,inline,80a8b0b0
33b654,cant,1
33b65c,extab,75909c
33b6e8,cant,1
33b6fc,inline,80a8b0b0
33b730,extab,752d88
33b850,cant,1
33b864,inline,80aeb0b0
33b8c8,inline,8004afb0
33ba40,inline,8006a9b0
33bacc,inline,8006abb0
33bb48,inline,80a8b0b0
33bb64,inline,80acb0b0
33bce8,inline,80a8b0b0
33bd08,inline,8004afb0
33be20,extab,74d884
33be78,cant,1
33be80,extab,74d8a4
33beb4,cant,1
33bebc,extab,74d894
33bef0,cant,1
33bef8,inline,80aeb0b0
33bfdc,inline,8002afb0
33c104,cant,1
33c140,inline,80aab0b0
33c190,inline,80acb0b0
33c208,inline,80aab0b0
33c258,inline,8002afb0
33c3b8,extab,74d81c
33c4dc,cant,1
33c4fc,extab,74d874
33c530,cant,1
33c538,extab,74d864
33c56c,cant,1
33c574,inline,8005aeb0
33c824,cant,1
33c898,inline,80aab0b0
33c954,inline,80aeb0b0
33c9c0,cant,1
33ca20,inline,8003aeb0
33ccf0,extab,74d7e4
33ce18,cant,1
33ce74,extab,74d834
33cee0,cant,1
33cf30,extab,74d7b4
33cf9c,cant,1
33d118,inline,80aab0b0
33d210,cant,1
33d2e0,extab,759024
33d4e0,cant,1
33d4f4,inline,8002a9b0
33d5e0,inline,8005aab0
33d6c0,inline,8017aab0
33d97c,inline,80aab0b0
33daf0,inline,80a8b0b0
33dbdc,inline,8004a9b0
33dd44,inline,8008abb0
33e050,extab,759034
33e7c4,cant,1
33e814,inline,8003acb0
33f07c,cant,1
33f0bc,extab,75906c
33f1f8,cant,1
33f20c,extab,758fec
33f300,cant,1
33f328,extab,759014
33f360,cant,1
33f374,extab,759004
33f3ac,cant,1
33f3c0,inline,80aab0b0
33f458,inline,8002afb0
33f890,cant,1
33f8d0,inline,8000afb0
33fc3c,inline,80a8b0b0
33fd2c,extab,7579b4
33fe18,cant,1
33fe20,extab,7579d4
33fea4,cant,1
33feac,extab,7579c4
33ff30,cant,1
33ff38,extab,757974
340060,cant,1
340078,extab,757ce8
3400b8,cant,1
3400c0,extab,757a04
34010c,cant,1
340120,extab,757c64
340168,cant,1
340170,extab,757cd8
3401a0,cant,1
3401a8,extab,757914
3401e8,cant,1
3401f0,inline,80a8b0b0
340260,extab,757a34
3402a8,cant,1
3402b0,extab,75798c
340340,cant,1
340354,extab,757c94
340394,cant,1
34039c,extab,757a44
3403e4,cant,1
3403ec,extab,757a54
340434,cant,1
34043c,extab,7579f4
3404c8,cant,1
3404dc,extab,757ca4
34051c,cant,1
340568,extab,757c54
3405b8,cant,1
3405c0,extab,757a24
340610,cant,1
340618,extab,757a14
340674,cant,1
34067c,extab,75795c
3407a8,cant,1
3407c0,extab,75794c
340844,cant,1
340858,extab,75799c
340980,cant,1
340998,extab,757cc4
3409e8,cant,1
3409f0,extab,757cf8
340a24,cant,1
340a2c,extab,757a84
340a74,cant,1
340a7c,inline,80a8b0b0
340aec,extab,757c74
340b44,cant,1
340b4c,extab,757b94
340b8c,cant,1
340b94,extab,757bc4
340bd4,cant,1
340bdc,extab,757ab4
340c2c,cant,1
340c34,extab,757ac4
340c84,cant,1
340c8c,extab,757b34
340cd4,cant,1
340cdc,extab,757b44
340d24,cant,1
340d2c,inline,80a8b0b0
340d9c,extab,757b84
340ddc,cant,1
340de4,extab,757a74
340e2c,cant,1
340e34,extab,757934
340f5c,cant,1
340f74,inline,80a8b0b0
340fe4,extab,757c84
34103c,cant,1
341044,extab,757aa4
34108c,cant,1
341094,extab,757924
341118,cant,1
34112c,inline,80a8b0b0
34120c,extab,757cb4
34124c,cant,1
341260,inline,80acb0b0
341c04,cant,1
341c14,inline,80acb0b0
3428b0,inline,80a8b0b0
3428c0,extab,75782c
342a44,cant,1
342b9c,extab,757bf4
342bdc,cant,1
342be4,extab,757a64
342c2c,cant,1
342c34,extab,757c04
342c74,cant,1
342c7c,extab,757be4
342cbc,cant,1
342cc4,extab,757ba4
342d04,cant,1
342d0c,extab,757a94
342d54,cant,1
342d5c,extab,757ad4
342da4,cant,1
342dac,extab,757ae4
342df4,cant,1
342dfc,extab,757af4
342e44,cant,1
342e4c,extab,757b04
342e94,cant,1
342e9c,extab,757b14
342ee4,cant,1
342eec,extab,757b24
342f34,cant,1
342f3c,extab,757b54
342f84,cant,1
342f8c,inline,80a8b0b0
343038,extab,757bb4
343078,cant,1
343080,extab,757b74
3430c0,cant,1
3430c8,inline,80a8b0b0
343138,extab,757b64
3431ac,cant,1
3431c0,extab,757bd4
343200,cant,1
343208,extab,757c14
343248,cant,1
343250,extab,757c34
343290,cant,1
3432e4,extab,757c24
343324,cant,1
34332c,extab,757c44
34336c,cant,1
343374,extab,7579e4
3433d8,cant,1
3433f0,inline,80acb0b0
343464,cant,1
343494,inline,80a8b0b0
3434fc,cant,1
343510,inline,80a8b0b0
343524,extab,757d68
3435c4,cant,1
3435d8,inline,80a8b0b0
343664,inline,80aab0b0
34368c,cant,1
3436ec,inline,80a8b0b0
343700,extab,757d38
34373c,cant,1
343750,extab,757d58
343778,cant,1
34378c,extab,757d48
3437b4,cant,1
343818,inline,80acb0b0
34388c,cant,1
3438bc,inline,80a8b0b0
343968,cant,1
34397c,inline,80a8b0b0
343994,inline,80aab0b0
343b9c,inline,80b233aa
343e30,inline,80a8b0b0
343eb0,inline,80acb0b0
343f28,extab,757dbc
344100,inline,80aab0b0
344138,cant,1
344164,inline,80acb0b0
3441f4,cant,1
344224,inline,80a8b0b0
344274,inline,80aab0b0
3442d0,cant,1
34434c,inline,80aab0b0
3443a8,cant,1
3443bc,inline,8000adb0
344580,inline,8000afb0
3447c4,inline,80a8b0b0
3448d8,extab,757db0
344ae8,cant,1
344b18,inline,8000adb0
344cac,cant,1
344cf0,inline,80aab0b0
344d88,cant,1
344da0,inline,80aab0b0
344e10,extab,757d78
344f30,cant,1
344f54,extab,757da0
344f80,cant,1
344f94,extab,757d90
344fc4,cant,1
344fd8,inline,80a8b0b0
344fec,extab,757e08
34508c,cant,1
3450a0,inline,80a8b0b0
34512c,inline,80aab0b0
345154,inline,80048400
345178,cant,1
3451e0,inline,80028400
345228,cant,1
345238,inline,80a8b0b0
34524c,extab,757dd8
345288,cant,1
34529c,extab,757df8
3452c4,cant,1
3452d8,extab,757de8
345300,cant,1
345314,inline,8005a8b0
345390,inline,80acb0b0
345404,cant,1
345424,inline,8005a8b0
34549c,cant,1
3454ac,extab,757dc8
345564,cant,1
345580,inline,80a8b0b0
3455a0,cant,1
34561c,inline,80a8b0b0
34564c,cant,1
3456cc,extab,758a78
345818,inline,8007a8b0
345870,inline,80acb0b0
3458ec,inline,8005acb0
3459d8,inline,8000afb0
345bd4,inline,8010afb0
346194,inline,800daeb0
347508,inline,8006abb0
347678,inline,800daeb0
347d28,inline,8010afb0
348298,inline,80aab0b0
3483bc,cant,1
3483cc,inline,8009acb0
3491d4,cant,1
3491dc,inline,8007aab0
34942c,inline,80a8b0b0
349530,cant,1
3495a8,inline,8006adb0
349b18,cant,1
349c04,inline,80a8b0b0
349c60,cant,1
349c7c,inline,80aab0b0
349cbc,cant,1
349d54,inline,80acb0b0
349dc0,cant,1
349f9c,inline,8006abb0
34a4f4,extab,757e18
34a59c,cant,1
34a5c4,extab,757e48
34a6d0,cant,1
34a6e8,inline,80a8b0b0
34a708,extab,757e38
34a754,cant,1
34a768,extab,757e28
34a7a8,cant,1
34a8a8,inline,8005aab0
34ab1c,inline,8003acb0
34ac50,cant,1
34aca0,inline,80acb0b0
34ad0c,inline,80048400
34ae94,inline,8007aab0
34b124,cant,1
34b1f0,inline,80a8b0b0
34b2d8,cant,1
34b2e8,inline,80a8b0b0
34b308,extab,757e68
34b354,cant,1
34b368,extab,757e58
34b3a8,cant,1
34b3bc,inline,80a8b0b0
34b40c,inline,80acb0b0
34b48c,inline,8003aeb0
34b7b0,inline,803f1caf
34bb38,inline,8006a9b0
34bbd0,inline,80aab0b0
34bcbc,cant,1
34bccc,inline,8006afb0
34c9ac,cant,1
34c9b4,inline,8006abb0
34cb58,inline,80aab0b0
34cc54,extab,758a84
34cd74,cant,1
34cd88,inline,80a8b0b0
34cd98,inline,8000abb0
34d01c,cant,1
34d08c,inline,8003aab0
34d214,extab,756790
34d4bc,inline,8000abb0
34d51c,inline,8003aab0
34d5bc,inline,80aab0b0
34d5fc,inline,8002a9b0
34d6cc,inline,8001acb0
34d918,inline,80acb0b0
34db24,inline,8001aab0
34dc24,inline,8000afb0
34dff8,inline,8004abb0
34e0e0,inline,8003aab0
34e194,inline,8004abb0
34e34c,inline,8003aeb0
34e6a0,inline,8002afb0
34f018,inline,8004abb0
34f1ac,inline,8003acb0
34f3fc,inline,8000adb0
34f570,extab,756784
34f8b8,inline,8003aab0
34f9d4,inline,8003acb0
34fbb0,inline,8002afb0
34ffe8,inline,8003aab0
350118,inline,8000a9b0
350174,inline,8010abb0
350320,inline,8002afb0
350670,inline,8000a9b0
3506cc,inline,8002afb0
350a1c,inline,8002a9b0
350af8,inline,8001aab0
350ff4,inline,80028400
351048,inline,80aab0b0
3511b0,extab,756754
35129c,cant,1
3512b0,extab,756774
3512d8,cant,1
3512ec,extab,756764
351314,cant,1
351328,inline,80a8b0b0
351358,inline,80aab0b0
35139c,cant,1
3513fc,inline,8004d2af
3515fc,inline,80aab0b0
3516ac,cant,1
351764,inline,80acb0b0
3517e8,inline,80aab0b0
351894,inline,80a8b0b0
3518a4,cant,1
351960,inline,80a8b0b0
3519ac,inline,80d1aab0
351ab0,inline,80aab0b0
351c80,inline,80a8b0b0
351d68,inline,80aab0b0
351dbc,cant,1
351dd8,inline,80a8b0b0
351e80,inline,80aab0b0
351f00,inline,80a8b0b0
351f84,cant,1
352264,inline,80a8b0b0
3523a8,inline,80d1aab0
3525c8,inline,80aab0b0
3528d0,cant,1
35296c,inline,80aab0b0
352ab4,inline,80a8b0b0
352b10,inline,80aab0b0
352b68,cant,1
352c64,inline,80aab0b0
352dec,cant,1
352e80,inline,80a8b0b0
352f88,inline,8004d0ad
3530f4,inline,80a8b0b0
3531c8,inline,80aab0b0
3532b0,inline,80acb0b0
353330,inline,80a8b0b0
3533e8,cant,1
3534ac,inline,80a8b0b0
3534f8,inline,80d1aab0
353600,inline,80aab0b0
353870,inline,80acb0b0
353968,cant,1
353984,inline,80aab0b0
353bcc,inline,80a8b0b0
353c5c,cant,1
353d20,inline,80a8b0b0
353d64,inline,80d1aab0
353e58,inline,80aab0b0
353f18,inline,80d2aab0
3540d8,inline,80a8b0b0
354180,inline,80aab0b0
3541f8,cant,1
354214,inline,80d0a8b0
3542bc,inline,80aab0b0
35433c,inline,80a8b0b0
3543b8,cant,1
35446c,inline,80a8b0b0
3544d4,cant,1
3544e0,inline,80d0a8b0
3545c8,inline,80a8b0b0
354610,inline,80d1aab0
354794,inline,80aab0b0
354830,cant,1
35483c,inline,80aab0b0
354a1c,cant,1
354a38,inline,80a8b0b0
354acc,cant,1
354ad8,inline,80aab0b0
354b44,inline,80a8b0b0
354bf4,cant,1
354cb0,inline,80a8b0b0
354cf4,inline,80d1aab0
354df8,cant,1
354e24,inline,80aab0b0
354f28,inline,80a8b0b0
355030,inline,80aab0b0
355074,cant,1
355090,inline,80aab0b0
355110,inline,80a8b0b0
355194,cant,1
355208,inline,80a8b0b0
35524c,inline,80d0aab0
355364,extab,75c32c
35558c,cant,1
355604,inline,80a8b0b0
355670,inline,80aab0b0
3556b4,cant,1
3556d0,inline,80acb0b0
355754,inline,80aab0b0
355838,inline,80a8b0b0
355848,inline,8001a8b0
3558a0,cant,1
3558c4,inline,80d0a8b0
3559c0,cant,1
3559e8,inline,80d2aab0
355b70,cant,1
355bb8,inline,80a8b0b0
355c50,inline,8006a9b0
355d58,cant,1
355d74,inline,80aab0b0
355dc4,inline,80a8b0b0
355e54,inline,80aab0b0
355ea0,inline,8004a9b0
355fb4,inline,80aab0b0
356034,cant,1
356084,inline,80aab0b0
3560b4,cant,1
3560dc,inline,80acb0b0
35626c,cant,1
3562b0,inline,80aab0b0
35633c,cant,1
356384,inline,80d0aeb0
356478,inline,80acb0b0
356528,inline,80aab0b0
356918,inline,80a8b0b0
356a5c,inline,80aab0b0
356b2c,inline,80acb0b0
356d00,cant,1
356d1c,inline,80a8b0b0
356d54,inline,80aab0b0
356e78,cant,1
356e80,inline,80a8b0b0
356f88,inline,80aab0b0
3570cc,cant,1
35710c,inline,80aab0b0
3571b0,cant,1
3571bc,inline,80a8b0b0
357314,inline,80aab0b0
35771c,inline,80a8b0b0
357780,cant,1
3577a8,inline,80a8b0b0
3577d8,inline,80aab0b0
35783c,cant,1
357844,inline,80aab0b0
3579b4,cant,1
3579f0,inline,80aeb0b0
357c24,inline,80a8b0b0
357c48,cant,1
357cb4,inline,80acb0b0
357de4,extab,75c380
357f6c,cant,1
357f74,inline,80acb0b0
358084,extab,75c358
358140,cant,1
358150,extab,75c370
35820c,cant,1
358214,inline,80aab0b0
358310,inline,80a8b0b0
3583e8,extab,75c348
35846c,cant,1
358480,extab,75c338
3584fc,cant,1
358510,inline,80acb0b0
358674,inline,8008afb0
35892c,inline,80acb0b0
358a04,inline,800aafb0
358cac,extab,75813c
358df8,inline,80048400
358e24,inline,80aab0b0
358efc,cant,1
358ff4,inline,8002abb0
3591f8,inline,80aab0b0
35924c,inline,8012afb0
359f64,inline,8016d0af
35baa8,inline,8010afb0
35bdcc,inline,8004afb0
35beb4,inline,8006a9b0
35c10c,inline,80a8b0b0
35c124,inline,80acb0b0
35c3a4,inline,80a8b0b0
35c5f4,extab,7569ac
35c638,cant,1
35c64c,extab,75699c
35c684,cant,1
35c698,inline,80aab0b0
35c96c,cant,1
35c97c,inline,8000afb0
35d6d0,cant,1
35d714,inline,80a8b0b0
35d758,inline,80aab0b0
35d84c,inline,8000abb0
35dea8,inline,80aab0b0
35e0bc,inline,80a8b0b0
35e228,inline,80aab0b0
35e32c,cant,1
35e3f8,inline,80aab0b0
35e4d8,cant,1
35e4e8,inline,8000abb0
35e620,inline,80aab0b0
35e6bc,inline,8000abb0
35e7bc,inline,80aab0b0
35e824,inline,80a8b0b0
35e978,extab,751f44
35e9bc,cant,1
35e9d0,extab,751f34
35ea0c,cant,1
35ea20,inline,80aab0b0
35eafc,inline,8000afb0
35ec34,cant,1
35ec58,inline,8000abb0
35ef38,inline,8000adb0
35f164,inline,80a8b0b0
35f308,inline,80aab0b0
35f3e8,cant,1
35f42c,inline,80acb0b0
35f584,inline,80aab0b0
35f5e8,cant,1
35f5ec,inline,80acb0b0
35f668,cant,1
35f684,inline,8000abb0
35f8fc,cant,1
35f93c,inline,80a8b0b0
35fa2c,inline,80aab0b0
35fb50,cant,1
35fc50,inline,80aab0b0
35fd14,inline,80a8b0b0
35fdcc,extab,74ba9c
35fe34,cant,1
35fe48,extab,74ba8c
35fea4,cant,1
360164,inline,80aab0b0
360268,cant,1
3602cc,extab,752c54
360674,cant,1
360684,inline,8000abb0
360944,inline,80aab0b0
360a18,inline,80aeb0b0
360cd4,inline,80acb0b0
360dcc,inline,80aab0b0
360e88,inline,80acb0b0
360fdc,inline,80a8b0b0
361184,extab,752c44
3611c8,cant,1
3611dc,extab,752c34
361214,cant,1
361228,inline,80aab0b0
3612ec,cant,1
361330,inline,80acb0b0
36145c,inline,80a8b0b0
3614c4,inline,80acb0b0
361544,inline,80a8b0b0
3615bc,cant,1
3615c4,inline,8010afb0
3616f4,inline,80a8b0b0
3617e8,extab,74bc54
3619b0,cant,1
361a68,extab,74bc6c
361ba0,cant,1
361bbc,extab,74bc44
361d2c,cant,1
361d40,inline,80a8b0b0
361d80,extab,74bbfc
361e48,cant,1
361e68,extab,74bc2c
361e9c,cant,1
361ebc,extab,74bc14
361ef0,cant,1
361f10,inline,80aab0b0
361fcc,inline,80acb0b0
36241c,cant,1
362468,inline,80aeb0b0
3625c0,inline,80aab0b0
362668,inline,80aeb0b0
362a68,inline,80aab0b0
362c04,cant,1
362c3c,inline,80acb0b0
363048,inline,8001aeb0
3638c0,inline,80aab0b0
3639cc,inline,80acb0b0
363a4c,inline,80aab0b0
363f98,inline,80acb0b0
3646a8,inline,80a8b0b0
3647b0,cant,1
3647b8,inline,8000abb0
3648e4,inline,80aab0b0
3649bc,inline,80a8b0b0
364a2c,inline,80aab0b0
364a80,cant,1
364b50,inline,80aeb0b0
364c2c,cant,1
364f08,inline,80aab0b0
364fd8,inline,80a8b0b0
364ffc,extab,74bc7c
3651f8,cant,1
36524c,extab,74bcec
3652e8,cant,1
36532c,extab,74bcc4
3653bc,cant,1
365414,inline,80aab0b0
365504,cant,1
365548,extab,74bb84
365790,cant,1
3657a4,inline,80aab0b0
365de4,cant,1
365e34,inline,80a8b0b0
365fac,extab,74bb94
366238,cant,1
36624c,inline,80aab0b0
366350,inline,80acb0b0
3663cc,inline,80a8b0b0
366468,cant,1
366470,inline,80a8b0b0
36654c,inline,80aab0b0
36668c,cant,1
366738,inline,80aab0b0
36682c,inline,80a8b0b0
36686c,extab,74bb2c
366948,cant,1
366968,extab,74bb64
3669cc,cant,1
3669f8,extab,74bb44
366a50,cant,1
366a7c,inline,80a8b0b0
366a9c,inline,8002a9b0
366b24,extab,74c004
366c0c,cant,1
366c34,extab,74c01c
366d90,cant,1
366da4,inline,80a8b0b0
366dc0,cant,1
366de0,inline,80a8b0b0
366e00,extab,74bfbc
366e78,cant,1
366e98,extab,74bfec
366ecc,cant,1
366eec,extab,74bfd4
366f20,cant,1
366f40,inline,80a8b0b0
366fbc,inline,80acb0b0
367038,cant,1
367040,inline,80aab0b0
36712c,inline,80a8b0b0
367190,cant,1
3671a0,inline,80008400
3671bc,cant,1
367224,inline,8000a9b0
36724c,cant,1
36725c,inline,80aab0b0
367388,inline,80008400
3673b0,cant,1
367454,inline,8001aab0
3675cc,inline,8002a9b0
36769c,cant,1
3676b4,inline,80a8b0b0
36772c,inline,80aab0b0
3678ac,cant,1
3678f8,inline,80acb0b0
3679a4,inline,80aab0b0
367a64,cant,1
367a68,inline,80aab0b0
367ba0,cant,1
367ba8,inline,80aab0b0
367de0,cant,1
367ecc,inline,80aab0b0
367ffc,inline,80a8b0b0
3680b8,extab,74bf04
368104,cant,1
368118,extab,74bef4
368158,cant,1
3681b8,inline,80acb0b0
368280,cant,1
368340,inline,80a8b0b0
3683fc,cant,1
368408,inline,80aab0b0
3685e8,cant,1
3686b0,inline,80a8b0b0
368764,inline,80aab0b0
368820,cant,1
36886c,inline,80acb0b0
368934,cant,1
3689b0,inline,8000abb0
368c34,cant,1
368c74,inline,80a8b0b0
368d54,cant,1
368e44,inline,80aab0b0
368f08,inline,80a8b0b0
368f2c,extab,74bf14
369010,cant,1
369030,inline,80a8b0b0
369040,extab,74bf2c
369120,cant,1
36914c,inline,80a8b0b0
369208,inline,80acb0b0
3692c8,cant,1
3692e0,inline,80aab0b0
369364,inline,8000adb0
3695bc,inline,80aab0b0
369634,inline,80a8b0b0
3697a8,inline,80aab0b0
3698b4,extab,752c0c
369fa4,cant,1
369fb8,extab,752bfc
36a0d4,cant,1
36a0e8,inline,80aeb0b0
36a1d0,cant,1
36a1fc,inline,8024afb0
36a824,cant,1
36a834,inline,8000abb0
36aa08,inline,80aab0b0
36aab4,inline,80acb0b0
36ad14,inline,80a8b0b0
36adb4,extab,752b9c
36af14,cant,1
36af48,extab,752be4
36af7c,cant,1
36af9c,extab,752bcc
36afd0,cant,1
36aff0,inline,80aab0b0
36b0c8,cant,1
36b10c,inline,80acb0b0
36b284,cant,1
36b288,inline,80acb0b0
36b304,inline,80aab0b0
36b650,cant,1
36b658,inline,80a8b0b0
36b750,inline,80aab0b0
36b890,cant,1
36b9a8,inline,80aab0b0
36ba6c,inline,80a8b0b0
36bb20,extab,74bb1c
36bb80,cant,1
36bb94,extab,74bb0c
36bbe8,cant,1
36bbfc,inline,80aab0b0
36bde0,cant,1
36be28,inline,80aab0b0
36beb4,cant,1
36bee0,inline,80acb0b0
36bf94,cant,1
36bfa4,inline,8000abb0
36c114,inline,80aab0b0
36c1b0,inline,8000afb0
36c378,extab,752c28
36c61c,inline,80a8b0b0
36c768,inline,80aab0b0
36c878,cant,1
36c8d4,inline,8000abb0
36c990,inline,8002afb0
36cb40,cant,1
36cb84,inline,8000abb0
36cc0c,inline,8001acb0
36cc84,inline,8000abb0
36cdf8,inline,80aab0b0
36ce9c,cant,1
36ceac,inline,80aab0b0
36cfec,inline,80acb0b0
36d0d8,cant,1
36d0e0,inline,80aab0b0
36d194,inline,80a8b0b0
36d1f4,inline,80acb0b0
36d3b8,inline,80a8b0b0
36d57c,inline,80aab0b0
36d648,cant,1
36d68c,inline,80acb0b0
36d75c,inline,80aab0b0
36d7ec,cant,1
36d884,inline,80acb0b0
36d900,cant,1
36d908,inline,80a8b0b0
36d9dc,inline,80aab0b0
36dab4,inline,80a8b0b0
36daf0,inline,80aab0b0
36de5c,cant,1
36df2c,inline,80aab0b0
36e000,inline,80a8b0b0
36e11c,extab,74bbec
36e168,cant,1
36e17c,extab,74bbdc
36e1bc,cant,1
36e1d0,inline,80aab0b0
36e35c,inline,80a8b0b0
36e394,inline,80aab0b0
36e500,inline,80acb0b0
36e68c,inline,80aeb0b0
36e784,inline,80a8b0b0
36e7bc,inline,8000a9b0
36e8bc,inline,8006afb0
36ec08,inline,8002afb0
36eec0,inline,80aab0b0
36efc8,cant,1
36eff4,extab,752c1c
36f408,cant,1
36f418,inline,8000abb0
36f4a0,inline,8001acb0
36f518,inline,80a8b0b0
36f550,inline,8000adb0
36f97c,inline,80aab0b0
36fa90,inline,80acb0b0
36fdfc,inline,80aab0b0
37000c,inline,80acb0b0
370550,inline,80aab0b0
370768,inline,80acb0b0
3709c0,inline,80a8b0b0
370b9c,cant,1
370bc0,inline,80acb0b0
370c48,extab,74bfac
370d98,cant,1
370db4,inline,80acb0b0
370f3c,cant,1
370f44,inline,80aab0b0
3710b4,inline,80a8b0b0
3710e0,extab,74bf4c
3711c4,cant,1
371204,extab,74bf94
371244,cant,1
371264,extab,74bf7c
3712a4,cant,1
3712c4,inline,8002a9b0
3714a8,extab,74bd6c
3715cc,cant,1
3715dc,inline,8000abb0
371768,cant,1
371774,inline,8001aab0
3718c0,inline,80acb0b0
371964,inline,80a8b0b0
3719e4,cant,1
371a28,inline,80a8b0b0
371a38,inline,8000a9b0
371d24,cant,1
371f18,inline,80acb0b0
371f94,inline,8004a9b0
372114,inline,8003a8b0
3721fc,inline,80acb0b0
3723c4,cant,1
3723cc,inline,80a8b0b0
372458,cant,1
372468,inline,80aab0b0
37255c,extab,74bd14
3726e8,cant,1
372718,extab,74bd44
372768,cant,1
37278c,extab,74bd2c
3727d4,cant,1
3727f4,inline,80aab0b0
372870,cant,1
37287c,inline,80a8b0b0
372890,inline,80aab0b0
3728dc,inline,80a8b0b0
372940,cant,1
372950,extab,74bda4
372a00,cant,1
372a14,extab,74bd94
372ab8,cant,1
372acc,extab,74bd84
372be8,cant,1
372bfc,inline,80aab0b0
372d90,inline,80acb0b0
372f2c,extab,752608
37305c,cant,1
3730f0,inline,8000abb0
373228,inline,8004afb0
3735fc,cant,1
373628,inline,8002afb0
373d34,cant,1
373d44,inline,8000abb0
373dcc,inline,8001acb0
373e44,inline,8000adb0
374190,inline,80aab0b0
374294,inline,80acb0b0
374354,inline,8000afb0
374578,inline,80aab0b0
37476c,inline,80aeb0b0
374c28,inline,80aab0b0
374e4c,inline,80acb0b0
3750a4,extab,752580
3753d0,cant,1
37542c,extab,7525e8
375480,cant,1
3754bc,extab,7525c8
375510,cant,1
37554c,inline,80aab0b0
375778,cant,1
3757bc,inline,80aab0b0
3757ec,inline,80acb0b0
3758b4,cant,1
3758b8,inline,80acb0b0
375934,inline,80aab0b0
375b44,cant,1
375b4c,inline,80aeb0b0
375cd8,inline,80aab0b0
375e8c,cant,1
375f88,inline,80aab0b0
376058,inline,8002adb0
3765f8,inline,80aab0b0
376688,inline,80a8b0b0
3767fc,cant,1
376818,inline,80aab0b0
37685c,cant,1
376948,inline,80a8b0b0
37696c,inline,80acb0b0
376aa8,inline,80a8b0b0
376af4,inline,8006a9b0
376b80,cant,1
376bc0,inline,80a8b0b0
376cc0,inline,8006adb0
376dbc,cant,1
376e3c,inline,80a8b0b0
376ebc,inline,80aab0b0
376f14,inline,80008400
376f30,cant,1
376f4c,inline,80a8b0b0
376f74,inline,80048400
376fa4,cant,1
377030,inline,8002abb0
377138,inline,8002a9b0
377174,cant,1
3771ec,inline,80a8b0b0
37721c,inline,80aab0b0
37742c,inline,8002afb0
377730,cant,1
37773c,inline,8000a9b0
37782c,cant,1
37783c,inline,80a8b0b0
3778dc,inline,8001d0ac
3779a0,inline,80a8b0b0
377a20,inline,80aab0b0
377aec,cant,1
377b30,inline,80acb0b0
377c04,inline,80aab0b0
377e50,cant,1
377e54,inline,80aab0b0
377f18,inline,80acb0b0
377f94,inline,80aeb0b0
3783ac,inline,80aab0b0
37846c,cant,1
378474,inline,80a8b0b0
378548,inline,80aab0b0
378714,inline,8003acb0
378970,inline,8002afb0
379038,cant,1
379108,inline,80aab0b0
379200,inline,80a8b0b0
379250,inline,80aab0b0
379320,extab,74babc
379388,cant,1
37939c,extab,74baac
3793f8,cant,1
37940c,inline,80aab0b0
3794e4,cant,1
37952c,inline,80acb0b0
37972c,inline,80aab0b0
379768,inline,80acb0b0
3797e4,inline,80aab0b0
37989c,inline,80acb0b0
379b14,inline,80aab0b0
379c18,inline,80aeb0b0
37a0e8,inline,80aab0b0
37a320,cant,1
37a328,inline,8000adb0
37a470,inline,80aab0b0
37a554,cant,1
37a694,inline,80aab0b0
37a7dc,inline,80a8b0b0
37a89c,extab,74badc
37a904,cant,1
37a918,extab,74bacc
37a974,cant,1
37a988,inline,80aab0b0
37aa60,cant,1
37aaac,inline,80acb0b0
37ab8c,inline,8000adb0
37ae90,inline,80acb0b0
37af84,cant,1
37af88,inline,80acb0b0
37b004,inline,8000afb0
37b3d8,inline,80aab0b0
37b600,cant,1
37b608,inline,80a8b0b0
37b700,inline,80aab0b0
37b8a4,cant,1
37b8d0,inline,80aab0b0
37bc64,cant,1
37bd3c,inline,80aab0b0
37be64,inline,80acb0b0
37bf58,inline,80aab0b0
37c044,extab,74bafc
37c0f4,cant,1
37c108,extab,74baec
37c1ac,cant,1
37c1c0,inline,80aab0b0
37c274,inline,80acb0b0
37c46c,cant,1
37c498,inline,80acb0b0
37c5a8,cant,1
37c5b8,inline,80acb0b0
37c670,inline,8000abb0
37c800,inline,80aab0b0
37c89c,cant,1
37c8ac,inline,80acb0b0
37c960,inline,80a8b0b0
37c9ec,extab,752abc
37cb3c,cant,1
37cb70,extab,752b04
37cba4,cant,1
37cbc4,extab,752aec
37cbf8,cant,1
37cc3c,inline,80acb0b0
37ccc4,extab,74c1cc
37ce30,cant,1
37ce6c,inline,80acb0b0
37cf54,cant,1
37cf6c,extab,74c15c
37cfe0,cant,1
37cff4,inline,80a8b0b0
37d020,extab,74c12c
37d0d8,cant,1
37d128,extab,74c19c
37d18c,cant,1
37d1dc,extab,74c16c
37d240,cant,1
37d290,inline,80aab0b0
37d4ac,inline,80a8b0b0
37d4d4,cant,1
37d500,inline,80aeb0b0
37d840,cant,1
37d850,inline,8000abb0
37da48,inline,80aab0b0
37dad4,inline,80aeb0b0
37dbd0,inline,80aab0b0
37dd0c,inline,80a8b0b0
37def0,cant,1
37df80,inline,80a9b0b0
37dfd0,cant,1
37e1f8,extab,74c214
37e324,cant,1
37e444,extab,74c230
37e6b8,cant,1
37e70c,inline,8004afb0
37ebc4,inline,80aab0b0
37ec98,inline,8003aeb0
37ed80,inline,8006afb0
37ef6c,cant,1
37ef7c,inline,8000adb0
37f180,inline,800dafb0
37f3bc,inline,80aab0b0
37f454,inline,8002d0af
37f5ec,cant,1
37f5f8,inline,8006afb0
37f800,cant,1
37f8cc,inline,80aab0b0
37f9a8,cant,1
37f9b0,extab,74c224
37fd5c,inline,8000aab0
37fdb8,inline,80a8b0b0
37fdcc,inline,80acb0b0
37fe70,extab,74c1e4
37ff30,cant,1
37ff44,extab,74c204
37ff7c,cant,1
37ff90,extab,74c1f4
37ffc8,cant,1
37ffdc,extab,74bbc4
380224,cant,1
380238,inline,80a8b0b0
38034c,inline,80aab0b0
3804d8,inline,80acb0b0
380554,cant,1
38055c,inline,8000adb0
380a38,cant,1
380a40,inline,80a8b0b0
380b34,extab,74bbb4
380b80,cant,1
380b94,extab,74bba4
380bd4,cant,1
380bf0,inline,80acb0b0
380ccc,cant,1
380d80,inline,80a8b0b0
380e0c,cant,1
380e14,inline,80a8b0b0
380ea4,extab,74c074
380fb0,cant,1
380fd8,inline,80a8b0b0
381038,extab,74c08c
3811bc,cant,1
381204,inline,80aab0b0
381290,extab,74c10c
381430,cant,1
381444,inline,80a8b0b0
381460,cant,1
381468,inline,80acb0b0
3814c4,extab,74c02c
381560,cant,1
381588,extab,74c05c
3815cc,cant,1
3815f4,extab,74c044
381638,cant,1
381660,inline,80a8b0b0
38169c,inline,80aab0b0
381740,inline,8002abb0
38188c,inline,80aab0b0
381a1c,inline,8001aab0
381bbc,inline,80aab0b0
381c98,inline,80a8b0b0
381d44,inline,80acb0b0
381db8,inline,80aab0b0
381f60,inline,80a8b0b0
381f88,extab,74cac0
382004,cant,1
382018,extab,74cae0
38203c,cant,1
382050,extab,74cad0
382070,cant,1
382084,inline,80a8b0b0
3820d4,inline,80acb0b0
3822b0,cant,1
3822f4,inline,80acb0b0
382360,cant,1
382378,inline,80acb0b0
38254c,cant,1
382574,extab,74e9d0
3825b4,cant,1
3825bc,extab,74e9c0
3825f4,cant,1
3825fc,inline,80a8b0b0
382664,cant,1
38266c,inline,80a8b0b0
38268c,extab,74e9f0
3826d8,cant,1
3826ec,extab,74e9e0
38272c,cant,1
382740,inline,8000afb0
382828,inline,800aafb0
382b4c,inline,8004afb0
382e34,inline,80a8b0b0
382e90,cant,1
382f18,inline,80acb0b0
382f84,inline,8000afb0
383070,cant,1
38308c,inline,800aafb0
383374,cant,1
38339c,extab,74ec90
3833dc,cant,1
3833e4,extab,74ec80
38341c,cant,1
383424,inline,80aab0b0
3834b4,cant,1
3834c4,inline,80a8b0b0
3834e4,extab,74ecb0
383530,cant,1
383544,extab,74eca0
383584,cant,1
383598,inline,8009acb0
383760,inline,80aab0b0
3837ac,inline,80a8b0b0
3837bc,cant,1
383850,inline,8005acb0
383a0c,extab,74e6bc
383a8c,cant,1
383a94,extab,74e6dc
383ab4,cant,1
383abc,extab,74e6cc
383ad8,cant,1
383ae0,inline,80aab0b0
383b38,inline,8006afb0
383fdc,cant,1
384020,inline,80acb0b0
38408c,inline,8002a9b0
3840dc,inline,8006afb0
384574,cant,1
3845b0,extab,74eb50
3845f0,cant,1
3845f8,extab,74eb40
384630,cant,1
384638,inline,80a8b0b0
3846b4,cant,1
3846c4,inline,80a8b0b0
3846e4,extab,74eb70
384730,cant,1
384744,extab,74eb60
384784,cant,1
3847ac,inline,80acb0b0
38485c,cant,1
384884,inline,80aab0b0
3848d0,inline,80a8b0b0
3848f0,inline,80acb0b0
3849bc,extab,74e66c
384a04,cant,1
384a0c,extab,74e68c
384a50,cant,1
384a58,extab,74e67c
384a94,cant,1
384b44,inline,8000abb0
384ea0,cant,1
38514c,inline,8000a9b0
3852a0,cant,1
385490,inline,80aab0b0
3854e8,inline,8000adb0
385898,cant,1
3858dc,inline,80acb0b0
385948,cant,1
385964,inline,8000adb0
385cf8,cant,1
385d20,extab,74e888
385d60,cant,1
385d68,extab,74e878
385da0,cant,1
385da8,inline,80aab0b0
385e00,inline,8000afb0
3860f0,cant,1
386158,inline,80acb0b0
3861c4,cant,1
3861f4,inline,8000afb0
3864b8,cant,1
3864e0,extab,74e8a8
386520,cant,1
386528,extab,74e898
386560,cant,1
386568,inline,80aab0b0
386754,inline,80a8b0b0
386778,extab,74e8c8
3867e0,cant,1
3867f4,extab,74e8b8
386850,cant,1
386864,inline,80a8b0b0
3868b4,cant,1
386b7c,extab,74eab0
386bbc,cant,1
386bc4,extab,74eaa0
386bfc,cant,1
386c64,inline,80a8b0b0
386c84,extab,74ead0
386cd0,cant,1
386ce4,extab,74eac0
386d24,cant,1
386d38,inline,8003a8b0
386da0,inline,800ca9b0
386e40,inline,80acb0b0
386f5c,extab,74ed68
387124,cant,1
38713c,inline,80aab0b0
38718c,cant,1
387248,inline,80aeb0b0
3873ec,extab,74ed30
387444,cant,1
387464,extab,74ed58
387498,cant,1
3874a0,extab,74ed48
3874d4,cant,1
3874dc,inline,80aab0b0
38750c,inline,80acb0b0
387584,cant,1
38767c,inline,80acb0b0
3876c8,extab,74ed20
38771c,cant,1
38772c,inline,80a8b0b0
387824,inline,80aeb0b0
387a0c,inline,80aab0b0
387aac,inline,80aeb0b0
387ca4,cant,1
387cdc,extab,74e6ac
387d90,cant,1
387d98,extab,74e69c
387e44,cant,1
387e4c,inline,80a8b0b0
387e9c,inline,80acb0b0
387fc0,cant,1
388060,inline,80acb0b0
3880cc,cant,1
38817c,inline,80acb0b0
388290,cant,1
3882b8,extab,74ea10
3882f8,cant,1
388300,extab,74ea00
388338,cant,1
388340,inline,80a8b0b0
3883b0,cant,1
3883c0,inline,80a8b0b0
3883e0,extab,74ea30
38842c,cant,1
388440,extab,74ea20
388480,cant,1
38866c,inline,80aab0b0
388704,cant,1
388728,inline,8000abb0
388868,cant,1
388894,inline,8001aab0
38895c,cant,1
3889c8,inline,8000a9b0
388ad0,cant,1
388bc0,extab,74e868
388c24,cant,1
388c2c,extab,74e858
388c88,cant,1
388c90,inline,80aab0b0
388d6c,inline,8004abb0
388eb4,inline,80a8b0b0
388f98,extab,74e7e8
389000,cant,1
389014,extab,74e7d8
389070,cant,1
389084,inline,80a8b0b0
3890b0,inline,8000adb0
3895f8,cant,1
389618,inline,80a8b0b0
389664,inline,80acb0b0
3896d0,inline,8000adb0
389b68,cant,1
389b90,extab,74e7c8
389bd4,cant,1
389bdc,extab,74e7b8
389c18,cant,1
389c68,inline,80a8b0b0
389cfc,inline,8004abb0
389e88,inline,80aab0b0
389f50,inline,80a8b0b0
389f74,extab,74e7a8
389fdc,cant,1
389ff0,extab,74e798
38a04c,cant,1
38a060,inline,80a8b0b0
38a08c,inline,8000afb0
38a61c,cant,1
38a638,inline,80a8b0b0
38a694,inline,80acb0b0
38a700,cant,1
38a71c,inline,8000afb0
38abd8,cant,1
38ac00,extab,74e788
38ac44,cant,1
38ac4c,extab,74e778
38ac88,cant,1
38ae60,extab,74e76c
38b014,inline,80a8b0b0
38b120,inline,80aab0b0
38b178,inline,8000a9b0
38b2d4,cant,1
38b318,inline,80acb0b0
38b384,inline,8000a9b0
38b4c4,cant,1
38b4ec,extab,74ea50
38b52c,cant,1
38b534,extab,74ea40
38b56c,cant,1
38b574,inline,80a8b0b0
38b5c4,inline,80aeb0b0
38b6d8,cant,1
38b768,inline,80acb0b0
38b7d4,cant,1
38b7f0,inline,80acb0b0
38b8f4,cant,1
38b91c,extab,74ea70
38b95c,cant,1
38b964,extab,74ea60
38b99c,cant,1
38b9a4,inline,80aab0b0
38ba58,inline,80a8b0b0
38ba84,inline,80aab0b0
38bbc8,inline,80a8b0b0
38bbec,extab,74ea90
38bc54,cant,1
38bc68,extab,74ea80
38bcc4,cant,1
38bcf0,inline,8000a9b0
38bd38,cant,1
38bd80,inline,80aab0b0
38be2c,inline,8000abb0
38bec8,inline,8000a9b0
38bf1c,cant,1
38bf54,inline,80acb0b0
38c05c,cant,1
38c090,inline,8007aab0
38c4fc,inline,8028afb0
38dc08,cant,1
38dc70,inline,800eafb0
38e138,inline,80aab0b0
38e1c8,cant,1
38e220,inline,80aab0b0
38e26c,cant,1
38e27c,inline,80048400
38e410,cant,1
38e5a0,inline,80acb0b0
38e61c,inline,80aab0b0
38e6ac,cant,1
38e6c8,inline,80aab0b0
38e854,inline,8000abb0
38e9c4,cant,1
38ea3c,extab,74ed84
38ea64,cant,1
38ea6c,extab,74ed74
38ea90,cant,1
38eaec,inline,8001acb0
38ec2c,cant,1
38ecb0,inline,80aab0b0
38ecf0,inline,8005aab0
38ed78,inline,80008400
38ed98,inline,80a8b0b0
38eda8,cant,1
38eef0,inline,80aab0b0
38ef30,inline,80008400
38ef50,inline,80a8b0b0
38ef60,cant,1
38f054,inline,8000a9b0
38f114,cant,1
38f148,inline,80aeb0b0
38f1c4,cant,1
38f23c,inline,80aab0b0
38f27c,cant,1
38f294,inline,8000a9b0
38f2bc,inline,80a8b0b0
38f2cc,cant,1
38f3a8,inline,80aab0b0
38f3e8,inline,80008400
38f408,inline,80a8b0b0
38f418,cant,1
38f55c,inline,80aab0b0
38f59c,inline,80008400
38f5bc,inline,80a8b0b0
38f5cc,cant,1
38f608,inline,8009acb0
38f6a4,cant,1
38f6c4,inline,8000a9b0
38f730,inline,80aab0b0
38f79c,inline,80a8b0b0
38f7c4,inline,80aab0b0
38f824,inline,80acb0b0
38fb1c,cant,1
38fb7c,inline,8002adb0
38fd98,cant,1
38fddc,inline,80aeb0b0
38fe60,cant,1
38ff44,inline,80aab0b0
38ffb8,cant,1
39016c,inline,8000a9b0
390194,inline,80a8b0b0
3901a4,cant,1
39021c,inline,8000abb0
3902b8,inline,80aab0b0
3902f8,cant,1
390434,inline,8000abb0
3905b4,cant,1
3905bc,inline,8000a9b0
390664,cant,1
390728,inline,80a8b0b0
3907c0,inline,80acb0b0
3908d4,inline,80aab0b0
390944,inline,80acb0b0
390a44,cant,1
390a70,extab,74e808
390ad0,cant,1
390ad8,extab,74e7f8
390b30,cant,1
390b58,inline,8000abb0
390c18,cant,1
390c20,inline,80008400
390c80,cant,1
390cf0,inline,80aeb0b0
390e40,inline,80aab0b0
390ebc,inline,80aeb0b0
391028,extab,74e63c
3910bc,cant,1
3910c4,extab,74e65c
391154,cant,1
39115c,extab,74e64c
3911e8,cant,1
3912a4,inline,8000a9b0
39146c,cant,1
391510,inline,8000a9b0
3916ac,extab,74e848
39176c,cant,1
3917b0,inline,800eafb0
391c38,inline,8002afb0
391d6c,cant,1
391ee8,inline,80aab0b0
391f40,inline,8000adb0
3920d8,cant,1
39211c,inline,80acb0b0
392188,inline,8000adb0
39230c,cant,1
392334,extab,74eb90
392374,cant,1
39237c,extab,74eb80
3923b4,cant,1
3923bc,inline,80aab0b0
392414,inline,8000afb0
39257c,cant,1
392600,inline,80acb0b0
39266c,cant,1
3926bc,inline,8000afb0
39281c,cant,1
392844,extab,74ebb0
392884,cant,1
39288c,extab,74eba0
3928c4,cant,1
3928cc,inline,80aab0b0
392a48,inline,80a8b0b0
392a6c,extab,74ebd0
392ad4,cant,1
392ae8,extab,74ebc0
392b44,cant,1
392b58,inline,80aab0b0
392f74,cant,1
392fac,inline,80a8b0b0
392fdc,cant,1
392ff0,inline,8005a8b0
39303c,inline,80aab0b0
39310c,inline,8007aab0
3933cc,cant,1
393430,inline,80acb0b0
393508,cant,1
393634,inline,8003aab0
3938d8,cant,1
393944,extab,74e838
3939b4,cant,1
3939bc,extab,74e828
393a24,cant,1
393aec,inline,8006adb0
393c88,cant,1
393e38,inline,80acb0b0
393f10,cant,1
39411c,inline,8003acb0
394288,extab,74e818
394318,cant,1
394390,inline,80acb0b0
3944ec,inline,80aab0b0
3945b0,inline,80acb0b0
394888,cant,1
39493c,inline,80a8b0b0
394980,cant,1
394a48,inline,8008a9b0
394d10,cant,1
394d20,inline,80aab0b0
394d6c,cant,1
394dd8,inline,8001a8b0
394e08,cant,1
394e30,inline,8001a8b0
394e70,cant,1
394ea0,inline,8002a9b0
394ee8,inline,8005aab0
395230,extab,74e5ec
395310,cant,1
395318,extab,74e60c
395368,cant,1
395370,extab,74e5fc
3953b8,cant,1
3953c0,inline,80aab0b0
395418,inline,8000adb0
3955f4,cant,1
395638,inline,80acb0b0
3956a4,inline,8000adb0
39586c,cant,1
395894,extab,74eaf0
3958d4,cant,1
3958dc,extab,74eae0
395914,cant,1
39591c,inline,80aab0b0
395974,inline,8000afb0
395b24,cant,1
395bd4,inline,80acb0b0
395c40,cant,1
395ca0,inline,8000afb0
395e4c,cant,1
395e74,extab,74eb10
395eb4,cant,1
395ebc,extab,74eb00
395ef4,cant,1
395efc,inline,80aab0b0
396078,inline,80a8b0b0
39609c,extab,74eb30
396104,cant,1
396118,extab,74eb20
396174,cant,1
3961c4,inline,8000abb0
396454,cant,1
396480,inline,80acb0b0
396524,cant,1
396590,inline,80a8b0b0
3965d4,inline,8000a9b0
3966bc,cant,1
396814,inline,80aab0b0
39686c,inline,8002afb0
396c74,cant,1
396ce0,inline,80acb0b0
396d4c,inline,8002afb0
39711c,cant,1
397148,extab,74e908
397188,cant,1
397190,extab,74e8f8
3971c8,cant,1
3971d0,inline,80aab0b0
397228,inline,8000afb0
397554,cant,1
3975b8,inline,80acb0b0
397624,cant,1
397650,inline,8000afb0
397944,cant,1
397970,extab,74e928
3979b0,cant,1
3979b8,extab,74e918
3979f0,cant,1
3979f8,inline,80acb0b0
397bf4,inline,80aab0b0
397d34,inline,80a8b0b0
397d68,extab,74e948
397dec,cant,1
397e00,extab,74e938
397e78,cant,1
397ee0,inline,80aab0b0
397f38,inline,8000adb0
398708,cant,1
39874c,inline,80acb0b0
3987b8,cant,1
3987d4,inline,8000adb0
398f44,cant,1
398f70,extab,74e8e8
398fb0,cant,1
398fb8,extab,74e8d8
398ff0,cant,1
3991cc,inline,80aeb0b0
39966c,cant,1
3996a8,inline,80a8b0b0
3996c8,cant,1
399704,inline,80a8b0b0
399724,cant,1
399730,inline,80a8b0b0
399770,cant,1
39977c,inline,80acb0b0
399810,cant,1
3998ac,inline,80a8b0b0
3998cc,cant,1
3998d8,inline,80a8b0b0
3998f8,inline,80acb0b0
399c04,extab,74e958
399d1c,cant,1
399da0,inline,8018afb0
39a3d0,inline,80aab0b0
39a41c,cant,1
39a430,inline,8002a9b0
39a4c8,cant,1
39a504,inline,8003aab0
39a7b0,extab,74e57c
39a910,cant,1
39a938,inline,80aeb0b0
39aa84,inline,8004afb0
39ad54,inline,8007aeb0
39af8c,cant,1
39b000,inline,8005a8b0
39b070,inline,80aab0b0
39b0fc,inline,80acb0b0
39b2c0,cant,1
39b348,inline,80acb0b0
39b3b4,extab,74ed10
39b4c8,cant,1
39b4d0,inline,80aab0b0
39b58c,inline,80acb0b0
39b6b4,cant,1
39b870,extab,74ece0
39b940,cant,1
39b960,inline,80a8b0b0
39b970,extab,74ecf0
39ba5c,cant,1
39ba7c,inline,80a8b0b0
39bac8,inline,80acb0b0
39bb8c,inline,80a8b0b0
39bbd8,inline,80acb0b0
39bde8,inline,80aab0b0
39be20,cant,1
39be4c,extab,74ecd0
39beac,cant,1
39beb4,extab,74ecc0
39bf0c,cant,1
39c024,inline,8000a9b0
39c0d0,inline,80aab0b0
39c11c,cant,1
39c2a0,inline,8000a9b0
39c338,cant,1
39c480,inline,8008adb0
39c648,cant,1
39c6a8,inline,8002adb0
39c7a0,extab,74e6ec
39c7fc,cant,1
39c824,inline,8006a9b0
39c8ec,inline,80aab0b0
39c938,cant,1
39c978,inline,8003aab0
39ca68,cant,1
39cacc,inline,80a8b0b0
39cb18,inline,800daab0
39cc4c,inline,80a8b0b0
39cc98,inline,80acb0b0
39cd04,inline,800daab0
39ce28,cant,1
39ce50,extab,74e73c
39ce90,cant,1
39ce98,extab,74e72c
39ced0,cant,1
39ced8,inline,80aab0b0
39cf6c,cant,1
39cf74,inline,80a8b0b0
39cf9c,extab,74e75c
39cfe8,cant,1
39cffc,extab,74e74c
39d03c,cant,1
39d074,inline,80a8b0b0
39d0cc,cant,1
39d0e4,inline,8006a9b0
39d1a4,cant,1
39d1bc,inline,8002a9b0
39d258,cant,1
39d29c,inline,80a8b0b0
39d3dc,inline,80aeb0b0
39d5c4,inline,80aab0b0
39d664,inline,80aeb0b0
39d85c,cant,1
39d894,extab,74e62c
39d948,cant,1
39d950,extab,74e61c
39d9fc,cant,1
39da04,inline,80aab0b0
39dab4,cant,1
39daf0,inline,80aab0b0
39db5c,extab,74e6fc
39db8c,cant,1
39db94,extab,74e71c
39dbb4,cant,1
39dbbc,extab,74e70c
39dbd8,cant,1
39dbe0,inline,80aab0b0
39dc4c,inline,800aafb0
39de50,cant,1
39dfac,inline,80a8b0b0
39e008,inline,80acb0b0
39e074,inline,80aeb0b0
39e134,inline,8007aeb0
39e31c,cant,1
39e34c,extab,74ebf0
39e38c,cant,1
39e394,extab,74ebe0
39e3cc,cant,1
39e3d4,inline,80a8b0b0
39e444,cant,1
39e454,inline,80a8b0b0
39e474,extab,74ec10
39e4c0,cant,1
39e4d4,extab,74ec00
39e514,cant,1
39e528,inline,80aab0b0
39e580,inline,8000adb0
39e75c,cant,1
39e7a0,inline,8000adb0
39e968,cant,1
39e990,extab,74ec30
39e9d0,cant,1
39e9d8,extab,74ec20
39ea10,cant,1
39ea18,inline,80aab0b0
39ea70,inline,8000afb0
39ec20,cant,1
39ec94,inline,8000afb0
39ee40,cant,1
39ee68,extab,74ec50
39eea8,cant,1
39eeb0,extab,74ec40
39eee8,cant,1
39eef0,inline,80aab0b0
39f064,inline,80a8b0b0
39f088,extab,74ec70
39f0f0,cant,1
39f104,extab,74ec60
39f160,cant,1
39f174,inline,80aab0b0
39f1dc,inline,8003aeb0
39f4d0,cant,1
39f51c,inline,80a8b0b0
39f550,inline,8000adb0
39f7d4,inline,80a8b0b0
39f8a4,inline,80acb0b0
39f934,inline,80aab0b0
39f988,inline,80a8b0b0
39f9c4,cant,1
39f9d8,inline,80a8b0b0
39fa20,inline,80acb0b0
39fa9c,cant,1
39faa4,inline,80aeb0b0
39fba0,cant,1
39fbb8,inline,80aab0b0
39fbfc,inline,80a8b0b0
39fc64,inline,80acb0b0
39fd10,inline,8002a9b0
39fd74,inline,8012afb0
3a0030,inline,8002a9b0
3a013c,inline,80acb0b0
3a01b8,inline,8002a9b0
3a0238,inline,8005a8b0
3a0348,cant,1
3a0350,inline,8001aab0
3a0734,cant,1
3a073c,extab,75938c
3a08f0,cant,1
3a0900,inline,8002a9b0
3a096c,inline,80aab0b0
3a0a20,inline,80a8b0b0
3a0ac8,cant,1
3a0ad0,inline,80acb0b0
3a0b4c,cant,1
3a0b54,inline,80aab0b0
3a0c2c,cant,1
3a0c44,inline,80a8b0b0
3a0cc8,cant,1
3a0d04,inline,8006a9b0
3a0d68,inline,80acb0b0
3a0de4,inline,80aab0b0
3a0ee0,inline,8006adb0
3a196c,inline,80a8b0b0
3a1a5c,cant,1
3a1a64,extab,75a04c
3a1ae8,cant,1
3a1afc,inline,80a8b0b0
3a1b0c,inline,80aab0b0
3a1bd8,inline,80acb0b0
3a1c54,inline,80aab0b0
3a1dec,extab,75996c
3a1e50,cant,1
3a1e64,inline,80a8b0b0
3a1e74,cant,1
3a1e7c,inline,801eabb0
3a22b4,inline,8005acb0
3a241c,inline,80acb0b0
3a2498,inline,80aeb0b0
3a2554,inline,80a8b0b0
3a2570,extab,7591b4
3a25f4,cant,1
3a25fc,inline,8002adb0
3a27d4,cant,1
3a27ec,inline,80a8b0b0
3a28ec,cant,1
3a2900,inline,80a8b0b0
3a2948,inline,80acb0b0
3a29c4,inline,8001aab0
3a2a18,inline,8005acb0
3a2a90,cant,1
3a2b50,inline,80aeb0b0
3a2c38,inline,80aab0b0
3a2c74,inline,80a8b0b0
3a2d00,cant,1
3a2d10,inline,80acb0b0
3a2d8c,inline,80a8b0b0
3a2dd0,inline,80aab0b0
3a2e88,cant,1
3a2e90,extab,75a05c
3a2ee8,cant,1
3a2efc,inline,80a8b0b0
3a2f0c,cant,1
3a2f14,inline,80aeb0b0
3a31a4,inline,80acb0b0
3a33a0,inline,80a8b0b0
3a33d8,inline,80aab0b0
3a34ec,inline,80a8b0b0
3a3524,inline,80aeb0b0
3a3974,inline,80acb0b0
3a3ce8,cant,1
3a3cec,inline,80a8b0b0
3a3d34,inline,80aab0b0
3a3e80,inline,80a8b0b0
3a3e8c,inline,80aeb0b0
3a426c,inline,80acb0b0
3a43e0,cant,1
3a43e4,inline,80a8b0b0
3a444c,cant,1
3a4458,inline,80a8b0b0
3a4480,inline,80aeb0b0
3a4c34,inline,80aab0b0
3a4cf8,inline,80acb0b0
3a5390,cant,1
3a5394,inline,80a8b0b0
3a53cc,cant,1
3a5440,inline,80aab0b0
3a54a0,inline,80a8b0b0
3a54d8,inline,80acb0b0
3a5700,cant,1
3a5704,inline,80a8b0b0
3a5740,inline,80acb0b0
3a57b4,inline,80a8b0b0
3a57fc,inline,80acb0b0
3a5878,cant,1
3a58cc,inline,80a8b0b0
3a5934,inline,8001acb0
3a5b38,inline,80aab0b0
3a5bac,inline,80a8b0b0
3a5c60,cant,1
3a5cc4,inline,80aab0b0
3a5d44,inline,80a8b0b0
3a5dd4,inline,8003a8b0
3a5e10,inline,80a8b0b0
3a5e90,inline,8003aab0
3a5ef4,inline,80a8b0b0
3a5f68,cant,1
3a5ff8,inline,8008a9b0
3a6148,inline,80acb0b0
3a61c4,inline,80aeb0b0
3a6590,inline,80a8b0b0
3a66e4,inline,8029acb0
3a6924,inline,80aab0b0
3a6a8c,inline,8003a8b0
3a6d6c,inline,8005aeb0
3a6ff4,extab,759b60
3a7368,cant,1
3a737c,inline,8001a8b0
3a7428,inline,80a8b0b0
3a74b4,inline,80acb0b0
3a787c,inline,80a8b0b0
3a7908,extab,759b50
3a7b90,cant,1
3a7b98,inline,8003aab0
3a7cf8,inline,80a8b0b0
3a7e0c,cant,1
3a7e30,inline,800baeb0
3a8144,inline,80aab0b0
3a81fc,inline,8023aab0
3a8410,cant,1
3a8418,inline,80a8b0b0
3a84bc,cant,1
3a84c4,inline,80aab0b0
3a86a4,inline,8006adb0
3a8d60,inline,8004a9b0
3a8f18,extab,759b20
3a90ac,cant,1
3a90c0,extab,759b40
3a9160,cant,1
3a9174,extab,759b30
3a920c,cant,1
3a9220,inline,8006afb0
3a932c,inline,8008adb0
3a94d4,inline,80a8b0b0
3a950c,extab,75932c
3a95f4,cant,1
3a9618,inline,80aeb0b0
3a995c,extab,75931c
3a99b4,cant,1
3a99c8,inline,80acb0b0
3a9a44,inline,8001aeb0
3a9b04,extab,7592dc
3a9d6c,cant,1
3a9d80,inline,8004adb0
3a9e50,inline,8003aab0
3a9f0c,extab,7592ec
3aa2f4,cant,1
3aa308,inline,8003aab0
3aa3c4,inline,80aeb0b0
3aa4e0,inline,80aab0b0
3aa530,inline,8003aab0
3aa604,inline,8004afb0
3aa8e8,inline,8003aeb0
3aa9bc,inline,80acb0b0
3aab94,extab,75930c
3aac88,cant,1
3aac9c,inline,8014afb0
3aaf9c,extab,7592fc
3ab0e4,cant,1
3ab0f8,inline,800cadb0
3ab19c,inline,80acb0b0
3ab3cc,cant,1
3ab3f8,extab,75933c
3abbf0,cant,1
3abc04,inline,8007acb0
3abfe0,inline,8005a8b0
3ac02c,inline,800eafb0
3ac620,inline,80aab0b0
3ac7c8,extab,7592cc
3ac820,cant,1
3ac834,extab,7592bc
3ac884,cant,1
3ac898,inline,80acb0b0
3ac990,inline,80a8b0b0
3ac9d8,inline,80acb0b0
3aca54,cant,1
3aca5c,inline,80a8b0b0
3acad4,cant,1
3acadc,inline,80acb0b0
3acb58,inline,80a8b0b0
3acb84,inline,8001aab0
3acd50,cant,1
3acd70,inline,80a8b0b0
3acdd4,extab,759284
3ace20,cant,1
3ace34,extab,759274
3ace74,cant,1
3ace88,inline,80acb0b0
3acef0,cant,1
3acef8,inline,80acb0b0
3acf74,inline,8002a9b0
3ad050,extab,75a02c
3ad0dc,cant,1
3ad0e4,inline,80acb0b0
3ad434,cant,1
3ad43c,inline,80a8b0b0
3ad4d8,cant,1
3ad4e0,inline,80a8b0b0
3ad554,inline,80acb0b0
3ad5d0,inline,80b220af
3ad800,inline,80a8b0b0
3ad880,inline,80acb0b0
3ad938,inline,80aab0b0
3addc4,extab,75a03c
3ae9cc,cant,1
3ae9d4,inline,80aeb0b0
3aed78,inline,80aab0b0
3aeeb4,inline,800aafb0
3af284,cant,1
3af2d0,inline,800cafb0
3af46c,inline,80aeb0b0
3af5e8,cant,1
3af648,extab,7592b0
3af870,inline,800dacb0
3af984,inline,801cafb0
3b00b0,extab,7592a4
3b0164,inline,80acb0b0
3b0254,cant,1
3b025c,inline,80acb0b0
3b0438,cant,1
3b0440,inline,80aeb0b0
3b0588,cant,1
3b05a0,inline,80a8b0b0
3b05c8,extab,759294
3b0644,cant,1
3b0658,inline,80a8b0b0
3b068c,extab,7593d0
3b0754,cant,1
3b075c,inline,80aeb0b0
3b095c,inline,80aab0b0
3b0a10,inline,80a8b0b0
3b0b48,inline,80acb0b0
3b13fc,inline,8004afb0
3b1654,inline,80aab0b0
3b18d4,inline,80acb0b0
3b1950,inline,80a8b0b0
3b19ec,inline,80aab0b0
3b1b08,inline,80a8b0b0
3b1b94,inline,80aab0b0
3b1d24,extab,759400
3b1e84,cant,1
3b1e8c,inline,8000abb0
3b2024,inline,80a8b0b0
3b2094,extab,7593f0
3b2250,cant,1
3b2258,inline,80a8b0b0
3b22e0,extab,7593e0
3b26ac,cant,1
3b26b4,inline,8002a9b0
3b26f8,inline,8005aeb0
3b2964,inline,8006afb0
3b2bf8,inline,80a8b0b0
3b2e24,inline,80acb0b0
3b2f28,extab,7593a0
3b2fb8,cant,1
3b2fcc,extab,7593c0
3b3004,cant,1
3b3018,extab,7593b0
3b3050,cant,1
3b3064,inline,80a8b0b0
3b3098,inline,80acb0b0
3b31a4,inline,80a8b0b0
3b3248,cant,1
3b3260,extab,759554
3b3530,cant,1
3b3558,extab,759520
3b3784,cant,1
3b3794,inline,80acb0b0
3b38c8,inline,8006a9b0
3b39ac,inline,80aab0b0
3b39f0,inline,8016afb0
3b5740,inline,80aab0b0
3b58ac,inline,8005acb0
3b5998,inline,80aab0b0
3b5c88,inline,80acb0b0
3b5d04,inline,80aab0b0
3b5e74,extab,759538
3b60d4,cant,1
3b60e4,inline,8002afb0
3b63bc,extab,759510
3b6424,cant,1
3b642c,inline,80aeb0b0
3b64cc,inline,80aab0b0
3b6658,extab,759574
3b7248,cant,1
3b7284,inline,8000abb0
3b7648,inline,8004abb0
3b77ac,inline,80aab0b0
3b780c,extab,7595a0
3b79d4,cant,1
3b79ec,inline,80a8b0b0
3b7a38,inline,8004d0a9
3b7ae4,inline,8005aab0
3b7d4c,inline,8037aab0
3b7fec,cant,1
3b7ffc,inline,80acb0b0
3b82a8,inline,80a8b0b0
3b82e0,inline,8003acb0
3b8630,extab,7594e8
3b9038,cant,1
3b9060,inline,80aab0b0
3b90f8,inline,80a8b0b0
3b917c,inline,80acb0b0
3b928c,inline,8002adb0
3b9788,inline,80a8b0b0
3b9818,inline,80aab0b0
3b9888,inline,8002a9b0
3b99b4,inline,8005aeb0
3b9c60,inline,800baeb0
3b9fe8,inline,80a8b0b0
3ba310,extab,7595b0
3ba458,cant,1
3ba46c,inline,80acb0b0
3ba628,inline,80aab0b0
3ba690,extab,7594b8
3ba798,cant,1
3ba7ac,extab,7594d8
3ba7e8,cant,1
3ba7fc,extab,7594c8
3ba834,cant,1
3ba848,inline,80aab0b0
3ba8e0,inline,80acb0b0
3bb298,inline,80aab0b0
3bb4f8,inline,80acb0b0
3bb684,inline,8000abb0
3bb80c,extab,7595f0
3bb9c8,cant,1
3bb9d0,inline,8006afb0
3bbc54,extab,7595c0
3bbcbc,cant,1
3bbcd0,extab,7595e0
3bbd08,cant,1
3bbd1c,extab,7595d0
3bbd54,cant,1
3bbd68,inline,80a8b0b0
3bbdd4,inline,80aab0b0
3bbe28,inline,800bacb0
3bbed0,inline,80aab0b0
3bbf24,inline,80a8b0b0
3bbf4c,inline,802faab0
3bc040,cant,1
3bc078,extab,759470
3bc134,cant,1
3bc148,inline,8003a8b0
3bc1bc,cant,1
3bc1c4,inline,8002a9b0
3bc3e8,extab,759490
3bc4ac,cant,1
3bc4c0,extab,759480
3bc698,cant,1
3bc6b4,inline,80acb0b0
3bc780,cant,1
3bc7c8,inline,80a8b0b0
3bc810,inline,80aab0b0
3bc87c,cant,1
3bcae4,inline,80a8b0b0
3bcb38,cant,1
3bcb4c,inline,80a8b0b0
3bcb74,inline,8006a9b0
3bcc24,inline,80a8b0b0
3bcca4,cant,1
3bccb4,extab,759450
3bcdec,cant,1
3bce00,inline,80aab0b0
3bce78,inline,80a8b0b0
3bced4,inline,8006a9b0
3bcf84,extab,759440
3bd084,cant,1
3bd08c,inline,80acb0b0
3bd270,cant,1
3bd280,inline,8006a9b0
3bd2ec,cant,1
3bd2f4,inline,8002a9b0
3bd410,inline,80acb0b0
3bd548,inline,80a8b0b0
3bd578,inline,8005a8b0
3bd5b8,inline,80aab0b0
3bd794,extab,759460
3bdacc,cant,1
3bdad4,inline,80aab0b0
3bdb68,inline,80a8b0b0
3bdc58,cant,1
3bdc80,extab,7594a0
3bdea4,cant,1
3bdec4,inline,80a8b0b0
3bdf0c,inline,80aab0b0
3bdfe8,extab,759410
3be0f8,cant,1
3be10c,extab,759430
3be154,cant,1
3be168,extab,759420
3be1a4,cant,1
3be1b8,extab,759630
3be284,cant,1
3be28c,inline,8003aab0
3be310,inline,80a8b0b0
3be344,inline,80acb0b0
3be418,inline,80a8b0b0
3be4bc,extab,759650
3be628,cant,1
3be630,inline,8019acb0
3bf918,inline,80a8b0b0
3bf950,inline,80aab0b0
3bfd74,inline,80acb0b0
3bfdf0,inline,80a8b0b0
3bff2c,inline,80aeb0b0
3bffcc,inline,80aab0b0
3c0328,extab,759660
3c04ec,cant,1
3c04f4,inline,8000abb0
3c0758,inline,80a8b0b0
3c07c4,extab,759680
3c08d0,cant,1
3c08e8,inline,80aab0b0
3c0978,extab,759670
3c0a80,cant,1
3c0a88,inline,80aab0b0
3c0bbc,inline,80a8b0b0
3c0bf4,extab,759640
3c0ef8,cant,1
3c0f00,inline,8001aeb0
3c12e0,inline,80a8b0b0
3c1370,inline,80aab0b0
3c13e0,inline,8002a9b0
3c150c,inline,8005aeb0
3c17b4,inline,8004adb0
3c1a9c,inline,80a8b0b0
3c1d98,inline,80aab0b0
3c1de4,extab,759600
3c1ec8,cant,1
3c1edc,extab,759620
3c1f08,cant,1
3c1f1c,extab,759610
3c1f44,cant,1
3c1f58,inline,80aab0b0
3c1fb0,inline,80a8b0b0
3c1fe0,cant,1
3c2060,extab,7596ec
3c211c,cant,1
3c2144,inline,80aab0b0
3c2190,cant,1
3c21a0,inline,80aab0b0
3c21c4,inline,80a8b0b0
3c21dc,cant,1
3c21f4,inline,8006a9b0
3c2240,cant,1
3c227c,inline,8004a9b0
3c2474,inline,80acb0b0
3c259c,inline,8002a9b0
3c2680,inline,8001a8b0
3c2704,inline,80acb0b0
3c28a4,inline,80a8b0b0
3c291c,inline,8004a9b0
3c2a6c,inline,8000afb0
3c2c70,inline,8000a9b0
3c2d70,inline,80a8b0b0
3c2e6c,inline,80aab0b0
3c3064,extab,75973c
3c316c,cant,1
3c3174,inline,8005aeb0
3c3b84,inline,800aadb0
3c3d34,inline,80acb0b0
3c3dd8,inline,80aab0b0
3c3ee0,inline,8007aeb0
3c4140,inline,8000a9b0
3c41c8,inline,8000d0af
3c43d4,inline,8004adb0
3c45f0,inline,800bacb0
3c4f74,inline,80aeb0b0
3c5154,inline,80a8b0b0
3c5170,inline,8003a8b0
3c5238,extab,75972c
3c53cc,cant,1
3c53e0,inline,80a8b0b0
3c53f0,inline,8009aeb0
3c5708,inline,8004a9b0
3c5c68,inline,8003acb0
3c5e70,extab,75970c
3c5fb4,cant,1
3c5fd0,inline,8000abb0
3c6164,inline,8005a8b0
3c61e4,inline,8001d0aa
3c65a8,inline,80a8b0b0
3c6688,inline,80aab0b0
3c67e0,inline,80acb0b0
3c6ef0,inline,8006abb0
3c70fc,inline,8000a9b0
3c71f0,inline,8002abb0
3c745c,inline,80acb0b0
3c7614,inline,80a8b0b0
3c762c,cant,1
3c7644,inline,80a8b0b0
3c76c0,inline,80aab0b0
3c7710,extab,7596dc
3c7764,cant,1
3c7778,inline,80a8b0b0
3c7788,cant,1
3c7790,inline,80acb0b0
3c780c,cant,1
3c7814,inline,8002a9b0
3c78d4,cant,1
3c78f4,inline,80a8b0b0
3c795c,inline,8002a9b0
3c79b8,inline,80acb0b0
3c7a34,inline,8006adb0
3c7c7c,extab,759a98
3c83e8,cant,1
3c8448,inline,80aab0b0
3c854c,inline,80a8b0b0
3c85d8,extab,759a88
3c861c,cant,1
3c8630,extab,759a78
3c8668,cant,1
3c867c,inline,80a8b0b0
3c86b0,inline,8003d0ac
3c87fc,inline,80acb0b0
3c8878,inline,80aab0b0
3c89a8,extab,759184
3c8fbc,cant,1
3c8ff0,inline,80aab0b0
3c904c,extab,759154
3c90fc,cant,1
3c9110,extab,759174
3c919c,cant,1
3c91b0,extab,759164
3c9230,cant,1
3c9244,inline,80acb0b0
3c92c0,inline,8002a9b0
3c936c,extab,759c8c
3c93b8,cant,1
3c93cc,inline,80a8b0b0
3c9424,inline,8002a9b0
3c948c,inline,80acb0b0
3c9508,inline,80aab0b0
3c9568,extab,759cac
3c96d0,cant,1
3c96e0,inline,8001a8b0
3c9774,inline,80a8b0b0
3c97ec,extab,759cc8
3c98d0,cant,1
3c98e0,inline,8002a9b0
3c9998,inline,80a8b0b0
3c99e4,extab,759c9c
3c9a34,cant,1
3c9a3c,inline,80a8b0b0
3c9a94,inline,80aab0b0
3c9be0,cant,1
3c9be8,inline,80a8b0b0
3c9c44,cant,1
3c9c54,inline,80a8b0b0
3c9d28,inline,80acb0b0
3c9da4,extab,759cf4
3c9ed0,cant,1
3c9ee8,extab,759ce4
3c9f38,cant,1
3c9f4c,inline,80a8b0b0
3c9f90,inline,8002a9b0
3c9fd8,inline,80aab0b0
3ca030,inline,80a8b0b0
3ca094,inline,8001d0ac
3ca1b4,inline,8001a8b0
3ca284,cant,1
3ca290,inline,8001a8b0
3ca2ec,inline,80a8b0b0
3ca318,extab,759d28
3ca400,inline,8001d0ac
3ca4a0,inline,80a8b0b0
3ca4cc,inline,80aab0b0
3ca53c,inline,8002a9b0
3ca5bc,inline,80a8b0b0
3ca5f0,inline,80aab0b0
3ca664,extab,759d18
3ca6b4,cant,1
3ca6bc,inline,80a8b0b0
3ca714,inline,80aab0b0
3ca8c0,cant,1
3ca8c8,inline,80a8b0b0
3ca8e8,cant,1
3ca8f8,inline,80a8b0b0
3ca99c,inline,80acb0b0
3caa18,cant,1
3caa24,extab,759d08
3caa78,cant,1
3caa8c,inline,80a8b0b0
3caa9c,inline,80acb0b0
3cab18,cant,1
3cab24,inline,80a8b0b0
3cab7c,extab,759d3c
3cabd4,cant,1
3cabf4,extab,759d64
3cac1c,cant,1
3cac30,extab,759d54
3cac58,cant,1
3cad8c,inline,80aab0b0
3cae3c,inline,80acb0b0
3caeb8,inline,80a8b0b0
3caf00,inline,80aab0b0
3caf68,inline,80aeb0b0
3cb248,inline,8004d0ad
3cb318,inline,80acb0b0
3cb56c,inline,80a8b0b0
3cb598,cant,1
3cb5a0,inline,80acb0b0
3cb7e8,cant,1
3cb7f0,inline,8000adb0
3cb93c,cant,1
3cb94c,inline,8000a9b0
3cb9c4,inline,80a8b0b0
3cba68,extab,759f94
3cbaac,cant,1
3cbac0,extab,759f84
3cbaf8,cant,1
3cbb14,inline,80acb0b0
3cbb90,cant,1
3cbb98,inline,8002a9b0
3cbc58,cant,1
3cbc78,extab,759144
3cbcdc,cant,1
3cbcf0,inline,80a8b0b0
3cbd00,inline,8001a8b0
3cbd84,inline,80acb0b0
3cbe00,cant,1
3cbe08,inline,80aeb0b0
3cc124,cant,1
3cc13c,inline,80a8b0b0
3cc21c,cant,1
3cc224,inline,8005acb0
3cc328,inline,80acb0b0
3cc3a4,extab,759c6c
3cc3f4,cant,1
3cc3fc,inline,8001acb0
3cc57c,cant,1
3cc594,inline,80a8b0b0
3cc5ac,extab,759c5c
3cc60c,cant,1
3cc620,inline,80a8b0b0
3cc630,inline,8002abb0
3cc6c4,inline,80a8b0b0
3cc70c,inline,80acb0b0
3cc788,cant,1
3cc7b0,inline,80a8b0b0
3cc7d8,extab,759c7c
3cc82c,cant,1
3cc840,inline,80a8b0b0
3cc88c,inline,80aab0b0
3cc8dc,cant,1
3cc8e4,inline,80aab0b0
3cc98c,inline,80acb0b0
3cca08,inline,80a8b0b0
3cca90,inline,80aab0b0
3ccba0,inline,8001a8b0
3ccc40,inline,80aab0b0
3ccca8,inline,80a8b0b0
3ccdb8,cant,1
3ccdd0,inline,80a8b0b0
3cce00,extab,759fa4
3cce94,cant,1
3ccea8,inline,80a8b0b0
3ccf00,inline,80aab0b0
3ccf6c,inline,80acb0b0
3ccfe8,inline,80a8b0b0
3cd070,inline,80aab0b0
3cd108,inline,8001a8b0
3cd1a4,extab,759fb4
3cd1d4,cant,1
3cd1e8,inline,80a8b0b0
3cd1f8,cant,1
3cd200,inline,80acb0b0
3cd27c,cant,1
3cd298,inline,80acb0b0
3cd4b0,cant,1
3cd4c8,inline,80a8b0b0
3cd504,extab,75a00c
3cd590,cant,1
3cd5a4,inline,80a8b0b0
3cd5b4,cant,1
3cd5bc,inline,80a8b0b0
3cd60c,inline,80acb0b0
3cd688,inline,80aab0b0
3cd6e0,inline,80a8b0b0
3cd718,inline,80aab0b0
3cd7fc,cant,1
3cd804,extab,759fc4
3cd86c,cant,1
3cd88c,extab,759fec
3cd8b4,cant,1
3cd8c8,extab,759fdc
3cd8f0,cant,1
3cd90c,inline,80a8b0b0
3cd9f0,inline,80acb0b0
3cda6c,extab,759ffc
3cdac0,cant,1
3cdac8,inline,80aab0b0
3cdc0c,cant,1
3cdc34,inline,80a8b0b0
3cdcb0,cant,1
3cdcd0,inline,80aab0b0
3cdf24,inline,8034afb0
3ce24c,inline,80a8b0b0
3ce2b0,extab,74edb0
3ce2dc,cant,1
3ce2f0,extab,74eda0
3ce318,cant,1
3ce32c,extab,74ee24
3cf018,inline,8001acb0
3cf2b4,cant,1
3cf2e0,inline,8004afb0
3cf59c,inline,8004abb0
3cf680,inline,80aab0b0
3cf754,extab,74ee38
3cfa78,cant,1
3cfaa8,inline,8003aab0
3cfb24,inline,8006a9b0
3cfc20,inline,8004a9b0
3cfd0c,inline,8008afb0
3d0284,inline,800eafb0
3d0a3c,inline,8004a9b0
3d0a9c,inline,8014afb0
3d0e50,inline,8003aeb0
3d10b8,extab,74ee0c
3d2128,cant,1
3d2150,extab,74eddc
3d2240,cant,1
3d2254,extab,74edfc
3d2298,cant,1
3d22ac,extab,74edec
3d22e4,cant,1
3d22f8,inline,8000a9b0
3d2324,extab,74edc0
3d2674,cant,1
3d26cc,inline,8005acb0
3d28bc,inline,8000adb0
3d2d18,inline,80a8b0b0
3d2d7c,inline,80acb0b0
3d2df8,inline,80aab0b0
3d2e74,extab,75a01c
3d2eb4,cant,1
3d2ec8,inline,80a8b0b0
3d2ef8,inline,80acb0b0
3d2f74,inline,803f05aa
3d3144,cant,1
3d3178,inline,8021aab0
3d388c,cant,1
3d38a4,inline,80a8b0b0
3d3954,inline,8000afb0
3d3ac8,extab,75924c
3d4e28,cant,1
3d4e3c,inline,80aab0b0
3d4f0c,inline,8010afb0
3d52bc,inline,80aab0b0
3d5330,cant,1
3d5388,inline,80a8b0b0
3d5418,inline,8000adb0
3d54b4,cant,1
3d5514,inline,8004a9b0
3d5700,cant,1
3d5708,inline,80acb0b0
3d57c4,inline,80aab0b0
3d586c,inline,80acb0b0
3d58e0,cant,1
3d5978,inline,80acb0b0
3d5a00,cant,1
3d5a08,inline,8006a9b0
3d5b3c,inline,80a8b0b0
3d5b6c,extab,7591f4
3d6438,cant,1
3d644c,inline,80acb0b0
3d6560,cant,1
3d66ac,inline,80aeb0b0
3d6b14,cant,1
3d6b28,inline,8000afb0
3d6c10,cant,1
3d6cb0,inline,80048400
3d6cf4,cant,1
3d6d10,inline,80aab0b0
3d6ed8,inline,803f08af
3d7218,cant,1
3d7240,inline,80a8b0b0
3d729c,inline,80acb0b0
3d73f4,extab,75921c
3d745c,cant,1
3d7470,extab,75920c
3d74d0,cant,1
3d74e4,inline,8007a8b0
3d75e0,cant,1
3d75e8,inline,80a8b0b0
3d7640,inline,800eabb0
3d7704,inline,8007a8b0
3d77d0,inline,8016abb0
3d7a28,inline,800eabb0
3d7c78,inline,80acb0b0
3d7cf4,inline,800eabb0
3d7db8,inline,8015acb0
3d8250,cant,1
3d8268,inline,8003acb0
3d84d0,cant,1
3d84d8,inline,8001a8b0
3d851c,cant,1
3d8548,inline,80048400
3d85c4,inline,800fa8b0
3d8658,inline,80a8b0b0
3d867c,extab,75922c
3d86ec,cant,1
3d8700,inline,80a8b0b0
3d8710,cant,1
3d8718,inline,80a8b0b0
3d8770,inline,80acb0b0
3d87ec,cant,1
3d87f4,inline,8002adb0
3d89d0,cant,1
3d89d8,inline,8006abb0
3d8a4c,cant,1
3d8a78,inline,80a8b0b0
3d8a9c,extab,75923c
3d8b0c,cant,1
3d8b20,inline,80a8b0b0
3d8b30,cant,1
3d8b38,inline,80a8b0b0
3d8b48,cant,1
3d8b54,inline,80acb0b0
3d8bd0,cant,1
3d8bd8,inline,8000afb0
3d8d54,cant,1
3d8d70,inline,8001a8b0
3d8db8,cant,1
3d8dd0,inline,80048400
3d8e04,cant,1
3d8e0c,inline,80a8b0b0
3d8ea4,inline,8001a8b0
3d8ed4,inline,80acb0b0
3d8f50,cant,1
3d8f58,inline,8002a9b0
3d8ff4,cant,1
3d9004,inline,8001d0aa
3d9090,cant,1
3d90a0,inline,80a8b0b0
3d9230,inline,8002a9b0
3d928c,inline,80aab0b0
3d92d8,inline,8002a9b0
3d9390,inline,80acb0b0
3d940c,cant,1
3d9410,inline,8005a8b0
3d94f0,inline,80a8b0b0
3d9550,extab,75998c
3d957c,cant,1
3d9590,extab,75997c
3d95b8,cant,1
3d95cc,inline,8001aab0
3d9b18,inline,8007acb0
3d9c38,extab,759a0c
3d9d80,cant,1
3d9d88,inline,800cafb0
3da1e8,inline,80a8b0b0
3da218,inline,8010afb0
3da608,inline,80acb0b0
3da684,inline,80aab0b0
3da6e4,inline,8008a9b0
3da900,inline,8006abb0
3daa54,inline,800cafb0
3dae54,inline,8005aab0
3daf48,inline,8004abb0
3db1b4,cant,1
3db1b8,extab,759a1c
3db2c4,cant,1
3db310,inline,8008afb0
3db5fc,inline,80aab0b0
3db674,extab,7599dc
3db748,cant,1
3db75c,extab,7599fc
3db7a8,cant,1
3db7bc,extab,7599ec
3db7fc,cant,1
3db810,inline,80a8b0b0
3db930,inline,80aab0b0
3db97c,inline,80acb0b0
3db9f8,cant,1
3db9fc,inline,8005a8b0
3dbadc,inline,80a8b0b0
3dbafc,extab,759a48
3dbb28,cant,1
3dbb3c,extab,759a38
3dbb64,cant,1
3dbba0,inline,80acb0b0
3dbc2c,inline,80a8b0b0
3dbc74,cant,1
3dbc7c,inline,80aab0b0
3dbd34,inline,8002abb0
3dbe6c,inline,80a8b0b0
3dbe80,cant,1
3dbea4,inline,80aab0b0
3dbeec,cant,1
3dbf0c,inline,80acb0b0
3dbff0,cant,1
3dc008,extab,7599cc
3dc078,cant,1
3dc0ac,inline,80a8b0b0
3dc104,inline,80acb0b0
3dc184,inline,80aab0b0
3dc27c,inline,8002adb0
3dc50c,cant,1
3dc510,inline,8006adb0
3dc800,cant,1
3dc804,inline,80acb0b0
3dca20,cant,1
3dcaa0,extab,75999c
3dcb60,cant,1
3dcb74,extab,7599bc
3dcba8,cant,1
3dcbbc,extab,7599ac
3dcbec,cant,1
3dcc00,inline,80aab0b0
3dceac,inline,8002a9b0
3dcef8,inline,80aab0b0
3dcf44,inline,8002a9b0
3dd054,inline,80acb0b0
3dd0d0,cant,1
3dd0d4,inline,800aafb0
3dd2e0,inline,80a8b0b0
3dd348,extab,759a68
3dd374,cant,1
3dd388,extab,759a58
3dd3b0,cant,1
3dd3d8,inline,80aab0b0
3dd478,inline,80acb0b0
3dd5d8,extab,759c4c
3dd62c,cant,1
3dd634,inline,80a8b0b0
3dd6cc,cant,1
3dd6d4,inline,801faab0
3dd96c,inline,8022a9b0
3ddb98,cant,1
3ddbb0,inline,80a8b0b0
3ddc18,inline,80acb0b0
3ddcb0,inline,80aab0b0
3ddd54,extab,759e7c
3ddeec,cant,1
3ddf00,inline,80a8b0b0
3ddf44,cant,1
3ddf50,inline,80acb0b0
3ddfec,inline,80aab0b0
3de09c,inline,8000abb0
3de1b4,inline,80a8b0b0
3de1ec,extab,759ea4
3de238,cant,1
3de24c,extab,759e94
3de28c,cant,1
3de2a0,inline,80acb0b0
3de324,inline,80aab0b0
3de3c8,extab,759eb4
3de570,cant,1
3de584,inline,80a8b0b0
3de5b4,inline,802fa8b0
3de5e4,cant,1
3de610,inline,80a8b0b0
3de704,cant,1
3de724,extab,759e6c
3de778,cant,1
3de78c,inline,80a8b0b0
3de79c,cant,1
3de7a0,inline,80a8b0b0
3de7ac,cant,1
3de7b8,inline,80acb0b0
3de850,inline,80aab0b0
3de8f4,extab,759ecc
3deb94,cant,1
3deba8,inline,80a8b0b0
3dec3c,inline,80aab0b0
3decbc,inline,80a8b0b0
3ded10,inline,80aab0b0
3ded68,inline,803ca9b0
3dee48,inline,803cabb0
3def28,inline,80aab0b0
3def90,inline,8002abb0
3df0f4,cant,1
3df0fc,extab,759ee4
3df15c,cant,1
3df170,inline,80acb0b0
3df1ec,inline,80a8b0b0
3df22c,inline,8002afb0
3df444,cant,1
3df460,inline,80aab0b0
3df4a4,cant,1
3df4a8,inline,80aab0b0
3df5fc,cant,1
3df604,inline,80a8b0b0
3df648,cant,1
3df67c,inline,80a8b0b0
3df750,inline,80aab0b0
3df7d0,inline,80acb0b0
3df84c,inline,80a8b0b0
3df910,inline,8039a8b0
3df9cc,inline,8039aab0
3dfa88,extab,759f24
3dfae0,cant,1
3dfaf4,inline,80acb0b0
3dfcdc,inline,8003aab0
3dfd98,inline,8008afb0
3dfff8,inline,8001aab0
3e01a8,extab,759f14
3e02f0,cant,1
3e0304,inline,80aab0b0
3e0344,inline,80acb0b0
3e0440,cant,1
3e045c,inline,80a8b0b0
3e0484,inline,80acb0b0
3e0544,inline,80a8b0b0
3e0558,inline,80acb0b0
3e05ec,inline,80aab0b0
3e06a0,inline,80aeb0b0
3e0788,cant,1
3e078c,extab,759f34
3e10d4,cant,1
3e1104,inline,80aab0b0
3e117c,extab,759f04
3e1224,cant,1
3e1238,inline,80a8b0b0
3e1248,cant,1
3e1264,inline,80048400
3e12f4,cant,1
3e1304,inline,80048400
3e1390,cant,1
3e13a8,inline,8001aab0
3e14d0,cant,1
3e14d8,inline,80aab0b0
3e1558,cant,1
3e15ac,extab,759ef4
3e16c0,cant,1
3e16d4,inline,80a8b0b0
3e16e4,cant,1
3e16e8,inline,80a8b0b0
3e16f4,inline,80aab0b0
3e1790,cant,1
3e1798,inline,803cabb0
3e1870,extab,759f54
3e18d0,cant,1
3e18e4,inline,80acb0b0
3e1af4,inline,8001aab0
3e1c98,extab,759f74
3e1e10,cant,1
3e1ed8,inline,80acb0b0
3e1fc8,inline,80aab0b0
3e2050,cant,1
3e2054,extab,759f64
3e2824,cant,1
3e286c,inline,80acb0b0
3e291c,extab,759f44
3e29ac,cant,1
3e29c0,inline,80a8b0b0
3e29d0,cant,1
3e29fc,inline,80acb0b0
3e2d58,inline,80a8b0b0
3e2dec,inline,80acb0b0
3e2e84,inline,8003aeb0
3e30e0,inline,80acb0b0
3e3178,inline,80aab0b0
3e31dc,cant,1
3e31ec,inline,8000adb0
3e32d0,inline,80aab0b0
3e3308,inline,80a8b0b0
3e334c,inline,80acb0b0
3e3488,inline,80a8b0b0
3e34b8,inline,80acb0b0
3e3548,cant,1
3e3574,inline,80a8b0b0
3e35bc,inline,8002abb0
3e36cc,cant,1
3e36d4,inline,80aab0b0
3e3760,inline,80acb0b0
3e3968,inline,80a8b0b0
3e39f0,inline,80aab0b0
3e3a54,extab,759d74
3e3c10,cant,1
3e3c24,inline,80aab0b0
3e3c84,cant,1
3e3c98,inline,80aab0b0
3e3d04,inline,80a8b0b0
3e3de0,cant,1
3e3df8,inline,80aab0b0
3e3e90,inline,80a8b0b0
3e3f84,cant,1
3e3f88,inline,80a8b0b0
3e3f94,inline,80acb0b0
3e4038,inline,80aeb0b0
3e4234,inline,80acb0b0
3e42f4,inline,80aab0b0
3e4358,inline,80acb0b0
3e44d8,inline,80a8b0b0
3e4528,cant,1
3e4530,inline,80aab0b0
3e4640,inline,80acb0b0
3e46bc,inline,80aab0b0
3e48bc,cant,1
3e48c4,inline,80a8b0b0
3e490c,cant,1
3e49ec,inline,80acb0b0
3e4a74,inline,80aab0b0
3e4b80,inline,80acb0b0
3e4bfc,cant,1
3e4c04,inline,8002d0af
3e5220,cant,1
3e5238,inline,80a8b0b0
3e5260,extab,759264
3e52f0,cant,1
3e5304,inline,80a8b0b0
3e5314,cant,1
3e5318,inline,80a8b0b0
3e5330,cant,1
3e537c,inline,80aab0b0
3e541c,cant,1
3e5434,inline,80aab0b0
3e5460,cant,1
3e5468,extab,75934c
3e54c4,cant,1
3e54d8,extab,75936c
3e5500,cant,1
3e5514,extab,75935c
3e553c,cant,1
3e5550,inline,80acb0b0
3e55cc,inline,80aab0b0
3e5604,cant,1
3e561c,inline,80a8b0b0
3e5660,cant,1
3e5664,inline,80acb0b0
3e56e0,inline,80aab0b0
3e5718,cant,1
3e5738,inline,80a8b0b0
3e5774,cant,1
3e5778,inline,80acb0b0
3e57f4,cant,1
3e5814,inline,80a8b0b0
3e5854,cant,1
3e5858,inline,80acb0b0
3e58d4,inline,80aab0b0
3e590c,cant,1
3e5944,inline,80a8b0b0
3e5994,inline,80acb0b0
3e5a10,cant,1
3e5a40,inline,80acb0b0
3e5c10,cant,1
3e5c28,inline,80aab0b0
3e5c7c,extab,75937c
3e5cdc,cant,1
3e5cf0,inline,80a8b0b0
3e5d00,inline,80acb0b0
3e5d7c,inline,80a8b0b0
3e5dbc,cant,1
3e6510,inline,80a8b0b0
3e654c,inline,80acb0b0
3e67c0,cant,1
3e67c8,inline,800eafb0
3e724c,cant,1
3e7264,inline,80aab0b0
3e72e0,extab,7591c4
3e7370,cant,1
3e7384,extab,7591e4
3e7404,cant,1
3e7418,extab,7591d4
3e7490,cant,1
3e74a4,extab,7553a8
3e76bc,inline,8000a9b0
3e7a00,cant,1
3e7a14,inline,80a8b0b0
3e7af4,cant,1
3e7b30,extab,7553b4
3e80e0,cant,1
3e810c,inline,8002afb0
3e8280,cant,1
3e8288,inline,80aab0b0
3e86f4,cant,1
3e8768,inline,8006afb0
3e93ac,inline,80acb0b0
3e9534,inline,80aab0b0
3e9668,inline,80a8b0b0
3e9724,cant,1
441984,inline,80aab0b0
441a38,inline,8002adb0
441e08,cant,1
441e38,inline,8002adb0
442284,inline,8002abb0
442514,inline,8000adb0
4428e8,inline,80a8b0b0
442a08,inline,80aab0b0
442b44,cant,1
442e0c,inline,80acb0b0
442ef8,inline,80aeb0b0
442fa0,inline,80aab0b0
443084,cant,1
443190,inline,8000afb0
443320,inline,80acb0b0
4433c8,cant,1
4433dc,inline,80aab0b0
4434a0,inline,800aafb0
443594,cant,1
4435c0,extab,7582c0
443888,inline,80aeb0b0
4439cc,inline,80aab0b0
443a88,cant,1
443b10,inline,80acb0b0
443b84,cant,1
443ba8,inline,80aeb0b0
443cd8,inline,8005aab0
443dd4,cant,1
443e18,inline,80aab0b0
443ee4,inline,80a8b0b0
443fe4,inline,80aab0b0
444064,cant,1
4440a8,inline,80a8b0b0
4440d0,inline,80aab0b0
444190,inline,80a8b0b0
4441b8,inline,80aab0b0
444278,cant,1
4442bc,inline,80aab0b0
44433c,inline,80acb0b0
4443e4,cant,1
444450,inline,80a8b0b0
444474,inline,80aab0b0
444524,inline,80a8b0b0
444548,inline,80acb0b0
4445f8,cant,1
444644,inline,80a8b0b0
4446c4,inline,80aab0b0
444a14,cant,1
444d40,inline,80acb0b0
444e2c,inline,80aeb0b0
444ed4,inline,80aab0b0
444fb8,cant,1
4450f4,inline,8000afb0
44528c,inline,80acb0b0
445334,cant,1
44534c,inline,80aab0b0
445398,cant,1
4453c0,inline,80aab0b0
445438,inline,800aafb0
44552c,cant,1
44555c,extab,7582b4
44582c,inline,80aeb0b0
445978,inline,80aab0b0
445a34,inline,8001aab0
445c1c,cant,1
445d00,inline,8008afb0
44681c,inline,800aafb0
44707c,cant,1
4471a0,inline,80a8b0b0
4471c8,inline,8005aab0
447530,inline,80aab0b0
447804,inline,80a8b0b0
447a48,cant,1
447a7c,extab,758308
447c00,extab,7582f8
448148,cant,1
44815c,inline,80a8b0b0
448198,extab,7582e8
4481c4,cant,1
4481d8,extab,7582d8
448200,cant,1
448254,inline,80acb0b0
4482ac,inline,801cafb0
448f78,extab,758314
449020,cant,1
449034,extab,758334
4490dc,cant,1
4490f0,extab,758324
449190,cant,1
449244,inline,80acb0b0
4492bc,cant,1
4492d8,inline,80aab0b0
44946c,cant,1
4494a4,inline,80aab0b0
4494e4,inline,8010afb0
4498f4,extab,758344
449974,cant,1
449988,extab,758364
449a00,cant,1
449a14,extab,758354
449a84,cant,1
449aa0,inline,80acb0b0
449b50,cant,1
449b5c,inline,8007acb0
449cb8,inline,80aab0b0
449d04,extab,7582cc
449e70,inline,8001aab0
449ee0,cant,1
449ef8,inline,80a8b0b0
449f84,cant,1
449fbc,inline,80a8b0b0
449fe4,cant,1
449fe8,extab,7583c4
44a074,cant,1
44a09c,inline,80acb0b0
44a114,extab,7583b4
44a164,cant,1
44a178,inline,80aeb0b0
44a2d0,inline,8000a9b0
44a31c,inline,80acb0b0
44a3ec,extab,758394
44a4c0,cant,1
44a4d4,inline,80a8b0b0
44a4e4,extab,7583a4
44a5b8,cant,1
44a5cc,inline,80acb0b0
44a674,inline,80aab0b0
44a6c0,cant,1
44a6f8,inline,80aab0b0
44a880,inline,8000a9b0
44a8e8,inline,80acb0b0
44a9a4,cant,1
44a9c8,extab,7583d4
44aa88,cant,1
44aa9c,inline,80a8b0b0
44aaac,extab,7583e4
44ab98,cant,1
44abac,inline,8007aeb0
44ada0,cant,1
44adf0,inline,80aab0b0
44ae18,cant,1
44afe4,inline,8003aeb0
44b1f8,cant,1
44b278,extab,758384
44b2c8,cant,1
44b2d0,extab,758374
44b318,cant,1
44b320,inline,80aab0b0
44b36c,cant,1
44b3a4,inline,80aab0b0
44b3f0,inline,80acb0b0
44b52c,inline,8000a9b0
44b578,inline,80acb0b0
44b648,extab,7583f4
44b708,cant,1
44b71c,inline,80a8b0b0
44b72c,extab,758404
44b800,cant,1
44b82c,inline,80a8b0b0
44b884,cant,1
44b8a8,inline,8001a8b0
44b930,inline,80a8b0b0
44b94c,inline,8001a8b0
44b9d0,inline,80a8b0b0
44ba20,cant,1
44ba68,inline,8018a9b0
44bb54,inline,80a8b0b0
44bbe0,extab,758c04
44bc20,cant,1
44bc34,extab,758bf4
44bc74,cant,1
44bc88,extab,758c3c
44be7c,cant,1
44be90,extab,758c14
44bf60,cant,1
44bf74,inline,80a8b0b0
44bfb0,extab,758c24
44c094,cant,1
44c0bc,inline,80acb0b0
44c188,inline,80aab0b0
44c210,extab,758cfc
44c5ac,cant,1
44c5c0,inline,80aab0b0
44c63c,inline,80a8b0b0
44c6b8,extab,758cec
44c720,cant,1
44c734,extab,758cdc
44c798,cant,1
44c7ac,extab,758d34
44cbbc,inline,80aab0b0
44cc10,inline,80a8b0b0
44cc40,extab,758d24
44cc80,cant,1
44cc94,extab,758d14
44ccd0,cant,1
44cce4,extab,758c6c
44cee0,cant,1
44cef4,inline,80a8b0b0
44cf20,extab,758c5c
44cf4c,cant,1
44cf60,extab,758c4c
44cf88,cant,1
44cf9c,extab,758bbc
44d11c,cant,1
44d130,extab,758b94
44d200,cant,1
44d214,inline,80a8b0b0
44d250,extab,758ba4
44d334,cant,1
44d35c,inline,80a8b0b0
44d370,cant,1
44d38c,inline,80acb0b0
44d5dc,inline,80aeb0b0
44d6c0,cant,1
44d6fc,inline,80acb0b0
44d78c,inline,80a8b0b0
44d7c8,cant,1
44d7d0,inline,80acb0b0
44d880,cant,1
44d884,inline,80acb0b0
44d9b4,inline,80aab0b0
44da98,inline,80aeb0b0
44db84,inline,80acb0b0
44dc80,inline,80a8b0b0
44dccc,inline,80aab0b0
44dd3c,cant,1
44dd78,inline,80aab0b0
44de1c,inline,80a8b0b0
44de48,cant,1
44de4c,inline,80acb0b0
44dfa4,cant,1
44dff0,inline,80a8b0b0
44e03c,extab,758da8
44e2e4,cant,1
44e2f8,inline,80a8b0b0
44e324,extab,758d80
44e3f4,cant,1
44e408,inline,80a8b0b0
44e444,extab,758d90
44e528,cant,1
44e550,extab,758b84
44e678,cant,1
44e690,inline,80a8b0b0
44e6bc,extab,758b74
44e6e8,cant,1
44e6fc,extab,758b64
44e724,cant,1
44e738,inline,8010d0a9
44e850,cant,1
44e854,inline,80a8b0b0
44e880,extab,758d70
44e8ac,cant,1
44e8c0,extab,758d60
44e8e8,cant,1
44e8fc,inline,80acb0b0
44ea20,inline,8029d1ac
44edc8,inline,80a8b0b0
44edf8,extab,758be4
44ee74,cant,1
44ee88,extab,758bd4
44ef00,cant,1
44ef14,inline,802ad0ab
44f1f4,inline,80d1acb0
44f304,inline,8004a9b0
44f394,inline,80acb0b0
44f530,inline,80aab0b0
44f5b4,inline,80d1acb0
44f66c,inline,80aab0b0
44f700,inline,80acb0b0
44f77c,inline,80a8b0b0
44f7ac,extab,758c8c
44f848,cant,1
44f85c,extab,758c7c
44f8ec,cant,1
44f900,inline,801cd0a9
44fa68,inline,80a8b0b0
44fac0,extab,758b54
44faf8,cant,1
44fb0c,extab,758b44
44fb44,cant,1
44fb58,inline,80acb0b0
44fc0c,extab,758cbc
450398,cant,1
4503c0,inline,80aab0b0
450414,inline,80a8b0b0
450458,extab,758cac
45050c,cant,1
450520,extab,758c9c
4505c8,cant,1
4505dc,inline,8010d0a9
4506f4,cant,1
4506f8,inline,80a8b0b0
450724,extab,758d50
450750,cant,1
450764,extab,758d40
45078c,cant,1
4507ac,extab,75a08c
450818,cant,1
450824,inline,80acb0b0
451cd4,cant,1
451cdc,inline,80a8b0b0
451e60,cant,1
451e94,inline,80a8b0b0
4520a0,cant,1
452108,inline,80aab0b0
452140,inline,80a8b0b0
4521b8,cant,1
4521bc,inline,80a8b0b0
4521c8,inline,80acb0b0
45225c,inline,80aab0b0
4523c4,cant,1
4523d8,inline,80aab0b0
452520,cant,1
45254c,inline,80a8b0b0
4525ec,cant,1
4525f4,inline,80aeb0b0
452808,inline,80acb0b0
452884,cant,1
4528ac,inline,80aab0b0
45293c,inline,80a8b0b0
45298c,extab,75a53c
452cbc,cant,1
452ce0,inline,8004a9b0
452ddc,inline,8003d0ac
452f04,extab,75a564
452f24,cant,1
452f38,inline,80acb0b0
453058,inline,80aab0b0
4530a8,extab,75a574
4530c8,cant,1
453104,inline,8012d0af
453998,cant,1
4539c8,extab,75a4c4
453adc,cant,1
453b28,extab,75a51c
453b70,cant,1
453ba4,extab,75a4fc
453be8,cant,1
453c10,inline,8008adb0
454150,cant,1
454178,inline,800eafb0
454930,inline,8001aab0
454984,inline,8000abb0
454a44,inline,8002afb0
454cf0,inline,80aab0b0
454d4c,cant,1
454d9c,inline,80008400
454dfc,inline,80acb0b0
454e84,cant,1
454e8c,inline,80a8b0b0
454ed0,cant,1
454f00,extab,75a0dc
454f48,cant,1
454f5c,extab,75a0cc
454f9c,cant,1
454fb0,inline,80a8b0b0
455038,cant,1
455078,inline,800eafb0
45552c,inline,801cafb0
455ef4,inline,8003acb0
456390,inline,800eafb0
456650,inline,8006a9b0
4566c8,inline,80abb0b0
456770,inline,80a9b0b0
4567c0,inline,80aab0b0
456850,inline,80acb0b0
456994,inline,8004afb0
456d14,inline,80aab0b0
456e10,inline,8003acb0
4573a8,inline,8000adb0
4574e8,inline,8012afb0
457bb4,inline,80acb0b0
457c48,cant,1
457cb0,inline,80008400
457d20,extab,75a0ec
457e8c,inline,80acb0b0
457ef0,inline,80aab0b0
458298,cant,1
4582d0,extab,75a108
458368,cant,1
45837c,extab,75a0f8
458410,cant,1
458430,inline,80a8b0b0
458464,cant,1
458474,inline,8007a8b0
4584dc,cant,1
45855c,inline,80a8b0b0
4585bc,cant,1
4585d0,inline,80acb0b0
458704,cant,1
4587fc,inline,8003a8b0
458838,cant,1
45884c,inline,80a8b0b0
458864,cant,1
458870,inline,8000abb0
458918,cant,1
458920,inline,8003a8b0
458958,cant,1
4589d4,inline,8004a9b0
458a4c,inline,80a8b0b0
458aac,cant,1
458b14,inline,80a8b0b0
458c60,inline,8000abb0
458d08,cant,1
458dbc,inline,8007aab0
458f3c,cant,1
458f68,inline,80a8b0b0
458f7c,cant,1
459020,inline,80a8b0b0
459034,cant,1
4590b8,inline,80a8b0b0
4590cc,cant,1
4590ec,inline,80a8b0b0
459100,cant,1
459110,inline,80a8b0b0
4592b8,inline,8004d1ab
4594e0,inline,80a8b0b0
459528,inline,80048400
459574,cant,1
459638,extab,75a390
459840,cant,1
459920,inline,8006abb0
4599ac,cant,1
459a00,inline,80acb0b0
459bf8,inline,8005acb0
459cbc,extab,75a8cc
459d8c,cant,1
459d9c,inline,8005aab0
459e24,inline,80a8b0b0
459ea0,inline,80acb0b0
459fd4,cant,1
459fe4,inline,80a8b0b0
45a0e8,inline,80aab0b0
45a158,extab,75a8b4
45a248,cant,1
45a2f4,inline,80aab0b0
45a368,inline,80acb0b0
45a434,inline,80a8b0b0
45a480,cant,1
45a4c8,inline,80a8b0b0
45a504,inline,80aab0b0
45a688,cant,1
45a698,inline,80aab0b0
45a748,cant,1
45a770,inline,80aab0b0
45ab5c,cant,1
45ab80,inline,8005acb0
45adfc,cant,1
45ae10,inline,80d1acb0
45b0f4,cant,1
45b1c0,inline,80d0a8b0
45b2b8,cant,1
45b3c0,extab,75a7fc
45b540,cant,1
45b568,inline,80d0aab0
45b684,inline,80a8b0b0
45b6dc,inline,8005d0aa
45b92c,inline,8003d0aa
45ba54,cant,1
45ba58,inline,80d0a8b0
45babc,inline,8003a8b0
45bb2c,inline,80d0a8b0
45bba4,inline,8003d0aa
45bdb4,inline,8004a9b0
45c0c8,inline,8003d0aa
45c1d8,inline,8009aeb0
45c52c,inline,8002a9b0
45c5b8,cant,1
45c5bc,inline,80acb0b0
45c638,inline,80d0aab0
45c6f8,inline,8009aeb0
45cc78,inline,8004adb0
45cfb0,inline,8004a9b0
45d040,inline,8003aab0
45d0bc,cant,1
45d0c0,inline,8003d0aa
45d454,inline,80d0a8b0
45d494,inline,8003aab0
45d62c,inline,80aab0b0
45d7b4,inline,8004a9b0
45d850,inline,8000abb0
45d9d0,inline,80a8b0b0
45da18,cant,1
45da1c,inline,8005acb0
45db48,inline,8003aab0
45dbf4,inline,8006abb0
45dcd4,cant,1
45dcd8,inline,8001aeb0
45de4c,inline,8006d0ab
45df3c,extab,75a48c
45e17c,inline,800bacb0
45e670,inline,8003d0ac
45e9b8,inline,8006abb0
45eb6c,inline,80aab0b0
45ebf8,inline,80a8b0b0
45ec54,inline,800baeb0
45ee34,inline,80d0a8b0
45eef8,inline,80aab0b0
45ef70,inline,80d0a8b0
45efbc,inline,8003d0aa
45f22c,inline,80acb0b0
45f944,extab,75a480
45fa38,inline,80a8b0b0
45fa48,cant,1
45fa80,inline,8002adb0
45fe40,cant,1
45ff88,inline,80acb0b0
460154,cant,1
460230,inline,80a8b0b0
460260,cant,1
4602b4,inline,80aab0b0
4603e8,extab,75a89c
460470,inline,80acb0b0
46057c,inline,80aab0b0
4606fc,cant,1
4607c4,extab,75a8a8
460940,cant,1
460958,inline,8034afb0
460ba8,inline,80aeb0b0
460cc4,inline,80aab0b0
460d60,inline,80a8b0b0
460d98,inline,80acb0b0
460e14,cant,1
460e24,inline,80a8b0b0
460e54,inline,80aab0b0
460ed4,inline,80a8b0b0
460f60,inline,80acb0b0
461054,cant,1
46105c,inline,80a8b0b0
461100,cant,1
461134,inline,80a8b0b0
461178,inline,80aab0b0
461268,inline,80a8b0b0
4612ac,cant,1
461450,inline,80aab0b0
461524,inline,80008400
46157c,cant,1
4615a8,inline,80aab0b0
461618,cant,1
461698,inline,8003aab0
461760,cant,1
461874,inline,8003a8b0
461940,inline,80d0a8b0
461a90,inline,8004a9b0
461cc0,inline,8015d0aa
4620e0,inline,80acb0b0
46232c,inline,80aab0b0
4623c4,inline,8004d0ab
46277c,inline,80d0a8b0
462800,inline,80a8b0b0
46284c,inline,8004a9b0
462944,extab,75a498
462aac,inline,8002afb0
462c44,inline,80a8b0b0
462cb8,cant,1
462cbc,extab,75a4a4
462d94,cant,1
462db0,inline,80aab0b0
462e64,inline,80a8b0b0
462ef0,inline,8004d0a9
463040,inline,80aab0b0
46306c,inline,8003d0a8
463390,inline,80a8b0b0
463410,cant,1
463610,inline,80b21aaf
463df0,inline,80aab0b0
463e68,inline,8002afb0
463fc4,cant,1
464470,inline,80acb0b0
464538,cant,1
4646a0,inline,80a8b0b0
4646c8,cant,1
4647a4,inline,8003aab0
46496c,inline,80d0a8b0
464a48,inline,8004d0ab
464c3c,inline,80d0a8b0
464c84,inline,8004abb0
464e3c,inline,8016abb0
465218,inline,80acb0b0
465294,inline,80aab0b0
4653bc,inline,8004d0ab
465608,inline,80d0a8b0
465648,inline,80a8b0b0
465674,inline,80aab0b0
4657f8,cant,1
4657fc,inline,80a8b0b0
46583c,inline,80d0a8b0
46590c,inline,8003d0aa
465cf8,inline,8004d0ab
4661e8,inline,80a8b0b0
466268,cant,1
466278,inline,8004a9b0
466378,inline,8016adb0
466a44,inline,80acb0b0
466ac0,cant,1
466ac8,inline,80aab0b0
466ec0,inline,8003aab0
466fd0,cant,1
466fe0,inline,80aab0b0
467200,cant,1
467208,inline,8002a9b0
467370,cant,1
46738c,extab,75a460
4674b0,cant,1
4674dc,inline,80a8b0b0
467514,inline,8004abb0
46776c,inline,8004a9b0
467880,inline,8003a8b0
467a3c,inline,8003aab0
467cd0,inline,80a8b0b0
467ce0,inline,8003aab0
46801c,inline,80aeb0b0
4680a0,inline,80a8b0b0
468128,cant,1
468158,inline,8003aab0
46834c,inline,80d0aab0
46846c,inline,80d0a8b0
4684b4,inline,8003d0a8
4685fc,inline,8004d0ab
4687f0,inline,80d0a8b0
468838,inline,8004abb0
4689dc,inline,8016abb0
468c14,inline,80acb0b0
468f4c,inline,8003d0ac
469314,inline,80d0a8b0
469354,inline,80a8b0b0
469380,inline,80aab0b0
46944c,inline,8015aeb0
46991c,inline,80aab0b0
469b30,inline,8016abb0
469e4c,inline,80aab0b0
46a0a8,cant,1
46a0ac,inline,80a8b0b0
46a0ec,inline,80d0a8b0
46a1bc,inline,80aab0b0
46a374,inline,8003d0ae
46a86c,inline,80aab0b0
46a88c,inline,8004d0ab
46ae70,inline,80d0a8b0
46aeb8,inline,80acb0b0
46af58,inline,80a8b0b0
46af68,inline,80aab0b0
46aff0,inline,80a8b0b0
46b034,inline,800ca9b0
46b0c4,extab,75a83c
46b1d0,cant,1
46b1f4,inline,80acb0b0
46b268,inline,80aab0b0
46b2c0,inline,80d0a8b0
46b360,inline,8002a9b0
46b3c0,inline,8002d1ab
46c7e4,inline,800ad3af
46d5e0,inline,800bd1ac
46e674,inline,8000a9b0
46e714,inline,80aab0b0
46e79c,inline,8004d0a9
46e820,cant,1
46e878,inline,80aab0b0
46e9f4,inline,8001acb0
46ecbc,inline,80aab0b0
46eee0,inline,8012abb0
46ef64,extab,75a9ac
46f1bc,extab,75a86c
46f320,cant,1
46f344,inline,80aab0b0
46f4f0,inline,8002afb0
46f6c8,inline,8012abb0
46f91c,inline,8002a9b0
46f9dc,inline,80aab0b0
46fa84,inline,80a8b0b0
46faa8,cant,1
46fabc,inline,80aab0b0
46fbb0,inline,8001aab0
46fda0,inline,8031aeb0
470330,inline,80aab0b0
4703dc,inline,80a8b0b0
47043c,extab,75a82c
470668,cant,1
47067c,inline,80a8b0b0
47068c,inline,8002d0ab
4708a4,inline,8003a8b0
470b24,inline,8002d0ab
470cdc,inline,8002abb0
470e40,inline,8002a9b0
470f0c,inline,8001a8b0
470f74,inline,8002abb0
471068,inline,8002d1a9
471250,inline,8002d0ab
471438,inline,8001a8b0
471530,extab,75a2c8
4716a8,cant,1
4716e8,extab,75a190
471830,cant,1
471854,inline,8001aab0
471a28,inline,80a8b0b0
471a6c,inline,8001a8b0
471a94,extab,75a218
471e8c,cant,1
471ecc,extab,75a320
472074,cant,1
472088,inline,8001a8b0
472118,inline,8002abb0
472320,inline,8001a8b0
472504,inline,8002a9b0
472628,inline,8001a8b0
472780,inline,8002a9b0
4727e0,inline,8002abb0
472aa8,extab,75a2a8
472c44,cant,1
472c60,extab,75a268
472e38,cant,1
472e64,inline,80a8b0b0
472ed8,extab,75a330
473204,cant,1
473244,inline,80aab0b0
4733ec,inline,8001a8b0
4734a0,inline,80aab0b0
4734fc,inline,8001acb0
4737e0,inline,80aab0b0
4739bc,inline,8001aab0
473b40,inline,80a8b0b0
473b88,extab,75a1d0
473fe8,cant,1
47401c,inline,80aab0b0
474090,extab,75a118
4740c8,cant,1
4740e8,extab,75a380
474108,cant,1
47411c,inline,80acb0b0
4741b4,inline,8001aab0
474258,extab,75a130
474360,cant,1
4743ac,extab,75a168
4743f8,cant,1
4744a0,inline,80aab0b0
4745a4,inline,80d0aab0
47466c,inline,8003d0a8
474728,inline,80d0a8b0
474794,inline,8003aab0
474844,cant,1
474848,inline,80acb0b0
4748c4,inline,8004d0a9
474994,inline,80d0a8b0
474ae8,cant,1
474af0,inline,80d0aab0
474d1c,cant,1
474d24,inline,80a8b0b0
474d60,inline,80d0a8b0
474e58,cant,1
474e5c,inline,80a8b0b0
474e9c,inline,80d0a8b0
474f54,cant,1
474f5c,inline,80d0a8b0
474f90,inline,80a8b0b0
475010,cant,1
475078,inline,80aeb0b0
475148,inline,80aab0b0
47521c,cant,1
475224,inline,80acb0b0
475288,inline,80a8b0b0
475298,cant,1
4752ac,inline,80aab0b0
4752e0,inline,8000d0af
4753f0,inline,8002d4af
4756d0,inline,80aeb0b0
47572c,cant,1
475780,inline,80a8b0b0
4757bc,cant,1
4757dc,extab,75a8e4
475abc,cant,1
475ac4,extab,75a8f4
475bb0,cant,1
475bb8,inline,80a8b0b0
475bdc,extab,75a94c
475c18,cant,1
475c2c,extab,75a92c
475c60,cant,1
475c80,extab,75a904
476068,cant,1
476070,extab,75a914
4762b8,cant,1
4762c0,inline,80a8b0b0
4762e4,extab,75a95c
476320,cant,1
476334,extab,75a93c
476368,cant,1
47648c,inline,80d0a8b0
4766dc,cant,1
47678c,inline,80a8b0b0
4767bc,cant,1
4767dc,inline,8000a9b0
476844,cant,1
47685c,inline,80a8b0b0
47690c,cant,1
4769d0,inline,8003acb0
476c10,inline,8004d0af
47730c,inline,8004abb0
477518,inline,8003acb0
477660,inline,8004abb0
477738,extab,75a99c
477770,cant,1
477784,extab,75a98c
4777bc,cant,1
4777fc,extab,75a96c
477898,cant,1
4778ac,extab,75a97c
477948,cant,1
4779e0,inline,80a8b0b0
477b9c,cant,1
477c00,inline,80d0aab0
477d04,inline,80d1aab0
477e14,cant,1
477e48,inline,80048400
477e70,cant,1
47801c,inline,8003aab0
478098,inline,80a8b0b0
4780bc,cant,1
478128,inline,80008400
47814c,inline,80028400
478184,cant,1
4781b4,inline,80008400
4781d8,cant,1
478254,inline,80aab0b0
478280,inline,80acb0b0
478338,inline,80aeb0b0
478738,inline,80a8b0b0
478788,cant,1
4787d8,inline,80a8b0b0
478858,cant,1
4788c0,inline,80acb0b0
47893c,inline,80aab0b0
478990,inline,80a8b0b0
4789dc,inline,80aab0b0
478a1c,cant,1
478a30,inline,80a8b0b0
478a64,inline,80aab0b0
478aa4,inline,80a8b0b0
478b84,inline,80aab0b0
478bc0,cant,1
478bf4,inline,80aab0b0
478d7c,cant,1
478da4,inline,80aab0b0
478f1c,cant,1
478f54,inline,80a8b0b0
478fd0,inline,8002afb0
4790c8,inline,80acb0b0
4791c8,cant,1
47922c,inline,80a8b0b0
4792f0,inline,80acb0b0
4793a8,inline,80a8b0b0
4794a4,cant,1
4794b8,inline,80a8b0b0
4794d4,inline,80aab0b0
4795bc,cant,1
4795e4,inline,80a8b0b0
479614,inline,80aab0b0
479660,cant,1
479674,inline,80a8b0b0
479698,extab,75a0ac
47986c,cant,1
479894,inline,80a8b0b0
4798cc,cant,1
4798f4,inline,80a8b0b0
479918,inline,8000abb0
479964,inline,80a8b0b0
479988,cant,1
4799c8,inline,80a8b0b0
479b00,inline,80d0aab0
479ba4,inline,80aab0b0
479c00,inline,80a8b0b0
479c4c,cant,1
479c5c,inline,8004a9b0
479cac,inline,80aab0b0
479d34,inline,80a8b0b0
479d74,inline,80aab0b0
479dbc,inline,80aeb0b0
479f10,inline,80a8b0b0
479f50,cant,1
479f64,inline,80aab0b0
47a068,inline,8003aab0
47a0e0,inline,80aab0b0
47a168,inline,80a8b0b0
47a1c8,cant,1
47a1f0,inline,80aab0b0
47a280,inline,80a8b0b0
47a31c,cant,1
47a330,inline,8003a8b0
47a380,inline,80aab0b0
47a3c0,inline,80a8b0b0
47a428,cant,1
47a450,inline,80a8b0b0
47a498,cant,1
47a4c0,inline,80a8b0b0
47a600,cant,1
47a634,inline,80a8b0b0
47a658,cant,1
47a66c,inline,80a8b0b0
47a67c,cant,1
47a6c8,inline,80a8b0b0
47a700,cant,1
47a724,inline,80a8b0b0
47a848,cant,1
47a878,inline,80a8b0b0
47a944,cant,1
47a964,inline,80a8b0b0
47a9a8,cant,1
47aa08,inline,80a8b0b0
47aa60,cant,1
47aa8c,inline,80a8b0b0
47aad0,cant,1
47aaf0,inline,80aab0b0
47ac80,inline,80a8b0b0
47acd8,cant,1
47ad0c,inline,80acb0b0
47ad80,cant,1
47adc4,inline,80aeb0b0
47b100,inline,80aab0b0
47b134,inline,80acb0b0
47b1f4,inline,80a8b0b0
47b204,inline,80aab0b0
47b350,inline,8003a8b0
47b3c0,inline,80a8b0b0
47b3e8,inline,80aab0b0
47b458,cant,1
47b45c,inline,80a8b0b0
47b484,inline,80aab0b0
47b55c,extab,75a584
47b674,cant,1
47b6a0,inline,80a8b0b0
47b71c,extab,75a7cc
47b820,cant,1
47b848,inline,80aab0b0
47ba14,cant,1
47ba1c,inline,8003aab0
47bb48,inline,80aab0b0
47bb9c,extab,75a75c
47c1d8,cant,1
47c1fc,inline,80aab0b0
47c32c,inline,8006a9b0
47c420,extab,75a6b4
47c4dc,cant,1
47c504,extab,75a674
47c690,cant,1
47c6b8,extab,75a5dc
47c8bc,cant,1
47c8e4,extab,75a69c
47c9e0,cant,1
47c9fc,inline,8003acb0
47cc30,inline,80acb0b0
47cd00,cant,1
47cd08,inline,80a8b0b0
47cd48,inline,80aab0b0
47cdb0,extab,75a5b4
47cfa8,cant,1
47cfd0,inline,80a8b0b0
47d004,inline,80aab0b0
47d054,extab,75a79c
47d130,cant,1
47d158,inline,80aab0b0
47d274,extab,75a6fc
47d384,cant,1
47d3ac,inline,80a8b0b0
47d4ac,inline,8000afb0
47d64c,extab,75a614
47d6f8,cant,1
47d720,inline,80acb0b0
47d934,extab,75a62c
47d9e0,cant,1
47da08,inline,80a8b0b0
47da5c,extab,75a714
47dbdc,cant,1
47dc04,extab,75a644
47dcb0,cant,1
47dcd8,extab,75a6cc
47dde0,cant,1
47de08,inline,80acb0b0
47de54,cant,1
47de58,inline,80aab0b0
47dfa0,inline,80a8b0b0
47dfcc,extab,75a6e4
47e108,cant,1
47e130,inline,80a8b0b0
47e1d0,cant,1
47e1dc,extab,75a65c
47e2bc,cant,1
47e2e4,inline,80aab0b0
47e3a4,inline,80a8b0b0
47e410,inline,80aab0b0
47e508,cant,1
47e50c,inline,80aab0b0
47e604,inline,80a8b0b0
47e638,cant,1
47e650,inline,80aab0b0
47e670,inline,80acb0b0
47e798,extab,75a72c
47e8a8,cant,1
47e8bc,extab,75a74c
47e8dc,cant,1
47e8f0,extab,75a73c
47e90c,cant,1
47e920,extab,75a3c0
47ea44,cant,1
47eac4,inline,80aab0b0
47eb60,inline,80a8b0b0
47eb90,extab,75a3b0
47ebe4,cant,1
47ebf8,extab,75a3a0
47ec44,cant,1
47ec58,extab,75a420
47ec94,cant,1
47ecec,inline,8003d0a8
47ed68,cant,1
47ed98,inline,80aab0b0
47ee00,inline,80a8b0b0
47ee24,extab,75a3e0
47ee64,cant,1
47ee78,extab,75a3d0
47eeb0,cant,1
47eec4,extab,75a430
47eefc,cant,1
47ef20,extab,75a450
47ef58,cant,1
47ef7c,extab,75a440
47efb4,cant,1
47efe4,inline,8004abb0
47f048,inline,80aab0b0
47f0f8,inline,8003a8b0
47f144,cant,1
47f150,inline,80d0aeb0
47f460,inline,8004abb0
47f564,inline,8004a9b0
47f618,cant,1
47f61c,inline,80a8b0b0
47f660,cant,1
47f67c,inline,80a8b0b0
47f6bc,inline,80aab0b0
47f7ec,cant,1
47f800,inline,80aab0b0
47f884,inline,8001acb0
47fa20,inline,80a8b0b0
47fad4,inline,80aab0b0
47fb74,inline,80a8b0b0
47fba4,inline,80acb0b0
47fc20,cant,1
47fc5c,inline,80acb0b0
48000c,inline,80a8b0b0
48009c,extab,75a3f0
4801f0,cant,1
480204,extab,75a410
48026c,cant,1
480280,extab,75a400
4802dc,cant,1
480328,inline,80acb0b0
480428,cant,1
480430,inline,80acb0b0
4804a4,extab,75bb58
4806dc,cant,1
480700,inline,80a8b0b0
48077c,cant,1
4807ec,extab,75b4b0
4808b8,cant,1
4808cc,inline,80a8b0b0
480954,cant,1
480960,inline,80a8b0b0
480970,cant,1
48097c,inline,80acb0b0
480a70,inline,8000abb0
480b64,extab,75ba48
480ea8,cant,1
480f2c,inline,80a8b0b0
480fac,cant,1
480fdc,inline,80aeb0b0
481234,inline,800cafb0
48167c,inline,8006a9b0
48176c,inline,8004ab03
4818f0,inline,8005aeb0
481c20,inline,8006af03
481ed4,cant,1
481f28,inline,80acb0b0
481fac,inline,80aab0b0
4820c8,inline,80a8b0b0
482100,cant,1
48210c,inline,80a8b0b0
482144,inline,80aab0b0
4821b4,inline,80a8b0b0
4821e8,inline,80d0a8b0
4822e4,extab,75b620
48238c,cant,1
4823a0,inline,8004a9b0
48249c,inline,80a8b0b0
4824e8,cant,1
482548,inline,80aab0b0
4826ac,inline,80d0aab0
482a04,cant,1
482a60,extab,75b418
482b9c,cant,1
482bb0,extab,75b450
482c2c,cant,1
482c40,extab,75b2f0
482cb4,cant,1
482dc0,extab,75b5d0
48316c,cant,1
483188,extab,75b5f0
483300,cant,1
483314,extab,75bd28
483370,cant,1
483384,inline,8000a9b0
4833ec,inline,80aab0b0
48349c,inline,80d0aab0
483600,inline,80acb0b0
483698,inline,8005acb0
483730,inline,80a8b0b0
48379c,inline,8004d1af
483ca8,inline,80d0aab0
483ddc,inline,8005aab0
483ed0,cant,1
483ee4,inline,80acb0b0
4840a0,cant,1
4840b4,inline,8006adb0
484244,cant,1
484248,inline,80d0aeb0
484428,extab,75b348
48477c,cant,1
484790,inline,80a8b0b0
4848f0,extab,75b428
484ae8,cant,1
484b10,inline,80acb0b0
484cd8,inline,80a8b0b0
484d18,extab,75b408
484dac,cant,1
484db4,inline,80a8b0b0
484e38,cant,1
484e40,extab,75b300
484edc,cant,1
484f20,extab,75b3c8
48586c,cant,1
485898,inline,8009aeb0
485b40,inline,80aab0b0
485b78,inline,80acb0b0
485c94,inline,80a8b0b0
485d00,extab,75b3a8
485ea8,cant,1
485ec4,extab,75b360
486358,cant,1
48636c,inline,80acb0b0
486578,inline,80aab0b0
486624,extab,75b310
4867a8,cant,1
486818,extab,75b370
486978,cant,1
486a18,inline,80acb0b0
486af4,inline,80a8b0b0
486b30,cant,1
486b94,inline,80a8b0b0
486bd8,cant,1
486bf0,inline,80a8b0b0
486c00,cant,1
486c0c,inline,80aab0b0
486c68,extab,75bb30
486e8c,cant,1
486eb0,inline,80a8b0b0
486f2c,cant,1
487068,inline,8004abb0
4870f8,cant,1
48710c,inline,80a8b0b0
48717c,inline,8003aab0
48729c,cant,1
4872b4,inline,80a8b0b0
4872d0,inline,8006afb0
4874f8,inline,8017aab0
487684,cant,1
48769c,inline,80acb0b0
48773c,extab,75be9c
4877d0,cant,1
48781c,inline,80a8b0b0
48782c,cant,1
487834,extab,75becc
4878e4,cant,1
48794c,inline,80aab0b0
487a08,extab,75b4a0
487ad0,cant,1
487ae4,inline,80a8b0b0
487b28,cant,1
487b60,inline,80a8b0b0
487ba8,cant,1
487bac,extab,75b490
487bf0,cant,1
487c04,inline,80aab0b0
487d4c,inline,80acb0b0
487de4,inline,80aeb0b0
48801c,inline,80aab0b0
4881e8,inline,80acb0b0
4882a4,extab,75b8f0
488390,cant,1
4883a4,inline,80a8b0b0
488420,cant,1
488434,extab,75b8a4
4885c4,cant,1
48862c,inline,80aeb0b0
488794,inline,80a8b0b0
4887b4,inline,80acb0b0
4888e8,inline,80a8b0b0
48890c,inline,80aab0b0
488cac,extab,75b8d8
488d80,cant,1
488da0,extab,75b900
488de8,cant,1
488e08,inline,80acb0b0
489054,inline,80aab0b0
4890ac,inline,80a8b0b0
4890dc,extab,75b918
4891f8,cant,1
489218,inline,80aab0b0
489284,inline,80a8b0b0
4892d4,inline,80aab0b0
4893dc,extab,75b6e4
48958c,cant,1
4895b0,extab,75b930
4895f0,cant,1
489604,inline,8000a9b0
489638,inline,80aab0b0
4896c0,cant,1
4896c4,inline,8000afb0
4899b4,inline,80d0acb0
489b84,cant,1
489bbc,inline,8001aab0
489c50,extab,75bb08
489ed4,cant,1
489ef8,inline,80a8b0b0
489f74,extab,75b600
489ff4,cant,1
48a020,inline,8010d0a9
48a17c,inline,80a8b0b0
48a190,inline,800a8400
48a2ac,inline,8010d0a9
48a408,inline,80aab0b0
48a44c,cant,1
48a464,extab,75b5c0
48a4a8,cant,1
48a4c8,extab,75b5b0
48a508,cant,1
48a54c,inline,80aab0b0
48a714,cant,1
48a770,inline,80a8b0b0
48a7c4,cant,1
48a7c8,inline,8014afb0
48ab2c,extab,75bb80
48ab98,cant,1
48abb8,inline,8000a9b0
48ac24,inline,80a8b0b0
48ac58,inline,80acb0b0
48ad08,inline,8001d0ac
48ada4,inline,80aab0b0
48ae2c,cant,1
48ae58,extab,75b610
48aeec,cant,1
48af04,inline,80aeb0b0
48b074,inline,80a8b0b0
48b0c0,cant,1
48b0c4,inline,80aab0b0
48b20c,inline,80a8b0b0
48b280,cant,1
48b288,inline,80008400
48b2a8,cant,1
48b2d8,inline,80aab0b0
48b310,extab,75b6b0
48b364,cant,1
48b378,inline,80aab0b0
48b3e4,extab,75b6d4
48b488,cant,1
48b49c,inline,80a8b0b0
48b520,cant,1
48b538,extab,75b6c4
48b5cc,cant,1
48b5e0,inline,80aab0b0
48b648,extab,75b6a0
48b7d4,cant,1
48b7e8,extab,75b630
48b8d4,cant,1
48b90c,extab,75b678
48b99c,cant,1
48b9d8,extab,75b650
48ba6c,cant,1
48bac8,inline,8009d0aa
48bc04,inline,8002d0ab
48bd24,inline,80d0a8b0
48bd8c,inline,8002a9b0
48be4c,inline,80aab0b0
48bee4,cant,1
48bf70,inline,8004a9b0
48c068,inline,8001a8b0
48c10c,cant,1
48c114,inline,80d1aab0
48c2a8,inline,80aab0b0
48c350,inline,80a8b0b0
48c37c,cant,1
48c38c,extab,75b83c
48c71c,cant,1
48c730,inline,80a8b0b0
48c760,inline,80aab0b0
48c7dc,cant,1
48c84c,inline,80a8b0b0
48c914,inline,8002a9b0
48c970,cant,1
48c9c0,inline,80a8b0b0
48c9e8,cant,1
48ca20,inline,80a8b0b0
48cac8,extab,75b82c
48cb30,cant,1
48cb44,extab,75b81c
48cba4,cant,1
48cbb8,inline,8000d0af
48ce90,inline,80d0aeb0
48d09c,extab,75c1dc
48d12c,cant,1
48d14c,extab,75c1cc
48d1d8,cant,1
48d1f8,extab,75c23c
48d894,inline,80acb0b0
48d990,extab,75c248
48db60,inline,8000adb0
48dc7c,inline,80d0aeb0
48de60,extab,75c1ec
48ded0,cant,1
48ded8,extab,75c20c
48df54,cant,1
48df74,extab,75c1fc
48dfe8,cant,1
48e008,extab,75b754
48e410,cant,1
48e438,inline,80aab0b0
48e4ac,inline,80a8b0b0
48e4dc,cant,1
48e4f4,inline,8004a9b0
48e5e0,inline,80a8b0b0
48e634,extab,75b770
48e704,cant,1
48e718,extab,75b70c
48e790,cant,1
48e7b0,extab,75b73c
48e804,cant,1
48e824,extab,75b724
48e86c,cant,1
48e88c,inline,8003aeb0
48ed3c,cant,1
48ed48,inline,80aab0b0
48eeac,inline,8016adb0
48efd8,cant,1
48efe8,inline,80a8b0b0
48f034,extab,75c034
48f068,cant,1
48f07c,extab,75c024
48f0b0,cant,1
48f0c4,inline,80a8b0b0
48f12c,cant,1
48f17c,inline,80a8b0b0
48f1e4,inline,8003a8b0
48f26c,cant,1
48f2cc,inline,80a8b0b0
48f2f4,cant,1
48f3a0,inline,8001aab0
48f43c,cant,1
48f45c,inline,80a8b0b0
48f4c4,cant,1
48f508,inline,80028400
48f554,cant,1
48f5d4,inline,80a8b0b0
48f62c,cant,1
48f728,inline,8002a9b0
48f764,inline,8001a8b0
48f798,inline,80a8b0b0
48f7c4,cant,1
48f7e8,inline,80a8b0b0
48f818,cant,1
48f84c,inline,80a8b0b0
48f878,cant,1
48fabc,inline,80aab0b0
48fb5c,inline,80acb0b0
48fbe8,cant,1
48fc1c,inline,80acb0b0
48fcbc,cant,1
48fccc,inline,80aab0b0
48fe70,inline,800aafb0
490114,inline,8006afb0
4905c4,extab,75b9e8
490828,cant,1
490854,extab,75ba88
490a40,cant,1
490aa4,extab,75b9d0
490cd4,cant,1
490d08,inline,80aab0b0
490ddc,inline,80a8b0b0
490df4,inline,8001d0ac
490fbc,inline,80aeb0b0
491094,cant,1
49109c,inline,80aab0b0
4911a0,cant,1
4911a8,extab,75baf8
491388,cant,1
49139c,inline,80aeb0b0
49147c,inline,8004afb0
4916c8,cant,1
4916d0,extab,75ba20
491d88,cant,1
491db8,inline,80aeb0b0
491e68,inline,80aab0b0
492150,inline,80d0acb0
492274,extab,75b940
492600,cant,1
4926c0,extab,75b980
492834,cant,1
4928e0,inline,80aab0b0
492a18,cant,1
492a2c,inline,80a8b0b0
492a88,cant,1
492a9c,inline,80aab0b0
492adc,inline,80aeb0b0
492bcc,cant,1
492bd4,inline,80acb0b0
492c98,inline,80a8b0b0
492ccc,inline,80aab0b0
492d38,cant,1
492d48,inline,80aab0b0
492dd4,inline,80008400
492e00,inline,80a8b0b0
492e28,cant,1
492e48,inline,8004afb0
492fb0,inline,800cd0af
4931e0,inline,80008400
493228,inline,80a8b0b0
493250,extab,75bde4
4935d8,cant,1
49367c,inline,80aab0b0
49373c,cant,1
493774,extab,75c044
4937e8,cant,1
4937fc,extab,75bdcc
493840,cant,1
493868,extab,75bdb4
4938a8,cant,1
4938d0,inline,80aab0b0
493a30,inline,8000adb0
493a7c,inline,80d1acb0
493bd0,inline,80008400
493c24,inline,80a8b0b0
493cb4,cant,1
493cc8,extab,75b7fc
493cf0,cant,1
493d04,extab,75b80c
493d2c,cant,1
493d40,extab,75b7ec
493d68,cant,1
493d7c,inline,80aab0b0
493ee8,cant,1
493f30,inline,8001d0a8
493f74,cant,1
493f9c,inline,80a8b0b0
494054,cant,1
4940c0,inline,80aab0b0
49415c,cant,1
4941fc,inline,80aab0b0
494280,inline,80a8b0b0
494418,inline,80aab0b0
494628,inline,8001acb0
494838,inline,8004abb0
4948d0,extab,75b510
494b60,cant,1
494b74,inline,8001d0a8
494bb0,inline,80d1aab0
494d1c,cant,1
494f2c,extab,75b550
495028,cant,1
49503c,inline,8013d2ac
4953d4,inline,80d0a8b0
49554c,extab,75b500
495944,cant,1
495958,inline,80b902aa
495adc,inline,80d0aab0
495bb4,extab,75b520
495d88,cant,1
495df8,extab,75b4c0
495ef0,cant,1
495fc0,inline,80aab0b0
496090,cant,1
4960a4,inline,80a8b0b0
49611c,inline,8000afb0
4961ac,inline,80acb0b0
4961ec,inline,8004afb0
496338,extab,75bd10
496390,cant,1
4963c8,inline,8006afb0
496588,cant,1
496594,inline,80aab0b0
496600,inline,80d0aab0
49669c,inline,80aab0b0
4966f0,cant,1
496720,extab,75b7d8
496994,cant,1
4969a8,extab,75b780
496a34,cant,1
496a5c,extab,75b7b8
496ad0,cant,1
496b08,extab,75b798
496b6c,cant,1
496ba4,inline,80aab0b0
496c04,inline,80a8b0b0
496c50,cant,1
496c60,inline,80a8b0b0
496c74,cant,1
496ca8,inline,80acb0b0
496d58,cant,1
496dd0,inline,80a8b0b0
496e14,extab,75bb90
497174,cant,1
497274,inline,80a8b0b0
4972e4,inline,8002a9b0
497350,cant,1
497358,inline,80a8b0b0
4973b0,inline,8002a9b0
4974a4,inline,80a8b0b0
497560,cant,1
497568,inline,80a8b0b0
4975ac,inline,8001aab0
497a10,cant,1
497a18,inline,80a8b0b0
497b20,extab,75bc90
497d5c,cant,1
497e4c,extab,75bc08
497f50,cant,1
497fb8,extab,75bc40
4980a0,cant,1
498144,inline,80a8b0b0
49823c,cant,1
498264,inline,80a8b0b0
49829c,cant,1
49830c,inline,80a8b0b0
4983d8,cant,1
49847c,inline,8002a9b0
498588,inline,8000adb0
498678,cant,1
4986ec,inline,8000abb0
498804,inline,80aab0b0
498834,cant,1
498844,inline,80aab0b0
498878,inline,8000afb0
4989d4,cant,1
4989ec,inline,80a8b0b0
498a40,inline,80acb0b0
498ac8,inline,80aab0b0
498b4c,cant,1
498b94,inline,80aab0b0
498c1c,cant,1
498c4c,inline,80a8b0b0
498c5c,cant,1
498c60,inline,80aab0b0
498cf4,inline,80a8b0b0
498d18,cant,1
498d24,inline,80acb0b0
498da4,cant,1
498dc4,inline,80a8b0b0
498e44,extab,75b894
498f68,cant,1
498f88,inline,80a8b0b0
498fa4,cant,1
498fb4,extab,75b884
499044,cant,1
499058,inline,80aab0b0
499104,cant,1
49911c,inline,80a8b0b0
49915c,inline,80aab0b0
49924c,inline,80a8b0b0
49926c,inline,80aab0b0
499330,inline,80a8b0b0
499424,cant,1
499434,inline,80aab0b0
499528,cant,1
499554,extab,75b854
4995d8,cant,1
4995ec,extab,75b874
49965c,cant,1
499670,extab,75b864
4996d8,cant,1
4996ec,inline,80aeb0b0
49976c,inline,80a8b0b0
499794,cant,1
4997c8,inline,80acb0b0
49982c,extab,75c104
499910,cant,1
49993c,extab,75c12c
4999a8,cant,1
4999bc,extab,75c0f4
499a14,cant,1
499a28,inline,80a8b0b0
499a38,cant,1
499a40,extab,75c1ac
499b20,cant,1
499b6c,inline,80a8b0b0
499b7c,cant,1
499b80,inline,8008afb0
499cdc,inline,8009d0aa
499e18,cant,1
499e20,inline,80a8b0b0
499e98,inline,800aafb0
49a128,inline,8004d0ad
49a41c,extab,75be20
49a488,cant,1
49a4b0,inline,80a8b0b0
49a4c0,cant,1
49a4c8,extab,75be38
49a55c,cant,1
49a598,inline,80a8b0b0
49a5c0,extab,75c14c
49a628,cant,1
49a63c,extab,75c13c
49a694,cant,1
49a6a8,inline,80a8b0b0
49a6b8,cant,1
49a7d8,extab,75c15c
49a98c,cant,1
49a9a0,inline,80aab0b0
49a9cc,extab,75c174
49aa78,cant,1
49aa8c,extab,75c184
49ab80,cant,1
49ab94,inline,80a8b0b0
49abc4,extab,75c194
49adbc,cant,1
49add0,inline,80acb0b0
49ae20,inline,8000a9b0
49ae68,inline,80a8b0b0
49aee8,inline,80aab0b0
49af10,cant,1
49af2c,inline,80aab0b0
49afa0,inline,80a8b0b0
49b040,cant,1
49b048,inline,80a8b0b0
49b078,extab,75b480
49b0e0,cant,1
49b0f4,extab,75b470
49b150,cant,1
49b164,inline,80aab0b0
49b228,cant,1
49b280,inline,8006d0af
49b4bc,cant,1
49b4d4,extab,75bd94
49b700,cant,1
49b71c,inline,80a8b0b0
49b754,extab,75bd50
49bd40,cant,1
49bdf8,inline,80acb0b0
49be68,inline,80a8b0b0
49be78,cant,1
49be80,extab,75bd38
49bf00,cant,1
49bf28,inline,8000afb0
49c048,inline,80d0aab0
49c190,inline,80a8b0b0
49c1e0,inline,8000abb0
49c4c0,inline,80d1a8b0
49c614,inline,80d3a8b0
49c7a0,cant,1
49c7b8,inline,80aab0b0
49c824,extab,75be0c
49cb2c,cant,1
49cb40,inline,80aab0b0
49cb90,inline,80acb0b0
49cc40,cant,1
49ccc4,inline,80a8b0b0
49ccd4,cant,1
49ccdc,extab,75bdf4
49ce08,cant,1
49ce30,inline,80aab0b0
49cf1c,extab,75c22c
49cf8c,cant,1
49cfac,extab,75c21c
49d018,cant,1
49d038,extab,75be90
49d2ac,inline,8017aeb0
49d4c8,cant,1
49d4e0,inline,80aab0b0
49d52c,inline,80a8b0b0
49d53c,cant,1
49d544,extab,75be68
49d610,cant,1
49d65c,inline,80aab0b0
49d6b8,inline,80d0acb0
49d76c,inline,80a8b0b0
49d79c,inline,80aeb0b0
49da1c,inline,80aab0b0
49dab0,inline,80acb0b0
49dba0,inline,80aab0b0
49dcac,cant,1
49dcbc,inline,80aab0b0
49dd70,cant,1
49dd88,inline,80acb0b0
49de6c,extab,75bf04
49e3d8,cant,1
49e52c,inline,80a8b0b0
49e53c,extab,75bfc4
49e60c,cant,1
49e6c0,extab,75c0e4
49e780,cant,1
49e798,extab,75c0c4
49ea54,cant,1
49ea70,inline,80a8b0b0
49eabc,inline,8009a8b0
49eb4c,extab,75c09c
49ecc8,cant,1
49ed00,extab,75c074
49ed4c,cant,1
49ed60,inline,80a8b0b0
49ed70,cant,1
49ed74,extab,75c084
49edbc,cant,1
49eddc,inline,8003d0aa
49ef88,cant,1
49efa0,inline,80a8b0b0
49efc4,extab,75be58
49f0d4,cant,1
49f0e8,inline,80d0aab0
49f1e4,cant,1
49f1f0,inline,80a8b0b0
49f20c,inline,8004abb0
49f2ac,inline,80d1aeb0
49f520,inline,80aab0b0
49f5cc,cant,1
49f5d0,inline,80a8b0b0
49f5ec,cant,1
49f5f4,inline,80a8b0b0
49f63c,cant,1
49f650,inline,80a8b0b0
49f6c8,cant,1
49f6d8,inline,80d0acb0
49f814,cant,1
49f848,inline,8000a9b0
49f8c0,inline,80a8b0b0
49f94c,cant,1
49f954,inline,80d0aab0
49f9f0,inline,80a8b0b0
49fa40,cant,1
49fad4,inline,80aab0b0
49fb94,inline,8001d0ac
49fdb8,inline,80a8b0b0
49fe38,inline,8000afb0
49ffd4,inline,80aab0b0
4a0008,inline,80d0acb0
4a006c,inline,8002adb0
4a017c,cant,1
4a0268,inline,8000afb0
4a0364,extab,7597f4
4a05b4,cant,1
4a05d0,extab,75980c
4a07a4,cant,1
4a07b8,inline,80aab0b0
4a07f0,extab,7597ac
4a08b8,cant,1
4a08e8,extab,7597dc
4a0958,cant,1
4a0988,extab,7597c4
4a09f4,cant,1
4a0a24,inline,8002a9b0
4a0aa8,inline,8001a8b0
4a0b74,inline,8002a9b0
4a0be8,inline,8003aab0
4a0c48,inline,8002a9b0
4a0cbc,cant,1
4a0cd4,inline,80d1acb0
4a0de4,inline,80a8b0b0
4a0e10,inline,80d0a8b0
4a0e6c,inline,80a8b0b0
4a0ec0,extab,75969c
4a1390,cant,1
4a13a4,inline,80a8b0b0
4a13dc,extab,7596ac
4a1674,cant,1
4a172c,extab,7596bc
4a1780,cant,1
4a1794,inline,80d0a8b0
4a17f8,cant,1
4a1824,inline,80a8b0b0
4a1854,extab,7596cc
4a18fc,cant,1
4a1928,inline,80a8b0b0
4a19cc,cant,1
4a19e0,inline,80acb0b0
4a1a78,cant,1
4a1a8c,inline,80aeb0b0
4a1c04,inline,80a8b0b0
4a1c2c,cant,1
4a1c60,inline,80a8b0b0
4a1ca4,inline,80d0acb0
4a1d9c,inline,80d3a8b0
4a1ee4,cant,1
4a2060,inline,8004d1af
4a21d0,inline,800ed1af
4a2698,inline,80aeb0b0
4a273c,extab,759690
4a2ac8,cant,1
4a2b34,inline,80aab0b0
4a2cc8,cant,1
4a2db8,inline,80aab0b0
4a30ac,inline,8008a9b0
4a3190,inline,8006afb0
4a337c,inline,80d3aeb0
4a355c,inline,80acb0b0
4a3704,inline,8004afb0
4a3860,inline,8004a9b0
4a3908,inline,8009aab0
4a3a14,inline,8008abb0
4a3b14,inline,8007aab0
4a3cdc,inline,802daab0
4a3dfc,inline,8008abb0
4a3ed0,inline,8004a9b0
4a4088,inline,80d0aab0
4a4138,inline,80a8b0b0
4a42ec,inline,80aab0b0
4a434c,inline,80aeb0b0
4a4590,inline,8004d1ab
4a4678,inline,80d4aab0
4a47cc,inline,80d0acb0
4a48e8,inline,80acb0b0
4a4a5c,inline,80d0aeb0
4a4bd8,inline,80a8b0b0
4a4c6c,inline,8004d1af
4a4e10,inline,8000adb0
4a50a8,inline,80aeb0b0
4a5150,cant,1
4a5288,inline,80a8b0b0
4a52a0,cant,1
4a52b8,inline,80d0aab0
4a5378,cant,1
4a5438,inline,80aab0b0
4a5488,inline,80a8b0b0
4a54c4,inline,80acb0b0
4a555c,extab,759924
4a563c,cant,1
4a5650,inline,8004afb0
4a586c,extab,759934
4a5b88,cant,1
4a5ba4,inline,80aab0b0
4a6008,cant,1
4a6054,inline,80aab0b0
4a60a4,extab,75995c
4a63b0,cant,1
4a63d0,extab,7598f4
4a6448,cant,1
4a645c,extab,759914
4a64c4,cant,1
4a64d8,extab,759904
4a6534,cant,1
4a6548,inline,80008400
4a65bc,inline,80a8b0b0
4a65e4,cant,1
4a6604,inline,80a8b0b0
4a6680,inline,80aab0b0
4a66d4,inline,80a8b0b0
4a66fc,inline,8002d0ad
4a6794,extab,7598d4
4a6838,cant,1
4a684c,inline,8002d0ad
4a68d8,inline,8006afb0
4a6c3c,inline,8002adb0
4a6d54,extab,7598c4
4a6d94,cant,1
4a6da8,inline,80008400
4a6dc4,extab,7598e4
4a6e94,cant,1
4a6ec0,inline,80008400
4a6ed4,inline,80a8b0b0
4a6efc,inline,80acb0b0
4a7094,cant,1
4a70ec,inline,80aab0b0
4a71ac,inline,800aafb0
4a740c,cant,1
4a7648,inline,8000adb0
4a76b4,cant,1
4a79f8,inline,8006adb0
4a7ab0,inline,8008afb0
4a7c34,inline,8000adb0
4a7ca0,inline,80aab0b0
4a7de8,cant,1
4a7e70,inline,8000a9b0
4a7f38,inline,8000adb0
4a8324,cant,1
4a8384,inline,80aab0b0
4a83d4,inline,80a8b0b0
4a8404,inline,80acb0b0
4a8664,inline,80a8b0b0
4a872c,cant,1
4a8740,inline,80aab0b0
4a8780,cant,1
4a87e4,inline,80aab0b0
4a8820,extab,75975c
4a88f0,cant,1
4a8920,inline,8001d0aa
4a8ac4,inline,80d0acb0
4a8b4c,inline,80d0aab0
4a8be0,inline,8000a9b0
4a8d14,extab,75979c
4a8dfc,cant,1
4a8e10,inline,80d0aab0
4a8f84,inline,80aab0b0
4a908c,inline,80d0aab0
4a9124,cant,1
4a9170,inline,80d0a8b0
4a9238,inline,8000a9b0
4a92c4,inline,80acb0b0
4a9394,inline,80d1acb0
4a94d8,inline,80d0aab0
4a9658,extab,75974c
4a96e8,cant,1
4a9708,extab,75976c
4a9748,cant,1
4a977c,inline,80aab0b0
4a979c,inline,80a8b0b0
4a9808,inline,80d0a8b0
4a98d8,extab,759784
4a9944,cant,1
4a9990,inline,80aab0b0
4a99d8,inline,8000abb0
4a9a60,inline,8001aab0
4a9af8,inline,80d0a8b0
4a9c40,inline,80aab0b0
4a9c60,inline,80a8b0b0
4a9ca4,cant,1
4a9dbc,inline,8005acb0
4aa08c,inline,80a8b0b0
4aa0bc,inline,80acb0b0
4aa1b4,cant,1
4aa1cc,inline,80aab0b0
4aa1f4,cant,1
4aa26c,inline,80a8b0b0
4aa284,inline,80aab0b0
4aa300,inline,80a8b0b0
4aa348,cant,1
4aa35c,inline,80acb0b0
4aa45c,inline,80aab0b0
4aa4b8,cant,1
4aa4d0,inline,80a8b0b0
4aa4f4,cant,1
4aa53c,inline,80aab0b0
4aa564,cant,1
4aa794,inline,8003a8b0
4aa814,inline,80acb0b0
4aa988,inline,8003aab0
4aaba0,inline,80acb0b0
4aacb8,inline,800ed0af
4ab0e8,inline,80aeb0b0
4ab2d8,extab,75983c
4ab45c,cant,1
4ab470,extab,75984c
4ab7e8,cant,1
4ab944,inline,80aab0b0
4abaf4,inline,8009a8b0
4abbec,inline,8014afb0
4abd34,inline,80aab0b0
4abd64,cant,1
4abdbc,inline,80aab0b0
4abde8,inline,80acb0b0
4abf1c,inline,80aab0b0
4abf5c,cant,1
4ac070,inline,8000d5af
4ac2f0,cant,1
4ac314,inline,80aab0b0
4ac42c,inline,80acb0b0
4ac5c4,cant,1
4ac5f8,inline,80d0aab0
4ac740,inline,8004adb0
4ac930,inline,80aab0b0
4ac9f0,inline,80a8b0b0
4acaa8,inline,80028400
4acadc,inline,8004a9b0
4acb58,inline,80aab0b0
4acbc4,inline,8005aab0
4accbc,inline,80b26aa9
4acdf0,inline,8005aab0
4ace88,inline,80aab0b0
4acf2c,inline,8003aab0
4ad15c,inline,80a8b0b0
4ad1c8,inline,8003a8b0
4ad348,inline,80aab0b0
4ad3a8,inline,80aeb0b0
4ad708,inline,8000afb0
4ad938,inline,8001aab0
4ada5c,extab,759858
4ae3f4,cant,1
4ae408,inline,80a8b0b0
4ae440,inline,80d0aeb0
4ae718,inline,80aab0b0
4ae7f4,inline,80d0aeb0
4ae970,extab,759868
4aeb10,inline,8001d5ae
4af03c,extab,75981c
4af36c,cant,1
4af3cc,extab,759874
4af46c,cant,1
4af4cc,inline,80aab0b0
4af580,cant,1
4af594,inline,80a8b0b0
4af5e0,cant,1
4af5f4,extab,75989c
4af6e8,cant,1
4af760,inline,80aab0b0
4af7dc,inline,80acb0b0
4af890,inline,8000adb0
4afb58,inline,80acb0b0
4afdd4,inline,80a8b0b0
4afe80,inline,80aab0b0
4afed0,inline,80a8b0b0
4aff5c,cant,1
4aff88,inline,80a8b0b0
4affe4,cant,1
4afff4,inline,80a8b0b0
4b0084,inline,8000a9b0
4b0124,inline,80a8b0b0
4b0258,inline,8002a9b0
4b02f4,inline,80aab0b0
4b03b8,inline,8002a9b0
4b04b0,inline,80acb0b0
4b052c,extab,758a40
4b0634,cant,1
4b068c,inline,8001aab0
4b0ba4,cant,1
4b0bbc,inline,8002a9b0
4b0c34,inline,80a8b0b0
4b0d40,inline,80aab0b0
4b0eb8,cant,1
4b0f14,inline,80acb0b0
4b0fe4,cant,1
4b10f4,inline,80aab0b0
4b1170,cant,1
4b119c,inline,8000afb0
4b1714,inline,80a8b0b0
4b176c,cant,1
4b17b0,inline,80aab0b0
4b17fc,cant,1
4b1860,inline,80aab0b0
4b189c,inline,80a8b0b0
4b190c,cant,1
4b1988,extab,74a534
4b1ba8,inline,80a8b0b0
4b1bcc,inline,8001a8b0
4b1c34,cant,1
4b1c70,inline,8001acb0
4b1f1c,inline,80028400
4b1f74,inline,80acb0b0
4b213c,inline,8001a8b0
4b2214,inline,80aeb0b0
4b2484,inline,8002abb0
4b2574,inline,8005aeb0
4b27f0,cant,1
4b286c,inline,80acb0b0
4b28e8,inline,8001a8b0
4b2964,inline,80d0a8b0
4b2a54,cant,1
4b2a5c,inline,8002adb0
4b2d10,inline,8007aab0
4b2e28,inline,8001aab0
4b2ea8,cant,1
4b2ecc,inline,8002abb0
4b323c,cant,1
4b325c,inline,8001aab0
4b3370,inline,8006adb0
4b34d0,inline,8001acb0
4b37d8,inline,80a8b0b0
4b389c,inline,80d0a8b0
4b3a0c,inline,8010abb0
4b4194,inline,80a8b0b0
4b41b4,inline,80aab0b0
4b4334,extab,74a524
4b4360,cant,1
4b4374,extab,74a514
4b439c,cant,1
4b44b8,inline,80aab0b0
4b44f4,inline,800aa9b0
4b45c4,inline,8000abb0
4b4744,inline,80aab0b0
4b4984,inline,8002a9b0
4b4a24,inline,80acb0b0
4b4aa0,inline,8005aab0
4b4c50,inline,8000adb0
4b4e44,cant,1
4b4e4c,inline,80acb0b0
4b4f70,inline,8005aab0
4b56e4,cant,1
4b56fc,inline,80a8b0b0
4b58a0,inline,80acb0b0
4b591c,inline,8003d0a8
4b5a24,inline,8006afb0
4b5c68,inline,8005d1aa
4b5e98,inline,8002abb0
4b5fa4,inline,8006a9b0
4b60c8,inline,8005aab0
4b6228,cant,1
4b6238,inline,8009aeb0
4b6368,inline,80aab0b0
4b6538,inline,8001aab0
4b65c0,inline,8005aeb0
4b7d80,cant,1
4b7da0,inline,80a8b0b0
4b7e44,extab,758e10
4b7f94,cant,1
4b7fa8,inline,80a8b0b0
4b7fdc,cant,1
4b7fe4,inline,8002a9b0
4b807c,cant,1
4b8084,extab,758e20
4b80ec,cant,1
4b8100,inline,80a8b0b0
4b8110,extab,74adac
4b8560,cant,1
4b8638,inline,80a8b0b0
4b8668,cant,1
4b86f0,inline,80a8b0b0
4b8708,inline,80d0acb0
4b8798,cant,1
4b87c0,inline,80a8b0b0
4b87f4,cant,1
4b8808,inline,80a8b0b0
4b8884,cant,1
4b8898,inline,80a8b0b0
4b88b0,cant,1
4b88c4,inline,80acb0b0
4b8970,inline,80a8b0b0
4b89c4,cant,1
4b89f0,inline,80a8b0b0
4b8a68,cant,1
4b8a7c,inline,80a8b0b0
4b8aac,inline,80d0aab0
4b8afc,inline,80a8b0b0
4b8b58,cant,1
4b8b78,inline,80a8b0b0
4b8ba8,cant,1
4b8bd0,inline,80a8b0b0
4b8be8,cant,1
4b8bf8,inline,80a8b0b0
4b8c10,inline,80d0aab0
4b8c90,inline,80acb0b0
4b8d70,inline,80d0aab0
4b8dec,inline,80a8b0b0
4b8e04,cant,1
4b8e30,extab,74ad9c
4b8ed8,cant,1
4b8eec,inline,80a8b0b0
4b8f04,cant,1
4b8fe4,inline,80a8b0b0
4b8ffc,inline,80acb0b0
4b90b4,inline,80aab0b0
4b90e0,inline,80a8b0b0
4b910c,inline,80d1acb0
4b91d0,inline,8000afb0
4b939c,extab,74aa40
4b98bc,cant,1
4b994c,extab,74a734
4b9a88,cant,1
4b9a9c,extab,74a78c
4b9d80,cant,1
4b9dac,extab,74ad80
4ba024,inline,80d0acb0
4ba0ac,cant,1
4ba12c,inline,80d1a8b0
4ba1cc,extab,74a654
4ba2bc,cant,1
4ba2d0,extab,74a644
4ba3c0,cant,1
4ba3d4,extab,74a744
4ba47c,cant,1
4ba490,extab,74a624
4ba5d0,cant,1
4ba5ec,extab,74a76c
4ba6b4,cant,1
4ba6c8,inline,80aab0b0
4ba92c,extab,74a664
4bac90,cant,1
4bad7c,extab,74a754
4bbd28,cant,1
4bbd3c,extab,74a77c
4bbf2c,cant,1
4bbf40,inline,80acb0b0
4bc07c,extab,74ae1c
4bc1b0,cant,1
4bc1cc,extab,74ab14
4bc4ac,cant,1
4bc50c,extab,74a5e4
4bc9b8,cant,1
4bc9fc,extab,74a81c
4bd4cc,cant,1
4bd5f8,inline,8000afb0
4bd6f4,inline,80d0aab0
4bd73c,inline,80acb0b0
4bd7e8,extab,74abd8
4becd8,cant,1
4bedd0,extab,74a7ec
4bef20,cant,1
4bef3c,inline,80aab0b0
4bef84,extab,74ad00
4bf050,cant,1
4bf128,inline,80a8b0b0
4bf168,cant,1
4bf17c,inline,80a8b0b0
4bf1cc,inline,80aab0b0
4bf21c,cant,1
4bf22c,inline,80a8b0b0
4bf268,inline,80aab0b0
4bf2b8,cant,1
4bf36c,inline,80aab0b0
4bf3fc,inline,80a8b0b0
4bf440,inline,80aab0b0
4bf49c,inline,8000adb0
4bf650,inline,80aab0b0
4bf698,inline,80a8b0b0
4bf770,inline,80aab0b0
4bf82c,cant,1
4bf84c,inline,8010abb0
4bfba4,inline,80aab0b0
4bfc00,inline,80a8b0b0
4bfc90,inline,80aab0b0
4bfcf8,inline,80a8b0b0
4bfd94,inline,8000abb0
4bfebc,inline,80a8b0b0
4bff48,inline,80acb0b0
4bffbc,cant,1
4bffdc,inline,8001aab0
4c009c,inline,80a8b0b0
4c0128,inline,80aab0b0
4c016c,cant,1
4c0190,inline,8003a8b0
4c01cc,inline,80a8b0b0
4c0200,inline,8001a8b0
4c032c,inline,80aab0b0
4c03e0,inline,80a8b0b0
4c0430,inline,80acb0b0
4c04ac,inline,8002adb0
4c0778,cant,1
4c07e8,inline,80aab0b0
4c0930,cant,1
4c0938,inline,80aab0b0
4c09ac,cant,1
4c09c4,inline,80a8b0b0
4c09e0,cant,1
4c09e8,inline,80aab0b0
4c0a68,inline,8006a9b0
4c0c64,inline,80acb0b0
4c0f44,inline,80a8b0b0
4c1048,extab,758df0
4c1154,cant,1
4c1168,inline,80a8b0b0
4c1178,inline,80acb0b0
4c1248,inline,80a8b0b0
4c1270,cant,1
4c137c,inline,8006d1af
4c14a4,inline,80a8b0b0
4c1528,cant,1
4c152c,inline,80aab0b0
4c1574,extab,757f00
4c1684,inline,80a8b0b0
4c1718,cant,1
4c1728,inline,80a8b0b0
4c1770,inline,8001a8b0
4c17b0,inline,80a8b0b0
4c17cc,cant,1
4c17e0,inline,8002abb0
4c18c0,inline,80aab0b0
4c1900,cant,1
4c1904,inline,8006d0af
4c1d00,inline,80acb0b0
4c1de4,cant,1
4c1de8,inline,8002a9b0
4c1eb8,cant,1
4c1ed4,inline,80a8b0b0
4c1f70,inline,80aab0b0
4c1fc4,inline,8014d3af
4c24d0,inline,8004afb0
4c27ac,inline,8015d0a8
4c28f0,cant,1
4c29a0,inline,80acb0b0
4c2a28,cant,1
4c2a78,inline,8002a9b0
4c2b48,cant,1
4c2b58,inline,80acb0b0
4c2c24,cant,1
4c2c38,inline,80aab0b0
4c2dac,inline,8003aab0
4c2f20,inline,80d0acb0
4c3004,cant,1
4c301c,inline,80d0aab0
4c310c,cant,1
4c312c,inline,80a8b0b0
4c318c,cant,1
4c31b8,inline,80aab0b0
4c31ec,cant,1
4c320c,inline,8003a8b0
4c32c4,cant,1
4c32e0,inline,80aab0b0
4c34a4,inline,80a8b0b0
4c3588,inline,8002d0a9
4c36b4,inline,800dacb0
4c397c,cant,1
4c39ec,inline,80aab0b0
4c3a24,cant,1
4c3a28,inline,8003d0ae
4c3b70,cant,1
4c3b78,inline,800cd1ab
4c3d4c,inline,800baab0
4c3f8c,inline,8009d1a8
4c4068,inline,80acb0b0
4c4120,cant,1
4c4288,inline,80a8b0b0
4c43b0,inline,8006afb0
4c46a0,inline,80d3a8b0
4c48c0,cant,1
4c48c8,inline,80008400
4c48f4,cant,1
4c4900,inline,80088400
4c4950,cant,1
4c4a00,inline,80a8b0b0
4c4a28,cant,1
4c4a30,inline,800baab0
4c4aac,extab,757f0c
4c4da4,inline,800ca9b0
4c4ee4,inline,80aab0b0
4c4f34,inline,80d0acb0
4c531c,cant,1
4c5320,inline,8005aab0
4c53a8,inline,8010abb0
4c543c,cant,1
4c5484,inline,80b26aa9
4c55f0,inline,800baab0
4c5760,inline,8005d0aa
4c58ac,inline,8016abb0
4c5940,inline,80a8b0b0
4c5960,inline,80aeb0b0
4c5a64,inline,800cd0a9
4c5b64,cant,1
4c5ba8,inline,80aab0b0
4c5c14,cant,1
4c5c18,inline,80028400
4c5c44,inline,8002a9b0
4c5c98,cant,1
4c5cac,inline,80aab0b0
4c5d1c,cant,1
4c5d64,inline,8001aab0
4c5f4c,inline,8002a9b0
4c5fb0,cant,1
4c5fbc,inline,80a8b0b0
4c6000,cant,1
4c6050,inline,80a8b0b0
4c6094,inline,80aeb0b0
4c6210,extab,757ef0
4c6650,cant,1
4c666c,inline,80a8b0b0
4c668c,cant,1
4c66a0,inline,8006abb0
4c6748,inline,80aab0b0
4c677c,inline,80a8b0b0
4c693c,inline,8006d2ab
4c6a70,inline,8006d0ab
4c6b60,inline,80aab0b0
4c6ba8,inline,80aeb0b0
4c6e60,inline,80aab0b0
4c6f24,cant,1
4c6f74,inline,80aab0b0
4c71e0,cant,1
4c71f8,inline,80aab0b0
4c72b4,inline,80d4a8b0
4c7370,inline,80aab0b0
4c74a4,cant,1
4c7538,inline,80aab0b0
4c75f4,extab,757ee4
4c7904,cant,1
4c791c,inline,8006d1ad
4c79d4,extab,757ed8
4c7d28,inline,8006d2ab
4c7e5c,inline,80aab0b0
4c7e98,inline,8006d2ab
4c8100,inline,80d0aab0
4c8338,inline,80aab0b0
4c8430,cant,1
4c8548,inline,800aadb0
4c8d90,inline,80a8b0b0
4c8db8,inline,80008400
4c8dd8,inline,8003d0a8
4c8eb0,inline,80acb0b0
4c8f4c,cant,1
4c8f54,inline,8000a9b0
4c8f90,inline,801aabb0
4c9024,inline,80aab0b0
4c9058,inline,80a8b0b0
4c908c,cant,1
4c9090,inline,80008400
4c90b0,inline,8003d0a8
4c9188,inline,80acb0b0
4c9224,cant,1
4c922c,inline,8000a9b0
4c9268,inline,801aabb0
4c92fc,cant,1
4c9300,inline,80a8b0b0
4c9320,inline,80aab0b0
4c9354,inline,80a8b0b0
4c9388,cant,1
4c938c,inline,80008400
4c93ac,inline,8003d0a8
4c94ac,inline,80acb0b0
4c9548,cant,1
4c9550,inline,8000a9b0
4c958c,inline,801aabb0
4c9620,cant,1
4c9624,inline,80a8b0b0
4c9644,inline,80aab0b0
4c9678,inline,80a8b0b0
4c96ac,cant,1
4c96b0,inline,80008400
4c96d0,inline,8003d0a8
4c97d0,inline,80acb0b0
4c986c,cant,1
4c9874,inline,8000a9b0
4c98b0,inline,801aabb0
4c9944,cant,1
4c9948,inline,80a8b0b0
4c9968,inline,80aab0b0
4c999c,inline,80a8b0b0
4c99d0,cant,1
4c99d4,inline,80008400
4c99f4,inline,8003d0a8
4c9af4,inline,80acb0b0
4c9b90,cant,1
4c9b98,inline,8000a9b0
4c9bd4,inline,801aabb0
4c9c68,cant,1
4c9c6c,inline,80a8b0b0
4c9c8c,inline,80aab0b0
4c9cc0,inline,80a8b0b0
4c9cf4,cant,1
4c9cf8,inline,80008400
4c9d18,inline,8003d0a8
4c9e18,inline,80acb0b0
4c9eb4,cant,1
4c9ebc,inline,8000a9b0
4c9ef8,inline,801aabb0
4c9f8c,cant,1
4c9f90,inline,80a8b0b0
4c9fb0,inline,80aab0b0
4c9fe4,inline,80a8b0b0
4ca018,cant,1
4ca01c,inline,80008400
4ca03c,inline,8003d0a8
4ca13c,inline,80acb0b0
4ca1d8,cant,1
4ca1e0,inline,8000a9b0
4ca21c,inline,801aabb0
4ca2b0,cant,1
4ca2b4,inline,80a8b0b0
4ca2d4,inline,80aab0b0
4ca308,inline,80a8b0b0
4ca33c,cant,1
4ca340,inline,80008400
4ca360,inline,8003d0a8
4ca460,inline,80acb0b0
4ca4fc,cant,1
4ca504,inline,8000a9b0
4ca540,inline,801aabb0
4ca5d4,cant,1
4ca5d8,inline,80a8b0b0
4ca5f8,inline,80aab0b0
4ca62c,inline,80a8b0b0
4ca660,cant,1
4ca664,inline,80008400
4ca684,inline,8003d0a8
4ca784,inline,80acb0b0
4ca820,cant,1
4ca828,inline,8000a9b0
4ca864,inline,801aabb0
4ca8f8,cant,1
4ca8fc,inline,80a8b0b0
4ca91c,inline,80aab0b0
4ca950,inline,80a8b0b0
4ca984,cant,1
4ca988,inline,80008400
4ca9a8,inline,8003d0a8
4caa80,inline,80acb0b0
4cab1c,cant,1
4cab24,inline,8000a9b0
4cab60,inline,801aabb0
4cabf4,inline,8016abb0
4cac88,cant,1
4cac8c,inline,80a8b0b0
4cacac,inline,80aab0b0
4cace0,inline,80a8b0b0
4cad14,cant,1
4cad18,inline,80008400
4cad38,inline,8003d0a8
4cae10,inline,80acb0b0
4caeac,cant,1
4caeb4,inline,8000a9b0
4caef0,inline,801aabb0
4caf84,inline,8016abb0
4cb018,cant,1
4cb01c,inline,80a8b0b0
4cb03c,inline,80aab0b0
4cb070,inline,80a8b0b0
4cb0a4,cant,1
4cb0a8,inline,80008400
4cb0c8,inline,8003d0a8
4cb1a0,inline,80acb0b0
4cb23c,cant,1
4cb244,inline,8000a9b0
4cb280,inline,801aabb0
4cb314,inline,8016abb0
4cb3a8,cant,1
4cb3ac,inline,80a8b0b0
4cb3cc,inline,80aab0b0
4cb400,inline,80a8b0b0
4cb434,cant,1
4cb438,inline,80008400
4cb458,inline,8003d0a8
4cb530,inline,80acb0b0
4cb5cc,cant,1
4cb5d4,inline,8000a9b0
4cb610,inline,801aabb0
4cb6a4,inline,8016abb0
4cb738,cant,1
4cb73c,inline,80a8b0b0
4cb75c,inline,80aab0b0
4cb790,inline,80a8b0b0
4cb7c4,cant,1
4cb7c8,inline,80008400
4cb7e8,inline,8003d0a8
4cb8c0,inline,80acb0b0
4cb95c,cant,1
4cb964,inline,8000a9b0
4cb9a0,inline,801aabb0
4cba34,inline,8016abb0
4cbac8,cant,1
4cbacc,inline,80a8b0b0
4cbaec,inline,80aab0b0
4cbb20,inline,80a8b0b0
4cbb54,cant,1
4cbb58,inline,80008400
4cbb78,inline,8003d0a8
4cbc50,inline,80acb0b0
4cbcec,cant,1
4cbcf4,inline,8000a9b0
4cbd30,inline,801aabb0
4cbdc4,inline,8016abb0
4cbe58,cant,1
4cbe5c,inline,80a8b0b0
4cbe7c,inline,80aab0b0
4cbeb0,inline,80a8b0b0
4cbee4,cant,1
4cbee8,inline,80008400
4cbf08,inline,8003d0a8
4cbfe0,inline,80acb0b0
4cc07c,cant,1
4cc084,inline,8000a9b0
4cc0c0,inline,801aabb0
4cc154,inline,8016abb0
4cc1e8,cant,1
4cc1ec,inline,80a8b0b0
4cc20c,inline,80aab0b0
4cc240,inline,80a8b0b0
4cc274,cant,1
4cc278,inline,80008400
4cc298,inline,8003d0a8
4cc370,inline,80acb0b0
4cc40c,cant,1
4cc414,inline,8000a9b0
4cc450,inline,801aabb0
4cc4e4,inline,8016abb0
4cc578,cant,1
4cc57c,inline,80a8b0b0
4cc59c,inline,80aab0b0
4cc5d0,inline,80a8b0b0
4cc604,cant,1
4cc608,inline,80008400
4cc628,inline,8003d0a8
4cc700,inline,80acb0b0
4cc79c,cant,1
4cc7a4,inline,8000a9b0
4cc7e0,inline,801aabb0
4cc874,inline,8016abb0
4cc908,cant,1
4cc90c,inline,80a8b0b0
4cc92c,inline,80aab0b0
4cc960,inline,80a8b0b0
4cc994,cant,1
4cc998,inline,80008400
4cc9b8,inline,8003d0a8
4cca90,inline,80acb0b0
4ccb2c,cant,1
4ccb34,inline,8000a9b0
4ccb70,inline,801aabb0
4ccc04,inline,8005aab0
4ccca0,inline,8016abb0
4ccd50,cant,1
4ccd54,inline,80a8b0b0
4ccd74,inline,80aab0b0
4ccda8,inline,80a8b0b0
4ccddc,cant,1
4ccde0,inline,80008400
4cce00,inline,8003d0a8
4cced8,inline,80acb0b0
4ccf74,cant,1
4ccf7c,inline,8000a9b0
4ccfb8,inline,801aabb0
4cd04c,inline,8005aab0
4cd0e8,inline,8016abb0
4cd198,cant,1
4cd19c,inline,80a8b0b0
4cd1bc,inline,80aab0b0
4cd1f0,inline,80a8b0b0
4cd224,cant,1
4cd228,inline,80008400
4cd248,inline,8003d0a8
4cd320,inline,80acb0b0
4cd3bc,cant,1
4cd3c4,inline,8000a9b0
4cd400,inline,801aabb0
4cd494,inline,8005aab0
4cd530,inline,8016abb0
4cd5e0,cant,1
4cd5e4,inline,80a8b0b0
4cd604,inline,80aab0b0
4cd638,inline,80a8b0b0
4cd66c,cant,1
4cd670,inline,80008400
4cd690,inline,8003d0a8
4cd768,inline,80acb0b0
4cd804,cant,1
4cd80c,inline,8000a9b0
4cd848,inline,801aabb0
4cd8dc,inline,8005aab0
4cd978,inline,8016abb0
4cda28,cant,1
4cda2c,inline,80a8b0b0
4cda4c,inline,80aab0b0
4cda80,inline,80a8b0b0
4cdab4,cant,1
4cdab8,inline,80008400
4cdad8,inline,8003d0a8
4cdbb0,inline,80acb0b0
4cdc4c,cant,1
4cdc54,inline,8000a9b0
4cdc90,inline,801aabb0
4cdd24,inline,8005aab0
4cddc0,inline,8016abb0
4cde70,cant,1
4cde74,inline,80a8b0b0
4cde94,inline,80aab0b0
4cdec8,inline,80a8b0b0
4cdefc,cant,1
4cdf00,inline,80008400
4cdf20,inline,8003d0a8
4cdff8,inline,80acb0b0
4ce094,cant,1
4ce09c,inline,8000a9b0
4ce0d8,inline,801aabb0
4ce16c,inline,8005aab0
4ce208,inline,8016abb0
4ce2b8,cant,1
4ce2bc,inline,80a8b0b0
4ce2dc,inline,80aab0b0
4ce310,inline,80a8b0b0
4ce344,cant,1
4ce348,inline,80008400
4ce368,inline,8003d0a8
4ce440,inline,80acb0b0
4ce4dc,cant,1
4ce4e4,inline,8000a9b0
4ce520,inline,801aabb0
4ce5b4,inline,8005aab0
4ce650,inline,8016abb0
4ce700,cant,1
4ce704,inline,80a8b0b0
4ce724,inline,80aab0b0
4ce758,inline,80a8b0b0
4ce78c,cant,1
4ce790,inline,80008400
4ce7b0,inline,8003d0a8
4ce888,inline,80acb0b0
4ce924,cant,1
4ce92c,inline,8000a9b0
4ce968,inline,801aabb0
4ce9fc,inline,8005aab0
4cea98,inline,8016abb0
4ceb48,cant,1
4ceb4c,inline,80a8b0b0
4ceb6c,inline,80aab0b0
4ceba0,inline,80a8b0b0
4cebd4,cant,1
4cebd8,inline,80008400
4cebf8,inline,8003d0a8
4cecd0,inline,80acb0b0
4ced6c,cant,1
4ced74,inline,8000a9b0
4cedb0,inline,801aabb0
4cee44,inline,8005aab0
4ceee0,inline,8016abb0
4cef90,cant,1
4cef94,inline,80a8b0b0
4cefb4,inline,80aab0b0
4cefe8,inline,80a8b0b0
4cf01c,inline,80acb0b0
4cf190,inline,8006d2ad
4cf30c,inline,8010d1af
4cf8ac,inline,800baab0
4cfa9c,inline,8006d2ad
4cfc18,inline,8005aeb0
4cfd98,inline,8006d2ad
4d0090,inline,80aab0b0
4d0200,inline,80a8b0b0
4d0210,inline,80acb0b0
4d0434,inline,8002d0af
4d08e4,inline,80a8b0b0
4d0de0,inline,80aab0b0
4d0f68,inline,8006a9b0
4d11e0,inline,8002adb0
4d144c,inline,80aeb0b0
4d14e8,cant,1
4d14f4,inline,80acb0b0
4d1698,extab,757f18
4d1770,cant,1
4d1784,inline,80a8b0b0
4d1794,cant,1
4d17ec,inline,80aab0b0
4d18b4,cant,1
4d18f4,inline,80a8b0b0
4d1928,inline,8000adb0
4d1bf8,inline,8002afb0
4d242c,inline,8000abb0
4d28d4,inline,80a8b0b0
4d29ec,cant,1
4d2a94,inline,8006abb0
4d2bb4,inline,80b26eaf
4d3064,cant,1
4d30b4,inline,8012afb0
4d3200,inline,803f02ab
4d3324,extab,75b294
4d3450,cant,1
4d3458,inline,80048400
4d34b8,inline,80aab0b0
4d351c,extab,75b288
4d39b4,inline,803faeb0
4d3b54,cant,1
4d3bb4,inline,8012afb0
4d3d54,inline,8003aab0
4d3f5c,extab,75b270
4d426c,cant,1
4d4284,inline,80aab0b0
4d42d0,cant,1
4d42e8,extab,75b2a4
4d43bc,inline,80a8b0b0
4d43d4,cant,1
4d43ec,inline,8006afb0
4d45a8,inline,80a8b0b0
4d45f8,inline,8004afb0
4d4718,inline,80048400
4d4778,inline,80a8b0b0
4d47a0,inline,80a9b0b0
4d47fc,inline,8006a9b0
4d4864,inline,8002abb0
4d4a10,inline,8005a8b0
4d4ad8,inline,8007acb0
4d4c40,inline,8020a9b0
4d4c98,inline,80acb0b0
4d4f20,inline,80adb0b0
4d4ff0,inline,8002abb0
4d5150,inline,8000afb0
4d5250,extab,75b260
4d532c,cant,1
4d533c,inline,8007acb0
4d5604,cant,1
4d563c,inline,8010afb0
4d5928,inline,80a8b0b0
4d59b0,cant,1
4d5a08,inline,80a8b0b0
4d5a60,cant,1
4d5aa4,inline,80a8b0b0
4d5ad4,cant,1
4d5b28,inline,80abb0b0
4d5c58,inline,80aeb0b0
4d5ebc,cant,1
4d5f58,inline,8008abb0
4d6138,inline,8007acb0
4d64f8,inline,80a8b0b0
4d6550,inline,80048400
4d6594,cant,1
4d659c,inline,8014afb0
4d6920,inline,80aab0b0
4d6990,inline,8004abb0
4d6ec8,cant,1
4d6ee8,inline,8008a9b0
4d6ff8,inline,80048400
4d7058,inline,8003a8b0
4d7104,inline,80aab0b0
4d7134,inline,8006adb0
4d73bc,inline,80acb0b0
4d7444,inline,80aab0b0
4d761c,inline,8010adb0
4d7870,inline,80a8b0b0
4d78c8,inline,8000a9b0
4d7928,inline,8005aeb0
4d7c80,inline,8005a8b0
4d7d74,inline,80a8b0b0
4d7d98,inline,80aab0b0
4d7e3c,cant,1
4d7e50,inline,8000adb0
4d7f3c,inline,80acb0b0
4d7f9c,cant,1
4d7fdc,inline,80a8b0b0
4d8014,inline,8003a8b0
4d8088,inline,80a8b0b0
4d80c0,inline,8003a8b0
4d8180,extab,75b2d0
4d8214,cant,1
4d821c,inline,800cadb0
4d83b0,inline,800eafb0
4d8924,cant,1
4d894c,inline,8006a9b0
4d89c8,cant,1
4d89d0,inline,80a8b0b0
4d89f8,cant,1
4d8a0c,inline,8001aab0
4d8e84,inline,80a8b0b0
4d8f0c,inline,8003a8b0
4d8fa0,inline,80a8b0b0
4d8fc8,inline,8002abb0
4d9158,inline,8008a9b0
4d9224,inline,800cafb0
4d96cc,inline,8006adb0
4d9b74,inline,8007aab0
4d9e78,extab,75b2c0
4da24c,cant,1
4da260,inline,8000afb0
4da388,cant,1
4da3a8,extab,75b2b0
4da4d0,cant,1
4da4e4,inline,80a8b0b0
4da4f4,inline,80aab0b0
4da5fc,cant,1
4da658,inline,80aab0b0
4da7f4,cant,1
4da7fc,inline,8000afb0
4daa34,cant,1
4daa3c,inline,80a9b0b0
4dab74,cant,1
4dab7c,inline,800cafb0
4db308,cant,1
4db328,inline,8000afb0
4db73c,inline,80a8b0b0
4db770,cant,1
4db7c4,inline,8001acb0
4dca8c,cant,1
4dca94,inline,80aeb0b0
4dcd5c,inline,80acb0b0
4dcf30,extab,7510c8
4dd284,cant,1
4dd2e4,extab,751108
4dd350,cant,1
4dd3b0,extab,7510e8
4dd418,cant,1
4dd478,inline,80aab0b0
4dd548,inline,80acb0b0
4dd8a4,inline,8000adb0
4ddbf4,inline,8002afb0
4de0a0,inline,80aab0b0
4de1e8,inline,80a8b0b0
4de1f8,cant,1
4df394,inline,80aab0b0
4df3ec,inline,80a8b0b0
4df458,cant,1
4df464,inline,80d0aab0
4df50c,cant,1
4df510,inline,80a8b0b0
4df560,cant,1
4dffc8,inline,80aab0b0
4e00d4,cant,1
4e0128,inline,8000abb0
4e017c,inline,80a8b0b0
4e0198,cant,1
4e7688,inline,80008400
4e76b8,inline,80a8b0b0
4e76c8,extab,760374
4e770c,cant,1
4e7df0,inline,80008400
4e7e1c,cant,1
4e7e54,inline,80a8b0b0
4e7e64,extab,74c5a8
4e7ea0,cant,1
4e7f68,inline,80008400
4e7f98,inline,80a8b0b0
4e7fa8,extab,76035c
4e7fe4,cant,1
4f4b00,extab,74f3d4
4f4b28,cant,1
4f54b4,extab,74bd5c
4f54dc,cant,1
4f5598,inline,80a8b0b0
4f55b0,cant,1
4f61f8,extab,75f424
4f6220,cant,1
531b20,inline,80a8b0b0
531ba8,cant,1
532064,inline,80a8b0b0
5320b8,cant,1
5323cc,inline,80a8b0b0
532440,cant,1
542b54,inline,80d1aab0
542c20,inline,80a8b0b0
542c30,cant,1
5430d4,extab,75f200
5431b0,cant,1
5432b8,inline,80aab0b0
5432f8,cant,1
54330c,extab,75f210
5433b4,cant,1
5433d4,extab,75f238
5433fc,cant,1
543410,extab,75f228
543438,cant,1
544c04,extab,75bcf8
544c38,cant,1
5454cc,inline,80aab0b0
545550,cant,1
547fd8,inline,80aab0b0
548024,cant,1
54b3ec,extab,75f138
54b534,cant,1
54b570,inline,8000a9b0
54b5fc,extab,75f1b8
54b764,cant,1
54b7a0,extab,755a78
54b808,cant,1
54b80c,extab,750850
54b86c,cant,1
54b880,extab,75f1d8
54c068,cant,1
54c088,extab,75f158
54c1e8,cant,1
54c214,extab,75f198
54c258,cant,1
54c290,extab,75f178
54c2d0,cant,1
54c304,inline,80a8b0b0
54c334,cant,1
54f460,inline,80aab0b0
54f49c,cant,1
56b138,inline,80008400
56b1a8,cant,1
56b1d0,inline,800aafb0
56b6d0,inline,80acb0b0
56b7d0,inline,8002afb0
56bc3c,extab,75c870
56bfc0,cant,1
56bfd4,inline,80a8b0b0
56bfe8,cant,1
56c024,inline,80aab0b0
56c060,cant,1
56c064,inline,80a8b0b0
56c0a0,extab,75dba8
56c208,cant,1
56c24c,extab,75dc20
56c720,cant,1
56c780,extab,75dd70
56c7d0,cant,1
56c7fc,extab,75dd60
56c848,cant,1
56c874,extab,75dc70
56c890,cant,1
56c8a4,extab,75dc60
56c8c0,cant,1
56c8d4,extab,75dd50
56c924,cant,1
56c950,extab,75dd40
56c99c,cant,1
56c9c8,inline,80a8b0b0
56c9e0,cant,1
56c9fc,extab,75e104
56ca4c,cant,1
56ca80,extab,75e0ec
56cabc,cant,1
56cb08,extab,75e2a4
56cd7c,cant,1
56cd90,extab,75e274
56ce00,cant,1
56ce58,extab,75e244
56cec4,cant,1
56cf10,extab,75e0ac
56cf2c,cant,1
56cf40,inline,80a8b0b0
56cf90,cant,1
56cfa8,extab,75dde0
56d460,cant,1
56d538,extab,75e1fc
56d820,cant,1
56d87c,inline,80a8b0b0
56d88c,extab,75e1a4
56d964,cant,1
56da04,extab,75e09c
56da20,cant,1
56da38,extab,75e184
56da6c,cant,1
56da98,extab,75e164
56dacc,cant,1
56daf8,extab,75e0d4
56db48,cant,1
56db7c,extab,75e0bc
56dbb8,cant,1
56dbf0,extab,75e7b4
56de40,cant,1
56de8c,extab,75e77c
56df20,cant,1
56df8c,extab,75e744
56e01c,cant,1
56e07c,extab,75e72c
56e0a4,cant,1
56e0c4,extab,75e714
56e0ec,cant,1
56e114,inline,80a8b0b0
56e1b8,cant,1
56e814,inline,80aab0b0
56e8d4,cant,1
56e8ec,extab,7603f4
56eb0c,cant,1
56eb20,extab,760434
56ecec,cant,1
56ed00,extab,760408
56ef88,cant,1
56efc8,extab,75d9f8
56efe8,cant,1
56effc,inline,80a8b0b0
56f080,extab,75daa8
56f674,cant,1
56f6b8,extab,75da78
56f73c,cant,1
56f79c,extab,75da48
56f81c,cant,1
56f870,extab,75da28
56f8a4,cant,1
56f8d0,extab,75da08
56f904,cant,1
56f930,extab,75868c
56fa44,cant,1
56faa0,inline,80acb0b0
56fadc,cant,1
56fb2c,inline,80acb0b0
56fb68,cant,1
56fbac,inline,80acb0b0
56fbe8,extab,74d55c
56fdf4,cant,1
56fe3c,extab,75e594
56fe98,cant,1
56feb0,extab,75e584
56fedc,cant,1
56fef4,inline,80d0acb0
56ffec,extab,75e5f4
57051c,cant,1
57059c,extab,75e5dc
5705f4,cant,1
570620,extab,75e5c4
570678,cant,1
5706a4,inline,80a8b0b0
5706e0,extab,75e5ac
570708,cant,1
570728,extab,75e56c
570750,cant,1
570770,extab,7584f0
5707d8,cant,1
5707e0,extab,758434
570850,cant,1
570990,inline,8003d2ae
570c10,extab,74a15c
570e08,cant,1
5711b4,inline,80a8b0b0
5711dc,cant,1
57126c,inline,80a8b0b0
571294,cant,1
5712bc,inline,80a8b0b0
5712e4,cant,1
57133c,inline,80aab0b0
57138c,cant,1
57140c,extab,75e8bc
5716f0,cant,1
571740,extab,75ea8c
571794,cant,1
5717b4,extab,75e954
571800,cant,1
571820,inline,80a8b0b0
57184c,extab,75e964
571874,cant,1
571894,extab,75e93c
5718bc,cant,1
5718dc,extab,75eaec
571b38,cant,1
571b68,extab,75eac4
571c18,cant,1
571c74,extab,75ea9c
571d2c,cant,1
571d90,inline,8002d0ab
571e30,extab,752d20
571e90,cant,1
571ea4,inline,80d0aab0
571fa0,cant,1
571fd8,inline,80acb0b0
572028,cant,1
572bd4,inline,8000a9b0
572c24,inline,80a8b0b0
572c80,inline,80008400
572ca0,cant,1
572cac,inline,80a8b0b0
572cf8,inline,80008400
572d18,inline,80a8b0b0
572d28,inline,8000a9b0
572e34,inline,80a8b0b0
572e7c,inline,80008400
572f24,inline,8000afb0
57328c,extab,74bec4
5732f0,cant,1
573304,extab,74beb4
573358,cant,1
57336c,inline,80a8b0b0
5733a0,inline,80008400
573430,inline,803ea9b0
5734e0,inline,80a8b0b0
573524,inline,80008400
573564,inline,80a8b0b0
5735c0,inline,80008400
573674,inline,8000adb0
573c24,extab,74be24
573ca8,cant,1
573cbc,extab,74be14
573d34,cant,1
573d48,inline,8005acb0
573f40,extab,74bdc4
573f84,cant,1
573f98,extab,74bdb4
573fd0,cant,1
573fe4,inline,80a8b0b0
574060,inline,80008400
574080,inline,80a8b0b0
574090,inline,8000a9b0
574110,inline,80a8b0b0
574120,inline,8000a9b0
5741a0,inline,80a8b0b0
5741b0,inline,8000a9b0
5741e8,cant,1
5741ec,inline,80a8b0b0
574238,inline,80008400
574258,cant,1
574264,inline,80a8b0b0
5742a8,inline,80008400
5742c8,inline,80a8b0b0
5742d8,inline,80008400
574368,inline,8000adb0
5746c4,extab,74bea4
57472c,cant,1
574740,extab,74be94
57479c,cant,1
5747b0,inline,8000abb0
574854,inline,8000a9b0
574914,extab,74bde4
574958,cant,1
57496c,extab,74bdd4
5749a4,cant,1
5749b8,inline,80acb0b0
574a5c,inline,8000a9b0
574ad0,extab,74be04
574b14,cant,1
574b28,extab,74bdf4
574b60,cant,1
574b74,inline,8006abb0
574db8,inline,80008400
574e10,inline,8000a9b0
574e3c,inline,8000adb0
574f58,extab,74be64
574f9c,cant,1
574fb0,extab,74be54
574fe8,cant,1
574ffc,inline,8000a9b0
5750fc,inline,80a8b0b0
57514c,inline,80008400
5751a4,inline,8000a9b0
5751d0,inline,8000d0ab
57538c,inline,80a8b0b0
5753dc,inline,80008400
5753fc,cant,1
575408,inline,80a8b0b0
575458,inline,80008400
5754e0,inline,8000abb0
575694,extab,74be44
5756e0,cant,1
5756f4,extab,74be34
575734,cant,1
575748,inline,80a8b0b0
57577c,inline,80008400
57579c,inline,80a8b0b0
575874,inline,80acb0b0
5758ec,inline,8000adb0
575a28,inline,80a8b0b0
575a38,inline,8000abb0
575b0c,extab,74be84
575b50,cant,1
575b64,extab,74be74
575b9c,cant,1
575bb0,inline,80a8b0b0
575be4,inline,80008400
575c94,inline,8000a9b0
575d34,inline,80a8b0b0
575d44,inline,803daab0
575e1c,inline,80008400
575f40,inline,803da8b0
575f88,inline,80a8b0b0
575f98,inline,8000a9b0
576070,inline,80a8b0b0
576080,cant,1
576084,inline,80a8b0b0
576094,inline,8006afb0
5764e4,cant,1
576590,inline,8000abb0
576684,extab,75c8c0
5768e8,cant,1
5768f0,inline,80a8b0b0
576900,inline,80acb0b0
576988,cant,1
5769a4,inline,80aab0b0
5769e0,cant,1
576a08,inline,80a8b0b0
576b94,extab,751f54
576bf4,cant,1
576c60,inline,8004afb0
576d70,inline,80acb0b0
576db4,cant,1
576ddc,inline,80a8b0b0
576e18,cant,1
576e24,inline,8000adb0
576ffc,inline,80aab0b0
577064,inline,80a8b0b0
5770d4,inline,80acb0b0
57722c,inline,80aab0b0
577448,inline,8002a9b0
577578,inline,80aab0b0
5775b0,inline,80a8b0b0
577604,extab,75c784
577678,cant,1
57768c,extab,75c7a4
5776dc,cant,1
5776f0,extab,75c794
577738,cant,1
577aa0,inline,80008400
577ad4,cant,1
577aec,inline,80008400
577b20,cant,1
577b70,inline,80a8b0b0
577b98,cant,1
577bcc,inline,80008400
577bfc,extab,758168
577d24,inline,8004afb0
578204,cant,1
58d630,inline,80a8b0b0
58d674,cant,1
59a788,inline,80aab0b0
59a7c4,cant,1
59cadc,inline,80d2a8b0
59cb30,cant,1
59ceb4,inline,80a8b0b0
59ced0,cant,1
5a045c,extab,74ba2c
5a0490,cant,1
5a4e8c,inline,80a8b0b0
5a4ebc,cant,1
5ad754,extab,75b560
5ad7cc,cant,1
5ad804,extab,75b588
5ad844,cant,1
5b1be0,inline,80a8b0b0
5b1bf4,cant,1
5b27a8,extab,74ce30
5b27c4,cant,1
5b28a8,inline,80a8b0b0
5b28bc,cant,1
5b2ca0,inline,80a8b0b0
5b2cb4,cant,1
5b340c,inline,80a8b0b0
5b3420,cant,1
5b5aac,inline,80a8b0b0
5b5ac0,cant,1
5b98b4,extab,74b3e8
5b98d0,cant,1
5ba7b8,inline,80a8b0b0
5ba7f4,cant,1
5ba818,inline,80acb0b0
5ba90c,inline,80aab0b0
5ba954,extab,75c7e4
5ba9c4,cant,1
5baa20,inline,80a8b0b0
5baa44,cant,1
5baa4c,inline,80a8b0b0
5baad0,extab,75c7d4
5bab24,cant,1
5bab38,extab,75c7c4
5bab84,cant,1
5bab98,inline,80a8b0b0
5bac6c,inline,8003a8b0
5bad40,cant,1
5bae0c,inline,80acb0b0
5bae94,extab,75ed0c
5bb18c,cant,1
5bb1c4,inline,80a8b0b0
5bb228,extab,75ecfc
5bb46c,cant,1
5bb488,inline,80a8b0b0
5bb578,cant,1
5bb590,extab,75ec1c
5bb668,cant,1
5bb6dc,extab,75ecb4
5bb758,cant,1
5bb7c0,extab,75ec6c
5bb83c,cant,1
5bb8a4,inline,80a8b0b0
5bb940,cant,1
5bb95c,extab,75ebe4
5bbaa0,cant,1
5bbb14,inline,80a8b0b0
5bbb9c,cant,1
5bbc14,inline,80aab0b0
5bbcb8,extab,75ec04
5bbd60,cant,1
5bbd74,inline,8004abb0
5bbef8,cant,1
5bbf18,extab,75eb74
5bbfec,cant,1
5bc020,extab,75ebbc
5bc09c,cant,1
5bc0dc,extab,75eb94
5bc150,cant,1
5bc198,inline,80a8b0b0
5bc1d8,inline,80acb0b0
5bc2e0,cant,1
5bc2f8,inline,80a8b0b0
5bc360,inline,8000afb0
5bc47c,extab,75c7f4
5bc55c,cant,1
5bc570,inline,8000afb0
5bc688,cant,1
5bc75c,inline,8003a8b0
5bc7b8,inline,80acb0b0
5bc80c,inline,80a8b0b0
5bc8c0,cant,1
5bc9d4,inline,80a8b0b0
5bca20,extab,75cdac
5bcaf8,cant,1
5bccac,inline,80a8b0b0
5bccd4,inline,8010afb0
5bd308,inline,80a8b0b0
5bd33c,extab,75cd9c
5bd3b4,cant,1
5bd3d0,inline,80a8b0b0
5bd3f0,cant,1
5bd4fc,inline,8001d0ac
5bd578,cant,1
5bd694,inline,8004afb0
5bd910,inline,80aab0b0
5bda74,cant,1
5bda7c,inline,80acb0b0
5bdb0c,cant,1
5bdb1c,inline,80a8b0b0
5bdb2c,inline,8002adb0
5bdffc,cant,1
5be004,inline,80acb0b0
5be11c,inline,80a8b0b0
5be194,inline,8001aab0
5be294,cant,1
5be2e8,inline,80aab0b0
5be388,extab,75fba8
5be530,cant,1
5be59c,extab,75fb70
5be744,cant,1
5be7b0,inline,80a8b0b0
5be7c0,extab,75fbe0
5be898,cant,1
5be8f4,inline,80a8b0b0
5be9ac,cant,1
5bea44,inline,80a8b0b0
5bead0,cant,1
5beafc,inline,80aab0b0
5beba8,cant,1
5bebc8,inline,80acb0b0
5bed38,cant,1
5bed5c,inline,80aab0b0
5bede8,inline,80a8b0b0
5bee1c,inline,80acb0b0
5bef1c,inline,8000abb0
5befb4,cant,1
5bf014,inline,80aab0b0
5bf098,inline,80a8b0b0
5bf148,cant,1
5bf1ec,inline,80d0aab0
5bf320,inline,80acb0b0
5bf38c,cant,1
5bf428,inline,80acb0b0
5bf4e8,cant,1
5bf54c,inline,80aeb0b0
5bf648,extab,760444
5bf750,inline,8008afb0
5bfbdc,inline,801eafb0
5bffa4,inline,80adb0b0
5c0064,inline,801eafb0
5c027c,cant,1
5c032c,inline,80a8b0b0
5c034c,cant,1
5c0610,inline,8006afb0
5c06b8,inline,80afb0b0
5c0748,inline,808400b0
5c0760,inline,80afb0b0
5c0848,inline,8006afb0
5c0a2c,inline,8002a9b0
5c0ad4,cant,1
5c0af4,inline,80aeb0b0
5c0bf8,inline,8004afb0
5c0d3c,cant,1
5c0d4c,inline,8002abb0
5c0e6c,cant,1
5c0e7c,inline,8002a9b0
5c0f24,inline,80aab0b0
5c0f68,inline,8002afb0
5c1044,inline,80aeb0b0
5c1184,inline,80acb0b0
5c1258,inline,80aab0b0
5c1290,inline,80aeb0b0
5c1378,inline,80a8b0b0
5c139c,extab,7603e4
5c13f0,cant,1
5c140c,extab,7603d4
5c1458,cant,1
5c1480,inline,80a8b0b0
5c1498,cant,1
5c14a8,inline,80aab0b0
5c14dc,inline,80a8b0b0
5c150c,inline,80acb0b0
5c15b8,inline,80d1aab0
5c16c0,inline,80a8b0b0
5c1764,inline,80d1aab0
5c1850,cant,1
5c1884,inline,80d0a8b0
5c1954,inline,80d0aab0
5c1ad8,cant,1
5c1aec,inline,8003d0aa
5c1ba8,cant,1
5c1bb4,inline,80aab0b0
5c1d58,inline,80d1aab0
5c1ec8,inline,80a8b0b0
5c1f8c,inline,8005acb0
5c207c,inline,80acb0b0
5c217c,inline,8005acb0
5c2288,cant,1
5c22f0,inline,80acb0b0
5c23b4,inline,80a8b0b0
5c2464,inline,80acb0b0
5c250c,inline,80aab0b0
5c2578,inline,80a8b0b0
5c25e0,extab,75ca98
5c26b8,cant,1
5c26dc,extab,75caa8
5c27b8,cant,1
5c27c8,inline,80a8b0b0
5c2800,extab,75cac8
5c2850,cant,1
5c286c,extab,75cab8
5c28b8,cant,1
5c28d4,extab,75eb5c
5c29d8,cant,1
5c2b5c,inline,80aab0b0
5c2b8c,inline,80acb0b0
5c2c1c,inline,80aab0b0
5c2ca0,cant,1
5c2e2c,inline,80aab0b0
5c2ec0,inline,8001aeb0
5c2f7c,inline,80a8b0b0
5c2fb4,cant,1
5c2fc8,inline,80aab0b0
5c305c,cant,1
5c3088,extab,75eed0
5c31b4,cant,1
5c31cc,extab,75ef20
5c32c8,cant,1
5c32d8,inline,80a8b0b0
5c330c,cant,1
5c3310,inline,80aab0b0
5c33a4,cant,1
5c33a8,inline,80d0a8b0
5c3444,extab,75ef30
5c35a8,cant,1
5c35b4,inline,80acb0b0
5c3680,inline,80aab0b0
5c3728,extab,75ef00
5c3994,cant,1
5c39ac,extab,75ef40
5c39d4,cant,1
5c39dc,inline,80a8b0b0
5c3a5c,cant,1
5c3a68,inline,80a8b0b0
5c3af0,inline,80aab0b0
5c3b88,cant,1
5c3b90,extab,75eec0
5c3c5c,cant,1
5c3c64,extab,75eef0
5c3d2c,cant,1
5c3d34,extab,75eee0
5c3df8,cant,1
5c3e24,extab,74fb48
5c3ee4,cant,1
5c3eec,inline,80a8b0b0
5c3f08,cant,1
5c3f14,extab,74fb80
5c40a8,cant,1
5c41e0,extab,74fb68
5c4384,cant,1
5c438c,extab,74fb38
5c4448,cant,1
5c445c,inline,80d0a8b0
5c4578,inline,80a8b0b0
5c45b8,cant,1
5c45c8,inline,80d0a8b0
5c45fc,extab,74fb58
5c477c,cant,1
5c4784,inline,80d1acb0
5c4818,cant,1
5c4874,inline,80d0acb0
5c4a54,cant,1
5c4b08,inline,80aab0b0
5c4b44,inline,80d0a8b0
5c4c28,inline,80d2acb0
5c515c,extab,74fb28
5c5248,cant,1
5c525c,inline,80a8b0b0
5c5278,cant,1
5c528c,inline,8000d0ab
5c52d8,extab,75eff8
5c59bc,cant,1
5c59c4,extab,75efd8
5c5a70,cant,1
5c5a78,inline,80acb0b0
5c5ad8,inline,8000afb0
5c5cb0,cant,1
5c5cd8,inline,80a8b0b0
5c5d18,cant,1
5c5d48,inline,8002a9b0
5c5e00,cant,1
5c5e40,extab,75efa0
5c5fa4,cant,1
5c5fac,inline,80acb0b0
5c602c,inline,80aab0b0
5c6068,inline,80acb0b0
5c60ec,inline,80a8b0b0
5c613c,extab,75efe8
5c62f8,cant,1
5c6300,inline,80acb0b0
5c63b0,extab,75f024
5c6604,cant,1
5c6614,inline,8004afb0
5c6750,cant,1
5c67dc,inline,8000afb0
5c68f4,inline,80acb0b0
5c6984,inline,8000adb0
5c6ab8,cant,1
5c6ae0,inline,80acb0b0
5c6b48,extab,75f018
5c6c18,inline,80acb0b0
5c6c90,inline,8002afb0
5c6e84,cant,1
5c6eec,extab,75efb8
5c7378,cant,1
5c7490,extab,75ef70
5c7504,cant,1
5c750c,extab,75ef90
5c7574,cant,1
5c757c,extab,75ef80
5c75e4,cant,1
5c75ec,inline,80a8b0b0
5c760c,extab,74f87c
5c7798,cant,1
5c77ac,extab,74f8cc
5c7844,cant,1
5c784c,extab,74f8dc
5c78b0,cant,1
5c78b8,inline,80aab0b0
5c7910,cant,1
5c791c,inline,8003a8b0
5c7970,inline,80a8b0b0
5c7990,inline,800cd0a9
5c7ac4,cant,1
5c7b7c,inline,80a8b0b0
5c7bb4,cant,1
5c7c28,extab,74f88c
5c7cac,cant,1
5c7cb4,extab,74f8ac
5c7d44,cant,1
5c7d4c,extab,74f8bc
5c7da0,cant,1
5c7dac,extab,74f89c
5c8038,cant,1
5c8040,extab,74f86c
5c80bc,cant,1
5c80f0,inline,80a8b0b0
5c8120,cant,1
5c8154,inline,80a8b0b0
5c8190,extab,75f050
5c8220,cant,1
5c8234,extab,75f070
5c82e0,cant,1
5c82f4,extab,75f060
5c838c,cant,1
5c83a0,extab,74f824
5c83f4,cant,1
5c8524,extab,74f7f4
5c856c,cant,1
5c8574,extab,74f834
5c8818,cant,1
5c8838,extab,74f804
5c8884,cant,1
5c888c,extab,74f814
5c8928,cant,1
5c8930,inline,80d0aab0
5c8aa8,cant,1
5c8ab0,extab,74fb98
5c8c68,cant,1
5c8c70,inline,80aab0b0
5c8cd4,cant,1
5c8d2c,inline,80acb0b0
5c8d7c,inline,8001aab0
5c8e28,inline,80a8b0b0
5c8e40,inline,80d3aeb0
5c92d0,inline,80a8b0b0
5c931c,cant,1
5c933c,inline,8001aab0
5c93dc,inline,80a8b0b0
5c93f4,cant,1
5c95ec,inline,80a8b0b0
5c96b0,cant,1
5c96c0,extab,75ef50
5c970c,cant,1
5c9728,inline,80aab0b0
5c9774,extab,75ef60
5c9804,cant,1
5c987c,extab,750440
5c98b0,cant,1
5c98dc,extab,75f0c0
5c9a04,cant,1
5c9a18,inline,80a8b0b0
5c9a64,inline,80acb0b0
5c9abc,inline,80a8b0b0
5c9b1c,extab,75f080
5c9c28,cant,1
5c9c30,extab,75f0a8
5c9ca8,cant,1
5c9cbc,extab,75f090
5c9d30,cant,1
5c9ddc,extab,75f128
5c9e18,cant,1
5c9e20,extab,75f118
5ca000,cant,1
5ca008,extab,75f0e0
5ca104,cant,1
5ca114,extab,75f0d0
5ca1dc,cant,1
5ca1e4,extab,75f108
5ca2e0,cant,1
5ca2e8,extab,75f0f8
5ca3d4,cant,1
5ca3dc,inline,8003acb0
5ca470,inline,8003d1a8
5ca524,cant,1
5ca564,extab,751434
5ca780,cant,1
5ca980,inline,80a8b0b0
5ca9c0,cant,1
5ca9f4,inline,80a8b0b0
5caaf4,inline,8006a9b0
5cabf0,inline,803f23ac
5caf88,cant,1
5cafc8,inline,80a8b0b0
5cb000,inline,8005a8b0
5cb090,cant,1
5cb1e8,inline,80a8b0b0
5cb220,inline,800faab0
5cb47c,inline,80aab0b0
5cb4c4,inline,8004abb0
5cb6c8,inline,80a8b0b0
5cb758,cant,1
5cb76c,inline,802facb0
5cb8fc,inline,8000abb0
5cb978,inline,80aab0b0
5cb9c0,inline,803f02ab
5cbc1c,cant,1
5cbcc0,inline,80a8b0b0
5cbcf0,cant,1
5cbe40,inline,8003aab0
5cbf0c,inline,80aab0b0
5cbf64,cant,1
5cc008,inline,8008afb0
5cc31c,cant,1
5cc360,inline,80aab0b0
5cc3c0,inline,80a8b0b0
5cc404,cant,1
5cc4d0,inline,800eabb0
5cc680,inline,800eafb0
5ccca0,inline,80a8b0b0
5ccdf4,cant,1
5ccf08,inline,8000a9b0
5ccfa4,cant,1
5ccfc8,inline,80aab0b0
5cd0ac,extab,7513c0
5cd180,cant,1
5cd194,inline,80acb0b0
5cd218,inline,8000adb0
5cd314,cant,1
5cd51c,inline,80aeb0b0
5cd620,cant,1
5cd6f4,inline,803f1cad
5cd7e4,inline,80aab0b0
5cd834,cant,1
5cd9f8,inline,80aab0b0
5cdaa0,inline,8004abb0
5cdba8,cant,1
5cdc08,inline,80acb0b0
5cdca8,cant,1
5cdcb8,inline,8004abb0
5cdd48,inline,80028400
5cdd9c,inline,80aab0b0
5cdefc,cant,1
5cdf50,inline,80a8b0b0
5ce040,cant,1
5ce094,inline,80a8b0b0
5ce104,inline,800faab0
5ce224,inline,8000abb0
5ce270,cant,1
5ce2cc,inline,80a8b0b0
5ce308,cant,1
5ce32c,inline,80b26aaf
5ce6c4,inline,8018a9b0
5ce778,cant,1
5ce79c,inline,80a8b0b0
5ce814,cant,1
5ce904,inline,8034afb0
5cee4c,inline,80a8b0b0
5cee9c,inline,8004adb0
5cf000,cant,1
5cf014,inline,80acb0b0
5cf0e8,inline,80a8b0b0
5cf15c,inline,8000adb0
5cf2b8,cant,1
5cf344,inline,8000a9b0
5cf3b0,inline,80aab0b0
5cf42c,inline,80a8b0b0
5cf45c,cant,1
5cf474,inline,80a8b0b0
5cf514,cant,1
5cf714,inline,8006abb0
5cf7e0,inline,80aab0b0
5cf85c,cant,1
5cf86c,extab,751440
5cfaac,cant,1
5cfab4,inline,80aab0b0
5cfaf4,cant,1
5cfb04,inline,80aab0b0
5cfb58,inline,8006abb0
5cfc58,extab,7513d0
5cfee4,cant,1
5cfef8,inline,8000a9b0
5cff88,inline,8006a9b0
5d000c,inline,80a8b0b0
5d0064,cant,1
5d00cc,inline,80048400
5d00fc,inline,80a8b0b0
5d0168,inline,80068400
5d01ac,cant,1
5d01c8,inline,8002abb0
5d0260,inline,8000a9b0
5d02e8,cant,1
5d0358,inline,80aab0b0
5d03b0,cant,1
5d0558,inline,8000a9b0
5d05fc,cant,1
5d0620,inline,8005aab0
5d076c,cant,1
5d084c,inline,8001aab0
5d08fc,cant,1
5d092c,inline,80acb0b0
5d0974,inline,80a8b0b0
5d0a2c,cant,1
5d0a5c,inline,80a8b0b0
5d0a74,cant,1
5d0af4,inline,80acb0b0
5d0d54,inline,8021acb0
5d0e70,inline,8002adb0
5d0f68,cant,1
5d0fb4,inline,8010afb0
5d13f8,cant,1
5d1414,inline,80acb0b0
5d1470,cant,1
5d14ec,inline,80aab0b0
5d1554,cant,1
5d15c8,inline,8001a8b0
5d1610,cant,1
5d16a8,inline,80aab0b0
5d1704,inline,80a8b0b0
5d1730,inline,8000abb0
5d1794,inline,80a8b0b0
5d17c0,cant,1
5d196c,inline,8000abb0
5d19f0,cant,1
5d1aac,inline,80aab0b0
5d1b14,cant,1
5d1b30,inline,8001a8b0
5d1b78,cant,1
5d1c08,inline,80a8b0b0
5d1c5c,inline,80aab0b0
5d1cdc,cant,1
5d1d84,inline,8002abb0
5d1e18,cant,1
5d1e50,inline,80aab0b0
5d1f34,inline,8000a9b0
5d1f94,inline,8005acb0
5d203c,inline,80acb0b0
5d20a4,cant,1
5d20bc,extab,7513ec
5d2744,cant,1
5d283c,inline,8001a8b0
5d28c8,cant,1
5d2970,inline,80a8b0b0
5d299c,cant,1
5d29c0,inline,8008abb0
5d2b14,cant,1
5d2b30,inline,80aab0b0
5d2b94,inline,8002abb0
5d2c90,cant,1
5d2cc0,inline,8000a9b0
5d2d34,inline,80a8b0b0
5d2d70,inline,8000abb0
5d2dd0,inline,8004afb0
5d2fe8,inline,8039acb0
5d321c,cant,1
5d34a4,inline,80aab0b0
5d351c,cant,1
5d357c,extab,75141c
5d37f0,cant,1
5d3838,inline,80028400
5d3874,inline,8022adb0
5d39a4,cant,1
5d39dc,inline,8006a9b0
5d3a88,extab,751450
5d3c44,extab,751468
5d3d34,cant,1
5d3d90,inline,80aab0b0
5d3ddc,inline,80aeb0b0
5d3f2c,cant,1
5d3f80,inline,80a8b0b0
5d3fb8,cant,1
5d4064,inline,8000a9b0
5d40b8,cant,1
5d40c8,inline,8002afb0
5d4398,inline,8017acb0
5d457c,cant,1
5d45ac,inline,8000a9b0
5d4660,cant,1
5d4680,extab,751480
5d4744,inline,8004adb0
5d4880,inline,80a8b0b0
5d48a8,extab,75148c
5d4990,cant,1
5d49a4,extab,75145c
5d4b4c,inline,80acb0b0
5d4bd8,cant,1
5d4be8,extab,75149c
5d4d20,cant,1
5d4d30,inline,8004afb0
5d4f14,inline,8000a9b0
5d4f6c,cant,1
5d4f88,inline,8009acb0
5d517c,cant,1
5d518c,inline,8006afb0
5d53d4,cant,1
5d5410,inline,80a8b0b0
5d54c0,inline,800daeb0
5d571c,inline,8002afb0
5d58c0,cant,1
5d5980,inline,8000afb0
5d5b24,inline,80028400
5d5b60,cant,1
5d5bec,extab,74f8ec
5d5e20,cant,1
5d5e34,inline,80a8b0b0
5d5e4c,cant,1
5d5f58,inline,808400b0
5d5f70,inline,80aab0b0
5d5fb8,inline,80a9b0b0
5d5ff0,inline,80a8b0b0
5d6014,inline,80aab0b0
5d6104,inline,80a8b0b0
5d616c,cant,1
5d61f8,inline,80aab0b0
5d6248,cant,1
5d62f0,inline,80a8b0b0
5d6300,inline,80aab0b0
5d63c8,inline,80d1a8b0
5d641c,inline,80aab0b0
5d6444,inline,80a8b0b0
5d64cc,inline,80d0aab0
5d65a4,inline,8000a9b0
5d66b4,extab,75cad8
5d6738,cant,1
5d6758,extab,75caf0
5d6788,cant,1
5d67f0,inline,8002afb0
5d6b7c,cant,1
5d6c08,inline,80aab0b0
5d6c34,cant,1
5d6cfc,inline,80a8b0b0
5d6d18,cant,1
5d6d54,inline,80a8b0b0
5d6d94,cant,1
5d6dac,inline,80a8b0b0
5d6e0c,cant,1
5d6f04,extab,75c9d8
5d73ec,cant,1
5d742c,inline,8002afb0
5d7818,inline,80aab0b0
5d78b8,cant,1
5d795c,inline,80aab0b0
5d7a54,cant,1
5d7ac4,inline,80acb0b0
5d7c04,inline,80aab0b0
5d7d1c,inline,8002afb0
5d8298,extab,75c97c
5d84ec,inline,8001a8b0
5d854c,inline,8002afb0
5d87a4,inline,8001a8b0
5d880c,extab,75c954
5d89ac,cant,1
5d89f4,extab,75c9b0
5d8a48,cant,1
5d8a8c,extab,75c988
5d8adc,cant,1
5d8bb0,inline,8024afb0
5d8ea4,cant,1
5d8ee8,inline,80aab0b0
5d8fa0,cant,1
5d90f8,inline,80d1aeb0
5d91e0,inline,80acb0b0
5d92ac,inline,8004adb0
5d93e0,inline,80aab0b0
5d9490,cant,1
5d94dc,inline,80aeb0b0
5d959c,extab,75ca8c
5d9650,cant,1
5d9690,inline,80acb0b0
5d96ec,inline,80a8b0b0
5d9750,cant,1
5d9764,inline,80aab0b0
5d9830,cant,1
5d9860,inline,80acb0b0
5d9950,inline,8000adb0
5d99e8,inline,8016d1af
5da068,cant,1
5da0d4,inline,8003aeb0
5da258,cant,1
5da274,inline,80aab0b0
5da35c,extab,75ca68
5da504,inline,8004afb0
5da6dc,inline,80acb0b0
5da7b4,inline,80aab0b0
5da87c,extab,75ca80
5da940,inline,80008400
5da9b8,extab,75ca74
5dad64,inline,80d1a8b0
5dae38,cant,1
5daf84,inline,8003aeb0
5db0d0,inline,80aab0b0
5db198,inline,80a8b0b0
5db1dc,extab,75ca58
5db22c,cant,1
5db248,extab,75ca48
5db28c,cant,1
5db2cc,inline,80a8b0b0
5db35c,cant,1
5db474,inline,80008400
5db4a8,cant,1
5db4e8,inline,80008400
5db51c,cant,1
5db548,inline,8001a8b0
5db598,cant,1
5db698,inline,8003aab0
5db6f4,cant,1
5db714,inline,80028400
5db750,cant,1
5db774,inline,8005aab0
5db894,cant,1
5db8b8,inline,80acb0b0
5db934,inline,80aeb0b0
5dbb18,inline,80a8b0b0
5dbb28,inline,80aeb0b0
5dbc78,inline,80d0aab0
5dbd60,cant,1
5dbd80,inline,8002a9b0
5dbdd0,cant,1
5dbe00,extab,75cccc
5dbfac,cant,1
5dc018,extab,75cd4c
5dc090,cant,1
5dc0ec,extab,75cd14
5dc160,cant,1
5dc1b0,inline,8002a9b0
5dc348,extab,75ce04
5dc46c,cant,1
5dc47c,inline,8000abb0
5dc610,cant,1
5dc614,inline,8001aab0
5dc760,inline,80acb0b0
5dc824,inline,80a8b0b0
5dc8a8,cant,1
5dc8ec,inline,80a8b0b0
5dc8fc,inline,8000abb0
5dcc04,cant,1
5dcd60,inline,80acb0b0
5dcddc,inline,8006abb0
5dcfe4,inline,8004a9b0
5dd0e4,inline,80acb0b0
5dd254,cant,1
5dd25c,inline,80a8b0b0
5dd2e8,cant,1
5dd2f8,inline,80aab0b0
5dd404,extab,75cdbc
5dd57c,cant,1
5dd5ac,extab,75cdec
5dd5fc,cant,1
5dd620,extab,75cdd4
5dd668,cant,1
5dd688,inline,80aab0b0
5dd704,cant,1
5dd710,inline,80a8b0b0
5dd724,inline,80aab0b0
5dd770,inline,80a8b0b0
5dd7d4,cant,1
5dd7e4,inline,8003d3ac
5dd8fc,extab,75d820
5dd9b4,cant,1
5dd9e8,extab,75d710
5ddf88,cant,1
5ddff0,inline,80d0a8b0
5de058,extab,75d6a8
5de490,cant,1
5de528,inline,80aab0b0
5de58c,extab,75d688
5de7e4,cant,1
5de828,extab,75d800
5de8f4,cant,1
5de92c,extab,75d7e0
5de9f4,cant,1
5dea5c,extab,75ce34
5dea94,cant,1
5deabc,extab,75ce1c
5deaf4,cant,1
5deb48,inline,8004d0ab
5dedd8,inline,80aab0b0
5defc0,cant,1
5df000,inline,80acb0b0
5df08c,inline,80a8b0b0
5df0d8,inline,80aab0b0
5df1a4,cant,1
5df21c,inline,80acb0b0
5df298,inline,80aab0b0
5df2c8,inline,80acb0b0
5df344,cant,1
5df3a0,inline,80d0acb0
5df470,inline,8004d0ad
5df578,inline,80acb0b0
5df6b0,inline,80a8b0b0
5df70c,extab,75ce5c
5df748,cant,1
5df764,extab,75ce4c
5df79c,cant,1
5df7b8,inline,80aab0b0
5df7f0,inline,8000abb0
5df834,inline,80aab0b0
5df878,inline,8004d1a9
5df9d0,cant,1
5dfa04,inline,80aab0b0
5dfad8,extab,75d074
5dfe74,cant,1
5dfebc,extab,75d0bc
5dff34,cant,1
5dff70,extab,75d09c
5dffe4,cant,1
5e0020,inline,80aab0b0
5e0058,inline,8000abb0
5e009c,inline,80aab0b0
5e00e0,extab,75d1fc
5e0398,cant,1
5e045c,extab,75d21c
5e07a8,cant,1
5e0808,extab,75d274
5e08ac,cant,1
5e0900,extab,75d24c
5e09a0,cant,1
5e09f4,inline,8004d2ab
5e0c84,inline,80aab0b0
5e0cbc,inline,8000abb0
5e0d00,inline,80aab0b0
5e0d44,extab,75d4bc
5e0fa8,cant,1
5e0ffc,extab,75d4cc
5e1220,cant,1
5e1280,extab,75d524
5e1310,cant,1
5e1364,extab,75d4fc
5e13f0,cant,1
5e1444,extab,75a81c
5e14a4,cant,1
5e14b8,extab,74cef0
5e14d8,cant,1
5e14ec,inline,8006d1ab
5e17a8,inline,80aab0b0
5e17e0,inline,8000abb0
5e1824,inline,80aab0b0
5e1868,extab,75cffc
5e1ae4,cant,1
5e1b4c,extab,75d00c
5e1d8c,cant,1
5e1e00,inline,80a8b0b0
5e1e10,extab,75d044
5e1eb0,cant,1
5e1f34,inline,80008400
5e1f68,inline,80a8b0b0
5e1f90,extab,75ce6c
5e21f4,cant,1
5e2274,extab,75ce9c
5e24f4,cant,1
5e253c,extab,75cee4
5e25b4,cant,1
5e25f0,extab,75cec4
5e2664,cant,1
5e26a0,inline,80aab0b0
5e26d8,inline,8000abb0
5e271c,inline,80aab0b0
5e2760,extab,75d15c
5e2930,cant,1
5e298c,extab,75d17c
5e2bcc,cant,1
5e2c2c,extab,75d1d4
5e2cbc,cant,1
5e2d10,extab,75d1ac
5e2d9c,cant,1
5e2e0c,inline,80008400
5e2e40,inline,80a8b0b0
5e2e68,extab,75d29c
5e3018,cant,1
5e3060,extab,75d2ac
5e3224,cant,1
5e3284,extab,75d304
5e3304,cant,1
5e3358,extab,75d2dc
5e33d0,cant,1
5e3424,inline,80aab0b0
5e347c,inline,80a8b0b0
5e3494,inline,80008400
5e34c4,cant,1
5e34d0,inline,8003d0a8
5e3614,inline,8003a8b0
5e365c,cant,1
5e368c,inline,80048400
5e36cc,cant,1
5e36d0,inline,80aab0b0
5e3704,cant,1
5e372c,extab,75d434
5e3a80,cant,1
5e3ad0,extab,75d49c
5e3b5c,cant,1
5e3b98,extab,75d47c
5e3c20,cant,1
5e3c5c,inline,80acb0b0
5e3d00,extab,75d5fc
5e3e90,cant,1
5e3ee0,extab,75d61c
5e40b0,cant,1
5e40f8,extab,75d668
5e4170,cant,1
5e41ac,extab,75d648
5e4220,cant,1
5e425c,inline,80aab0b0
5e42cc,inline,8000abb0
5e4310,inline,80aab0b0
5e4354,extab,75d0dc
5e4590,cant,1
5e4600,extab,75d0f4
5e4870,cant,1
5e48b8,extab,75d13c
5e4930,cant,1
5e496c,extab,75d11c
5e49e0,cant,1
5e4a2c,extab,75d54c
5e4dac,cant,1
5e4df4,extab,75d564
5e4fac,cant,1
5e500c,extab,75d5cc
5e509c,cant,1
5e50f0,extab,75d59c
5e517c,cant,1
5e51d0,inline,80aab0b0
5e5208,inline,8000abb0
5e524c,inline,80aab0b0
5e5290,extab,75cf84
5e5468,cant,1
5e54b0,extab,75cf94
5e5670,cant,1
5e56b8,extab,75cfdc
5e5720,cant,1
5e575c,extab,75cfbc
5e57bc,cant,1
5e57f8,inline,80aab0b0
5e5830,inline,8000abb0
5e5874,extab,75d364
5e5b88,cant,1
5e5bb8,inline,80aab0b0
5e5bfc,extab,75d32c
5e5f30,cant,1
5e5f74,extab,75d33c
5e6064,cant,1
5e60a0,extab,75d3b4
5e6494,cant,1
5e64f4,extab,75d40c
5e6584,cant,1
5e65d8,extab,75d3e4
5e6664,cant,1
5e66d4,inline,80008400
5e6708,inline,80a8b0b0
5e6730,inline,8003a8b0
5e6818,cant,1
5e684c,extab,75cf04
5e6a30,cant,1
5e6a90,extab,75cf5c
5e6b10,cant,1
5e6b64,extab,75cf34
5e6bdc,cant,1
5e6c30,inline,80a8b0b0
5e6c40,cant,1
5e6c44,inline,80a8b0b0
5e6c54,extab,75d928
5e6d0c,cant,1
5e6d28,inline,80acb0b0
5e6dac,inline,80aab0b0
5e6e00,extab,75d890
5e721c,cant,1
5e725c,inline,80acb0b0
5e72dc,inline,80aab0b0
5e7338,extab,75d830
5e765c,cant,1
5e769c,extab,75d878
5e7724,cant,1
5e774c,extab,75d860
5e77cc,cant,1
5e780c,inline,8001aab0
5e7938,inline,8000abb0
5e79d8,inline,80aab0b0
5e7a20,inline,80028400
5e7a58,inline,80aab0b0
5e7aa0,inline,80a8b0b0
5e7ae4,extab,75ed1c
5e7bd4,cant,1
5e7c38,extab,75edec
5e7c74,cant,1
5e7c88,extab,75ee0c
5e7d04,cant,1
5e7d38,inline,80a8b0b0
5e7d6c,cant,1
5e7d98,inline,80acb0b0
5e7e44,cant,1
5e7e4c,extab,75ee1c
5e7f0c,cant,1
5e7f14,inline,8002a9b0
5e7f50,inline,80aab0b0
5e7f9c,cant,1
5e8080,extab,75ee3c
5e816c,cant,1
5e8198,inline,80a8b0b0
5e81d0,cant,1
5e82a8,inline,8000a9b0
5e8318,inline,80a8b0b0
5e8350,inline,80acb0b0
5e83ac,inline,80a8b0b0
5e83cc,cant,1
5e84cc,inline,80aab0b0
5e8628,inline,80a8b0b0
5e866c,inline,800ca9b0
5e8720,inline,8010a9b0
5e8804,inline,80088400
5e8860,inline,8000a9b0
5e88d0,inline,80aab0b0
5e8940,inline,800cabb0
5e89f4,inline,8010abb0
5e8ac0,inline,80a8b0b0
5e8af8,inline,80acb0b0
5e8b54,inline,80a8b0b0
5e8b74,cant,1
5e8b7c,inline,8000a9b0
5e8bec,inline,80a8b0b0
5e8c24,inline,80acb0b0
5e8c80,inline,80a8b0b0
5e8ca0,cant,1
5e8d58,inline,80a8b0b0
5e8db8,cant,1
5e8de4,extab,75ee7c
5e8f98,inline,80a8b0b0
5e8fe4,cant,1
5e9238,inline,80a8b0b0
5e9284,extab,75ee6c
5e9538,cant,1
5e954c,inline,80aab0b0
5e9598,inline,80a8b0b0
5e95dc,inline,80aeb0b0
5e96d0,inline,80acb0b0
5e9770,extab,75ed3c
5e97f4,cant,1
5e9808,extab,75ed5c
5e98b0,cant,1
5e98c4,extab,75ed4c
5e9964,cant,1
5e9988,inline,80a8b0b0
5e99b4,cant,1
5e99e8,inline,8010d3a9
5e9c04,inline,8008abb0
5e9cfc,inline,80a8b0b0
5e9d30,extab,75eddc
5e9e00,cant,1
5e9e08,inline,80d0aab0
5e9e58,inline,80a8b0b0
5e9e94,inline,80acb0b0
5e9f20,inline,80a8b0b0
5e9fcc,inline,80aab0b0
5ea064,cant,1
5ea0e4,extab,75ee4c
5ea1f0,cant,1
5ea204,inline,80aab0b0
5ea27c,cant,1
5ea28c,extab,75ee5c
5ea3c4,cant,1
5ea424,inline,8020abb0
5ea4ac,inline,8006a9b0
5ea54c,inline,80a8b0b0
5ea5c4,inline,80aeb0b0
5ea7fc,extab,75ed84
5ea888,cant,1
5ea890,inline,80acb0b0
5eaa48,extab,75edb4
5eaaf8,cant,1
5eab08,inline,8001aab0
5eab70,inline,80a8b0b0
5eabac,extab,75ed9c
5eac38,cant,1
5eac40,extab,75edcc
5eacac,cant,1
5eacb4,inline,8018afb0
5eaf04,inline,80aeb0b0
5eaffc,extab,75ed6c
5eb0a8,cant,1
5eb0bc,inline,80acb0b0
5eb19c,inline,80aab0b0
5eb21c,inline,8003aeb0
5eb5d0,cant,1
5eb680,inline,80aab0b0
5eb6f4,inline,80acb0b0
5eb7bc,inline,80a8b0b0
5eb828,cant,1
5eb844,inline,80aab0b0
5eb898,inline,8006d0af
5eb9f0,cant,1
5eba00,inline,80acb0b0
5ebabc,inline,80a8b0b0
5ebb38,inline,80aab0b0
5ebbf0,inline,80d0a8b0
5ebc5c,inline,80aab0b0
5ebd04,inline,80acb0b0
5ebd80,inline,80aab0b0
5ebdb8,inline,8007aab0
5ebe4c,cant,1
5ebe58,inline,80a8b0b0
5ebe88,extab,75c8a0
5ec0e8,cant,1
5ec104,extab,75c880
5ec440,cant,1
5ec45c,inline,80acb0b0
5ec514,inline,8004a9b0
5ec540,cant,1
5ec660,inline,80a8b0b0
5ec684,inline,80acb0b0
5ec864,inline,80adb0b0
5ec950,extab,75c828
5ecfcc,inline,80adb0b0
5ed154,inline,8004a9b0
5ed1b0,inline,8002afb0
5edfe8,inline,80a8b0b0
5ee010,cant,1
5ee0d4,inline,80aeb0b0
5ee404,cant,1
5ee474,inline,8008afb0
5ee6d0,inline,8000abb0
5ee7d0,inline,80aab0b0
5ee804,cant,1
5ee850,inline,80aab0b0
5ee890,extab,75c810
5eea74,cant,1
5eea88,inline,80aab0b0
5eeb3c,inline,80adb0b0
5eebf4,cant,1
5eecb8,inline,8004adb0
5ef280,inline,80a8b0b0
5ef2d4,inline,80aeb0b0
5ef3c4,inline,8004afb0
5ef844,inline,8000afb0
5ef96c,cant,1
5efb70,extab,75c844
5efbd8,cant,1
5efebc,inline,80acb0b0
5eff7c,cant,1
5effa4,inline,80acb0b0
5f0048,cant,1
5f00d4,inline,80acb0b0
5f0230,inline,80aeb0b0
5f040c,inline,80aab0b0
5f0560,cant,1
5f058c,extab,75c834
5f0724,cant,1
5f0748,inline,80a8b0b0
5f0818,extab,75c934
5f08f4,cant,1
5f0908,extab,75c918
5f0bb4,cant,1
5f0bc8,extab,75c928
5f0cf8,inline,80aab0b0
5f0dfc,inline,80acb0b0
5f0e68,inline,80a8b0b0
5f0ea4,cant,1
5f0ef8,inline,80a8b0b0
5f0f20,cant,1
5f1044,inline,80acb0b0
5f10b0,cant,1
5f1208,inline,80aab0b0
5f1264,cant,1
5f1288,inline,80aab0b0
5f1374,inline,8014afb0
5f1864,inline,80acb0b0
5f19a4,inline,800aafb0
5f1b68,cant,1
5f1e50,inline,80aab0b0
5f1f08,inline,8004afb0
5f2098,extab,75c804
5f2238,cant,1
5f2284,inline,80acb0b0
5f2328,cant,1
5f232c,inline,80acb0b0
5f23cc,cant,1
5f250c,inline,80a8b0b0
5f2554,cant,1
5f25c4,inline,8001acb0
5f2764,cant,1
5f2830,inline,80a8b0b0
5f2870,cant,1
5f2874,inline,80a8b0b0
5f28ac,cant,1
5f29a4,inline,800ca9b0
5f2a50,extab,75c8f8
5f2d54,cant,1
5f2d70,extab,75c8d0
5f3030,cant,1
5f304c,inline,80a8b0b0
5f3074,inline,80a9b0b0
5f309c,inline,80adb0b0
5f30f0,inline,80aeb0b0
5f31a4,inline,80a9b0b0
5f31c8,inline,80adb0b0
5f3218,inline,80aeb0b0
5f32c8,inline,80a8b0b0
5f32f8,inline,80aab0b0
5f333c,cant,1
5f33c8,inline,80aeb0b0
5f342c,inline,80adb0b0
5f3478,inline,80abb0b0
5f3504,inline,808400b0
5f3524,cant,1
5f3668,inline,808400b0
5f368c,cant,1
5f3690,inline,808400b0
5f3770,cant,1
5f38c8,inline,808400b0
5f38e4,inline,80a8b0b0
5f3900,cant,1
5f3954,inline,80aeb0b0
5f3a28,extab,75eeb4
5f3b00,inline,8008afb0
5f3d9c,inline,80acb0b0
5f3e1c,cant,1
5f3ec4,inline,80aab0b0
5f3f0c,inline,8004adb0
5f4140,inline,8000afb0
5f42e4,extab,75eea8
5f481c,inline,80aab0b0
5f4954,extab,75ee98
5f49bc,cant,1
5f49d8,extab,75ee88
5f4a38,cant,1
5f4a54,inline,8002abb0
5f4ac4,inline,8002d0ab
5f4b58,extab,75f278
5f4ba4,cant,1
5f4bb4,extab,75f290
5f4be4,cant,1
5f4bec,extab,75f268
5f4c24,cant,1
5f4c6c,extab,75f248
5f4cbc,cant,1
5f4cd0,inline,80a8b0b0
5f4cf4,cant,1
5f4d28,inline,8003acb0
5f508c,inline,80a8b0b0
5f50b0,cant,1
5f50dc,inline,80aab0b0
5f51e0,cant,1
5f5210,inline,80aeb0b0
5f561c,inline,80a8b0b0
5f5644,extab,75f734
5f584c,cant,1
5f58dc,inline,8000adb0
5f5964,cant,1
5f5968,extab,75f6fc
5f59f0,cant,1
5f5a10,extab,75f6e4
5f5a98,cant,1
5f5ab8,extab,75f724
5f5ae0,cant,1
5f5af4,extab,75f714
5f5b1c,cant,1
5f5b30,inline,8006adb0
5f5ca4,inline,8000a9b0
5f5d00,cant,1
5f5d18,inline,80aab0b0
5f5d48,inline,8000a9b0
5f5da4,inline,8000abb0
5f5e48,cant,1
5f5e4c,extab,75f75c
5f5ea0,cant,1
5f5ec0,extab,75f744
5f5f14,cant,1
5f5f34,extab,75f784
5f5f5c,cant,1
5f5f70,extab,75f774
5f5f98,cant,1
5f5fac,inline,8005aeb0
5f6074,inline,8002a9b0
5f614c,cant,1
5f6158,inline,80a8b0b0
5f61a4,extab,75f67c
5f62e0,inline,80aab0b0
5f6320,inline,80aeb0b0
5f6494,inline,8000a9b0
5f6554,inline,8003aab0
5f65d0,inline,80aab0b0
5f661c,inline,8002afb0
5f67d0,cant,1
5f681c,inline,80a8b0b0
5f6894,inline,80aab0b0
5f6904,inline,800baab0
5f6958,cant,1
5f6988,inline,80aab0b0
5f69d8,inline,8005aeb0
5f6ba0,inline,80a8b0b0
5f6bfc,inline,8005aeb0
5f6dcc,inline,80a8b0b0
5f6e28,inline,800bacb0
5f7080,inline,8002abb0
5f728c,inline,8004adb0
5f7334,inline,80acb0b0
5f7430,inline,800aafb0
5f74f0,inline,80aab0b0
5f7524,cant,1
5f755c,extab,75f554
5f7630,cant,1
5f7680,extab,75f5c4
5f770c,cant,1
5f775c,extab,75f58c
5f77e4,cant,1
5f7858,inline,8002abb0
5f7b50,inline,80a8b0b0
5f7b7c,inline,8010afb0
5f7c44,inline,80a8b0b0
5f7d1c,inline,80aab0b0
5f7de0,inline,8008d0af
5f7e8c,inline,8010afb0
5f7f54,extab,75f5fc
5f7fdc,cant,1
5f8014,inline,80a8b0b0
5f8024,extab,75f624
5f8130,cant,1
5f8190,inline,80aab0b0
5f828c,cant,1
5f82b8,inline,80aab0b0
5f838c,cant,1
5f856c,inline,80a8b0b0
5f8584,cant,1
5f8588,inline,80aab0b0
5f8604,cant,1
5f8624,inline,80acb0b0
5f8764,inline,80aab0b0
5f883c,inline,80a8b0b0
5f8890,inline,80acb0b0
5f8af0,cant,1
5f8b0c,inline,8002a9b0
5f8b7c,inline,8000a9b0
5f8c1c,cant,1
5f8c28,inline,800ca9b0
5f8ca4,inline,8015aeb0
5f905c,cant,1
5f90ec,inline,8000abb0
5f91ec,inline,800cabb0
5f9354,cant,1
5f937c,inline,8003acb0
5f9504,extab,75f53c
5f9664,inline,80a8b0b0
5f969c,cant,1
5f96ec,inline,8001aab0
5f98f0,cant,1
5f9990,inline,803f28af
5f9e78,inline,80acb0b0
5f9fe4,inline,8009acb0
5fa054,inline,8010adb0
5fa43c,inline,803f2caf
5fa954,inline,80aab0b0
5fada4,inline,8002d0af
5faf10,cant,1
5faf94,extab,75f548
5fb0f4,inline,8003a8b0
5fb150,cant,1
5fb160,inline,80a8b0b0
5fb188,extab,75f4bc
5fb34c,cant,1
5fb3d0,inline,80a8b0b0
5fb3e0,extab,75f4f4
5fb4a8,cant,1
5fb530,inline,8006abb0
5fb638,inline,8000a9b0
5fb694,cant,1
5fb69c,inline,80aab0b0
5fb6cc,cant,1
5fb6dc,inline,8000a9b0
5fb738,inline,8000adb0
5fb814,cant,1
5fb818,extab,75f6ac
5fb874,cant,1
5fb894,extab,75f694
5fb8f0,cant,1
5fb910,extab,75f6d4
5fb938,cant,1
5fb94c,extab,75f6c4
5fb974,cant,1
5fb994,inline,80aab0b0
5fba14,cant,1
5fbcf8,inline,80a8b0b0
5fbd10,cant,1
5fbd14,inline,80008400
5fbd30,inline,803f06ab
5fbe2c,inline,8007aab0
5fbfc0,extab,75f45c
5fbfec,cant,1
5fc000,extab,75f47c
5fc02c,cant,1
5fc040,extab,75f46c
5fc068,cant,1
5fc07c,inline,80a8b0b0
5fc0c4,inline,8006a9b0
5fc128,cant,1
5fc17c,inline,8003aeb0
5fc298,cant,1
5fc2bc,inline,8010afb0
5fc500,inline,8004a9b0
5fc5c0,inline,80aeb0b0
5fc648,inline,8008afb0
5fc78c,cant,1
5fc814,inline,80a8b0b0
5fc82c,cant,1
5fc864,inline,80a8b0b0
5fc8f0,cant,1
5fc8fc,inline,80a8b0b0
5fcaa4,cant,1
5fcabc,inline,80a8b0b0
5fcb24,cant,1
5fcb70,inline,8000a9b0
5fcbf0,cant,1
5fcc14,inline,80a8b0b0
5fcc74,cant,1
5fcd68,inline,80acb0b0
5fcdf4,cant,1
5fceb8,inline,80048400
5fcef4,cant,1
5fcf20,inline,80aab0b0
5fcfb4,inline,80028400
5fd030,cant,1
5fd0b0,inline,80aab0b0
5fd130,cant,1
5fd3d8,inline,80a8b0b0
5fd468,inline,80aab0b0
5fd498,cant,1
5fd520,inline,80aab0b0
5fd564,cant,1
5fd568,inline,80aab0b0
5fd5a8,cant,1
5fd83c,inline,8003acb0
5fd978,inline,8005acb0
5fdae4,extab,75f48c
5fdb10,cant,1
5fdb24,extab,75f4ac
5fdb50,cant,1
5fdb64,extab,75f49c
5fdb8c,cant,1
5fdba0,inline,80aab0b0
5fdc04,cant,1
5fdc18,inline,80a8b0b0
5fdca4,inline,80aab0b0
5fdd88,cant,1
5fdda8,inline,80a8b0b0
5fdde0,cant,1
5fde18,inline,80acb0b0
5fde94,extab,75f64c
5fdfac,cant,1
5fdfc8,extab,75f66c
5fe010,cant,1
5fe02c,extab,75f65c
5fe074,cant,1
5fe0b8,extab,75f2f0
5fe254,cant,1
5fe25c,extab,75f300
5fe3ac,cant,1
5fe3b4,inline,80acb0b0
5fe42c,cant,1
5fe460,inline,8000a9b0
5fe49c,inline,800eafb0
5fe5b0,cant,1
5fe5d0,inline,80aab0b0
5fe600,cant,1
5fe670,inline,80a8b0b0
5fe69c,inline,8004abb0
5fe718,inline,8000a9b0
5fe780,inline,80a8b0b0
5fe7b0,extab,75f314
5fe870,extab,75f320
5fe988,cant,1
5fe9d8,inline,8000a9b0
5fea74,cant,1
5fea94,inline,8000a9b0
5feb20,cant,1
5feb38,inline,80a8b0b0
5feb6c,extab,75f2a0
5febf4,cant,1
5fec28,extab,75f2d8
5fec70,cant,1
5fec98,extab,75f2c0
5fece0,cant,1
5fed08,inline,80a8b0b0
5fed20,cant,1
5fed58,inline,80a8b0b0
5fede4,cant,1
5fedf0,inline,80a8b0b0
5fefa4,cant,1
5fefc4,inline,80a8b0b0
5ff000,cant,1
5ff01c,inline,80a8b0b0
5ff0a8,inline,80aab0b0
5ff16c,cant,1
5ff18c,inline,80a8b0b0
5ff1c8,cant,1
5ff2f0,inline,80aab0b0
5ff4c0,inline,80a8b0b0
5ff528,cant,1
5ff55c,inline,80aab0b0
5ff59c,inline,80acb0b0
5ff610,inline,800aafb0
5ff888,inline,80aab0b0
5ff8c8,cant,1
5ff918,inline,80a8b0b0
5ff940,inline,80acb0b0
5ffa18,inline,8002adb0
5ffc58,inline,80a8b0b0
5ffc98,cant,1
5ffce8,inline,80aab0b0
5ffd94,extab,75fb18
5ffe3c,cant,1
5ffe70,extab,75fb50
5ffec8,cant,1
5ffef8,extab,75fb30
5fff4c,cant,1
5fff78,inline,8009aeb0
600b20,inline,8005aeb0
601810,extab,75f89c
601840,cant,1
601854,extab,75f8bc
601880,cant,1
601894,extab,75f8ac
6018bc,cant,1
6018d0,inline,8004afb0
601a3c,inline,800eafb0
601fb4,inline,800aabb0
602104,inline,80008400
602124,extab,75fab8
602154,cant,1
602168,extab,75fad8
602194,cant,1
6021a8,extab,75fac8
6021d0,cant,1
6021e4,inline,8000abb0
6022fc,cant,1
60230c,inline,8000adb0
60244c,inline,800bacb0
60257c,inline,800aabb0
6026cc,inline,8000abb0
6027e4,extab,75f794
602814,cant,1
602828,extab,75f7b4
602854,cant,1
602868,extab,75f7a4
602890,cant,1
6028a4,inline,80acb0b0
6029f8,inline,8000afb0
602b78,inline,800bacb0
602ca8,inline,800aabb0
602df8,inline,8004adb0
603014,inline,8002adb0
6031f8,inline,80008400
603240,extab,75fae8
603270,cant,1
603284,extab,75fb08
6032b0,cant,1
6032c4,extab,75faf8
6032ec,cant,1
603300,inline,80acb0b0
6033e8,inline,8006afb0
603790,inline,803f16af
603ea8,inline,8024afb0
604120,inline,8020afb0
604870,inline,80acb0b0
604960,extab,75fa88
60498c,cant,1
6049a0,extab,75faa8
6049cc,cant,1
6049e0,extab,75fa98
604a08,cant,1
604a1c,inline,800cafb0
60500c,inline,8008afb0
605698,extab,75f7c4
6056c4,cant,1
6056d8,extab,75f7e4
605704,cant,1
605718,extab,75f7d4
605740,cant,1
605754,inline,80acb0b0
6058f0,extab,75f7f4
605938,cant,1
605960,extab,75f824
6059a0,cant,1
6059c8,extab,75f80c
605a04,cant,1
605a2c,inline,8000adb0
605b04,extab,75f83c
605b34,cant,1
605b48,extab,75f85c
605b74,cant,1
605b88,extab,75f84c
605bb0,cant,1
605bd0,inline,800baeb0
6060e0,inline,80a8b0b0
6060f8,inline,8000a9b0
606128,extab,75f8cc
606154,cant,1
606168,extab,75f8ec
606194,cant,1
6061a8,extab,75f8dc
6061d0,cant,1
6061e4,inline,8000abb0
6062b0,extab,75f8fc
6062e0,cant,1
6062f4,extab,75f91c
606320,cant,1
606334,extab,75f90c
60635c,cant,1
606370,extab,75f9bc
606578,extab,75f98c
6065a8,cant,1
6065bc,extab,75f9ac
6065e8,cant,1
6065fc,extab,75f99c
606624,cant,1
606638,inline,8000abb0
606734,extab,75f9c8
606764,cant,1
606778,extab,75f9e8
6067a4,cant,1
6067b8,extab,75f9d8
6067e0,cant,1
6067f4,inline,8000abb0
606980,extab,75f95c
6069b0,cant,1
6069c4,extab,75f97c
6069f0,cant,1
606a04,extab,75f96c
606a2c,cant,1
606a40,extab,75f86c
606a6c,cant,1
606a80,extab,75f88c
606aac,cant,1
606ac0,extab,75f87c
606ae8,cant,1
606afc,inline,8000abb0
606c88,extab,75f9f8
606cb8,cant,1
606ccc,extab,75fa18
606cf8,cant,1
606d0c,extab,75fa08
606d34,cant,1
606d48,inline,8004abb0
606e00,extab,75f92c
606e2c,cant,1
606e40,extab,75f94c
606e6c,cant,1
606e80,extab,75f93c
606ea8,cant,1
606ee8,inline,8010afb0
607398,inline,800eafb0
607818,cant,1
607830,extab,75fa58
607860,cant,1
607874,extab,75fa78
6078a0,cant,1
6078b4,extab,75fa68
6078dc,cant,1
6078f0,inline,80aeb0b0
607ab8,inline,8000afb0
607cac,inline,800bacb0
607ddc,inline,800aabb0
607f2c,inline,8004adb0
608148,inline,8002adb0
60832c,inline,80028400
60839c,extab,75fa28
6083cc,cant,1
6083e0,extab,75fa48
60840c,cant,1
608420,extab,75fa38
608448,cant,1
608488,inline,80aab0b0
6084b8,cant,1
6084cc,inline,80aab0b0
608574,cant,1
6085dc,inline,80aab0b0
608630,cant,1
608658,inline,80aab0b0
608724,inline,8007a8b0
608854,inline,80acb0b0
6088c8,inline,800aafb0
608b40,extab,75f404
608c18,cant,1
608c2c,inline,80a8b0b0
608c54,inline,8000abb0
608cac,extab,75f3a4
608ec4,cant,1
608ee8,inline,8006a9b0
608f50,cant,1
608f84,inline,8007aab0
609064,inline,80aab0b0
6090b0,cant,1
6090cc,inline,80008400
609104,inline,80a8b0b0
60912c,cant,1
609164,extab,75f3f4
6091f4,cant,1
609208,extab,75f414
60928c,cant,1
6092c8,inline,803f02ab
60933c,cant,1
60936c,inline,803f02ab
6093f4,extab,75f3e4
6094ac,cant,1
6094c0,inline,8002a9b0
6095e8,cant,1
609600,inline,80acb0b0
6096d8,inline,8007aab0
6097b8,cant,1
6097d0,inline,8006a9b0
609898,extab,75f34c
609950,cant,1
609984,extab,75f384
6099dc,cant,1
609a0c,extab,75f364
609a60,cant,1
609a8c,inline,80a8b0b0
609ab0,inline,8000a9b0
609b28,inline,8000abb0
609bac,inline,8000a9b0
609c98,inline,80acb0b0
609d3c,cant,1
609d74,extab,75f44c
609e78,cant,1
609ef4,extab,75f434
60a044,cant,1
60a094,inline,80a8b0b0
60a14c,inline,80acb0b0
60a1b8,cant,1
60a220,extab,75f32c
60a3c0,cant,1
60a404,inline,80aab0b0
60a49c,inline,80a8b0b0
60a4ac,cant,1
60a5ac,inline,8005aeb0
60a67c,cant,1
60a688,inline,8003aab0
60a714,extab,75f688
60a8c8,inline,8002afb0
60aacc,inline,80aab0b0
60ab0c,inline,80aeb0b0
60ac1c,inline,8000a9b0
60acdc,inline,8002a9b0
60ad48,inline,80aab0b0
60ad94,inline,8002a9b0
60ae00,cant,1
60ae50,inline,80a8b0b0
60aec8,inline,80aab0b0
60af98,cant,1
60afc8,inline,80aeb0b0
60b1d4,inline,80a8b0b0
60b1ec,cant,1
60b1f0,inline,80a8b0b0
60b218,extab,74b230
60b238,cant,1
60b24c,extab,74b240
60b26c,cant,1
60b280,extab,75cb88
60b50c,cant,1
60b528,extab,75cc08
60b798,cant,1
60b7d4,inline,80aab0b0
60b83c,inline,8000abb0
60b900,inline,8000afb0
60ba40,extab,75cbd8
60bda0,cant,1
60bdc8,extab,75cc14
60c134,cant,1
60c1a8,extab,75cb40
60c2e4,cant,1
60c304,extab,75cb70
60c3c8,cant,1
60c3e8,extab,75cb58
60c4a8,cant,1
60c544,extab,75cb20
60c648,cant,1
60c664,extab,75cb10
60c6b8,cant,1
60c738,extab,74b1e0
60c77c,cant,1
60c7b4,extab,74b208
60c7f8,cant,1
60c85c,inline,8012afb0
60c938,inline,80aab0b0
60c9b8,cant,1
60c9f0,inline,8004afb0
60cac8,inline,8001a8b0
60cb30,inline,8003aab0
60cbc0,cant,1
60cc38,inline,8003a8b0
60ccb8,inline,8005d0ac
60cdec,inline,8007a8b0
60cea0,inline,80aab0b0
60cee4,cant,1
60cf04,inline,8004abb0
60d024,inline,8016afb0
60d2d8,inline,800aabb0
60d3dc,cant,1
60d420,inline,80a8b0b0
60d47c,cant,1
60d514,inline,80a8b0b0
60d52c,cant,1
60d570,inline,80a8b0b0
60d590,cant,1
60d598,inline,80a8b0b0
60d5bc,inline,80aab0b0
60d620,inline,8000afb0
60d6f4,extab,75cca4
60da20,cant,1
60da28,inline,80aab0b0
60dae8,cant,1
60daf0,inline,8006a9b0
60dbac,inline,800eafb0
60dd2c,inline,8005aab0
60de04,cant,1
60de80,inline,80a8b0b0
60dea0,cant,1
60deb0,inline,8002abb0
60df6c,cant,1
60df74,inline,8000abb0
60dfe0,extab,75cc94
60e06c,cant,1
60e080,extab,75cc84
60e0fc,cant,1
60e110,inline,80a8b0b0
60e14c,inline,80aab0b0
60e1d4,inline,80a8b0b0
60e24c,inline,8003a8b0
60e27c,cant,1
60e5e8,inline,80a8b0b0
60e654,extab,7602c8
60e938,cant,1
60e958,extab,760198
60ea54,cant,1
60ea64,extab,760318
60ee40,cant,1
60ee64,extab,760280
60ef98,cant,1
60efa8,extab,760264
60f0a4,cant,1
60f0b4,inline,80a8b0b0
60f0c4,extab,76017c
60f314,cant,1
60f324,extab,760230
60f820,cant,1
60f84c,extab,7602ec
60fa9c,cant,1
60fabc,extab,7601b4
60fd14,cant,1
60fd34,extab,7601e0
610064,cant,1
61007c,inline,80d0aeb0
610374,extab,76029c
610538,cant,1
610558,extab,7600e4
6107ac,cant,1
610830,inline,80a8b0b0
610840,extab,760134
6108fc,cant,1
610968,inline,80aab0b0
610a1c,cant,1
610b20,inline,80a8b0b0
610b50,cant,1
610b80,inline,80aab0b0
610bb0,inline,8001aab0
610cd4,inline,80aab0b0
610d40,inline,8000abb0
610e84,inline,80aab0b0
610ef0,cant,1
610f00,inline,8006abb0
611058,cant,1
611084,inline,80aab0b0
611134,inline,80a8b0b0
6111e4,cant,1
611288,inline,8001aab0
611360,cant,1
6113e8,inline,80aab0b0
611570,inline,80a8b0b0
611580,cant,1
611584,inline,8003aab0
611640,inline,80aeb0b0
6117b0,inline,8003aab0
61187c,extab,75fde4
61191c,cant,1
611930,inline,8003aab0
611a28,inline,8001aab0
611adc,inline,8003acb0
611bd4,inline,8002abb0
611c9c,extab,75fe04
611d44,cant,1
611d54,extab,75fd1c
611e08,inline,8002abb0
611ec4,extab,75fd30
611f78,extab,75fc94
612134,inline,8006a9b0
6121d4,extab,75fdbc
612400,cant,1
612410,extab,75fca8
612620,inline,80acb0b0
612694,inline,80a8b0b0
612760,extab,75ff04
612a3c,extab,75ff98
612ae0,cant,1
612af0,inline,80aab0b0
612bec,extab,75fcbc
612c7c,extab,75fd94
612e98,cant,1
612ea8,inline,80aab0b0
613018,extab,75ffd0
613390,cant,1
6133bc,extab,75feb0
613518,cant,1
613528,inline,8002a9b0
6135dc,inline,80aeb0b0
613734,inline,8000adb0
61381c,cant,1
613824,extab,75ffb4
6138d4,cant,1
6138e4,inline,80aab0b0
613964,cant,1
61399c,extab,760020
6141e4,cant,1
6141f4,inline,8003aab0
6142c4,extab,75fe2c
614454,cant,1
614464,inline,8002a9b0
61450c,cant,1
61455c,inline,8006a9b0
6145f8,cant,1
614600,extab,75fce4
614960,cant,1
614970,extab,75fe48
614a08,cant,1
614a18,inline,8003aab0
614adc,inline,8005aab0
614bec,cant,1
614c10,inline,80aab0b0
614c70,extab,75fecc
614e0c,cant,1
614e40,inline,80a8b0b0
614e8c,inline,800aafb0
61506c,inline,8003aab0
615150,extab,75ff6c
6154e8,cant,1
6154f0,extab,75fcd0
6155b4,inline,800aafb0
6157a8,inline,8003aab0
615874,inline,80aab0b0
6158ac,extab,75fe64
615aec,cant,1
615afc,inline,80aab0b0
615bd0,extab,75fd6c
615df8,cant,1
615e08,extab,75fd44
616024,cant,1
616034,extab,75ff54
616434,cant,1
616444,inline,8003a8b0
6164a8,cant,1
6164cc,inline,80aab0b0
61651c,extab,75fd00
6167e8,cant,1
6167f8,inline,8003aab0
6168c8,inline,8002adb0
6169c4,inline,8002abb0
616ac4,inline,8001aab0
616b88,inline,80aab0b0
616bd8,inline,8003aab0
616cb0,extab,75fdf4
616d00,cant,1
616d14,extab,75fc34
616ec4,cant,1
616f28,inline,80a8b0b0
616f38,extab,75fc6c
617004,cant,1
617054,inline,80a8b0b0
6170e8,cant,1
617148,inline,80acb0b0
617228,inline,8000abb0
6172d4,inline,80aab0b0
617360,inline,80a8b0b0
6173bc,inline,80acb0b0
617588,extab,75fc20
617954,cant,1
617970,inline,80acb0b0
617b84,inline,80aab0b0
617bbc,inline,80aeb0b0
617cfc,inline,80a8b0b0
617d2c,inline,80acb0b0
617e8c,inline,80aab0b0
617f74,inline,8000abb0
618028,inline,80a8b0b0
61807c,inline,80d0a8b0
618118,cant,1
618170,extab,75dbd8
618598,cant,1
6185ec,inline,80a8b0b0
6185f8,inline,80008400
618670,extab,74c8b0
61868c,cant,1
6186a0,extab,75e2cc
6186d0,cant,1
6186f0,extab,75e69c
618bb8,cant,1
618c50,extab,74c8e0
618c6c,cant,1
618c80,inline,80a8b0b0
618c8c,extab,75de74
619238,cant,1
619308,extab,74c8c0
619324,cant,1
619338,inline,80a8b0b0
619344,extab,75e3f4
619944,cant,1
61998c,inline,80aab0b0
6199c8,extab,75e3ac
619a8c,cant,1
619aa0,extab,75e3bc
619b80,cant,1
619b9c,extab,75e3dc
619c90,cant,1
619ca4,extab,75e44c
619d78,cant,1
619d98,extab,75e394
619dc0,cant,1
619de0,extab,75e48c
619eb0,cant,1
619ef0,extab,75e464
619fbc,cant,1
619ffc,extab,75d998
61a41c,cant,1
61a4a8,extab,74c8d0
61a4c4,cant,1
61a4d8,inline,80a8b0b0
61a4e4,inline,8000adb0
61a664,inline,80a8b0b0
61a698,inline,8000adb0
61a874,inline,80aeb0b0
61a8f4,inline,80d1acb0
61aa60,cant,1
61aa74,inline,80aeb0b0
61ab2c,extab,75eb4c
61ac74,cant,1
61ac88,inline,80d2a8b0
61ade0,inline,80a8b0b0
61ae14,inline,80aab0b0
61ae54,cant,1
61ae6c,extab,75e534
61b248,cant,1
61b290,inline,80a8b0b0
61b29c,inline,80aab0b0
61b364,inline,80a8b0b0
61b398,inline,80aab0b0
61b40c,inline,8004d0a9
61b520,inline,80d0a8b0
61b5c0,inline,80acb0b0
61b6a0,cant,1
61b6b8,extab,75d948
61b9f4,cant,1
61ba38,extab,75daf0
61bae0,cant,1
61bb00,extab,75e864
61bf38,cant,1
61bfd8,inline,80a8b0b0
61bfe4,extab,75e80c
61c3a4,cant,1
61c3ec,extab,75e68c
61c408,cant,1
61c41c,extab,75e674
61c4c4,cant,1
61c4e4,extab,75e4cc
61c554,cant,1
61c568,extab,75e4b4
61c5c0,cant,1
61c5e8,extab,75e50c
61c6e4,cant,1
61c6fc,extab,75e4f4
61c7cc,cant,1
61c7ec,inline,80d1a8b0
61c88c,extab,75e4dc
61c91c,cant,1
61c93c,extab,75e51c
61c9ec,cant,1
61ca0c,extab,75e2b4
61cab4,cant,1
61cad4,extab,75db80
61cb00,cant,1
61cb14,extab,75db08
61cb40,cant,1
61cb54,extab,75e2e4
61cb7c,cant,1
61cb90,inline,80a8b0b0
61cbcc,extab,75eb1c
61cc2c,cant,1
61cc40,inline,80d1a8b0
61ccc0,extab,75eb2c
61ce20,cant,1
61ce34,inline,80b903a9
61cf0c,extab,75eafc
61d028,cant,1
61d078,inline,80aab0b0
61d108,inline,8001a8b0
61d128,cant,1
61d184,inline,80a8b0b0
61d21c,extab,75eb3c
61d268,cant,1
61d270,inline,80a8b0b0
61d294,cant,1
61d358,inline,8000abb0
61d3a8,inline,8001a8b0
61d45c,inline,8000adb0
61d528,inline,80a8b0b0
61d558,inline,8000a9b0
61d5b8,cant,1
61d5c0,inline,80a8b0b0
61d648,extab,74f3e4
61d67c,cant,1
61d8f0,inline,80048400
61d928,cant,1
61d968,inline,80048400
61d9a0,cant,1
61e090,inline,80a8b0b0
61e0b4,cant,1
624df0,inline,80a8b0b0
624e64,cant,1
624e94,inline,80a8b0b0
624eb8,cant,1
624f9c,inline,80a8b0b0
624fc0,cant,1
625100,inline,80a8b0b0
62515c,cant,1
625174,inline,80a8b0b0
625194,cant,1
6251a8,extab,74b418
625220,cant,1
625270,inline,80a8b0b0
6252b0,cant,1
6252d4,inline,80aab0b0
62532c,inline,80a8b0b0
62535c,cant,1
6253e0,inline,80a8b0b0
625400,cant,1
62544c,inline,80a8b0b0
6254a8,inline,80aab0b0
6254f4,cant,1
6257d4,inline,80a8b0b0
62582c,cant,1
625844,inline,80a8b0b0
625880,cant,1
6258c8,inline,80aab0b0
625910,inline,80a8b0b0
625964,cant,1
625a2c,inline,80a8b0b0
625a54,cant,1
625a90,inline,80a8b0b0
625acc,cant,1
625ae4,inline,80aab0b0
625b5c,cant,1
625bcc,inline,80d0acb0
625c98,cant,1
625e18,inline,808400b0
625e60,cant,1
626288,inline,80a8b0b0
6262a4,inline,80aab0b0
6262e0,cant,1
626368,extab,74d2f4
62642c,cant,1
626440,extab,74d324
6264d0,cant,1
6264e4,extab,74d304
626580,cant,1
626614,inline,80aeb0b0
6266e0,cant,1
626710,inline,80aab0b0
626778,cant,1
626780,inline,80aeb0b0
626810,inline,80aab0b0
6268b0,cant,1
6268e4,inline,80aab0b0
62693c,cant,1
626958,inline,80aab0b0
6269fc,cant,1
626b04,inline,80a8b0b0
626b50,cant,1
626bd0,inline,80a8b0b0
626c0c,cant,1
626ce4,inline,80a8b0b0
626d70,cant,1
626dc0,inline,80aeb0b0
626e88,cant,1
626eac,inline,80d0a8b0
626eec,cant,1
626ef8,inline,80a8b0b0
626f38,cant,1
626fac,inline,80aab0b0
626fe4,cant,1
626ff4,inline,80aab0b0
627048,cant,1
627114,inline,80aab0b0
62714c,cant,1
627438,inline,8014a9b0
6274ec,cant,1
627918,inline,8000a9b0
627a84,cant,1
627d2c,inline,8002afb0
627ea0,cant,1
627ec8,inline,80aab0b0
627fa8,cant,1
627fbc,inline,80a8b0b0
627fd4,inline,80aab0b0
6280a8,cant,1
628124,inline,80a8b0b0
6281a8,cant,1
6281bc,inline,80a8b0b0
628200,inline,80d0aab0
628328,inline,80a8b0b0
628380,cant,1
628398,inline,80aab0b0
6283f0,cant,1
628588,inline,80aab0b0
628638,cant,1
62873c,inline,8000abb0
628824,cant,1
62892c,inline,80aab0b0
6289a0,inline,80a8b0b0
6289b8,cant,1
6289c0,inline,80aab0b0
628a34,inline,80a8b0b0
628a64,cant,1
628a6c,extab,758174
628b58,cant,1
628b6c,inline,80a8b0b0
628b84,cant,1
628b94,inline,80a8b0b0
628bac,cant,1
628bb8,extab,758184
628bf8,cant,1
628c60,extab,74ba64
628d5c,cant,1
628dc4,inline,80aab0b0
628e64,cant,1
629080,inline,8008a9b0
6290f0,cant,1
629110,inline,8008a9b0
6291ac,cant,1
629200,inline,80a8b0b0
629218,cant,1
629278,inline,80a8b0b0
6292bc,inline,80aab0b0
6293ec,inline,80a8b0b0
629420,cant,1
629450,inline,8000a9b0
6294a8,cant,1
629530,inline,80a8b0b0
629568,inline,80aab0b0
629598,cant,1
629998,inline,80aeb0b0
629a88,inline,80aab0b0
629c04,cant,1
629cb4,inline,8005aab0
629d98,cant,1
62a4b4,inline,800aafb0
62a6fc,inline,80a8b0b0
62a85c,cant,1
62aa3c,inline,800eabb0
62aacc,inline,80a8b0b0
62ae30,extab,7586ac
62b000,inline,8006a9b0
62b098,inline,8008adb0
62b2b4,cant,1
62b2c0,inline,80acb0b0
62b3e4,cant,1
62b4f0,extab,7586b8
62b6ec,inline,8013d0aa
62b750,inline,80acb0b0
62b824,extab,7586c4
62b9fc,inline,80acb0b0
62babc,inline,80aab0b0
62baf4,inline,8013d0aa
62bb58,inline,8008a9b0
62bc24,cant,1
62bc64,inline,80aeb0b0
62be98,cant,1
62bf48,inline,80aab0b0
62bfe8,inline,8015aeb0
62c10c,inline,80aab0b0
62c27c,inline,801aafb0
62c4f4,inline,8005a8b0
62c570,cant,1
62c57c,inline,80a8b0b0
62c5b0,cant,1
62cf80,inline,80a8b0b0
62cfc8,inline,808400b0
62d020,cant,1
62d07c,inline,80a8b0b0
62d1a8,cant,1
62d4d4,inline,80a8b0b0
62d544,cant,1
62d5d8,inline,80acb0b0
62d634,cant,1
62d66c,inline,80acb0b0
62d6b8,cant,1
62d798,inline,80aab0b0
62d7f4,inline,80acb0b0
62d864,inline,80aab0b0
62d954,cant,1
62d994,inline,80aab0b0
62d9e8,cant,1
62da8c,inline,80aab0b0
62dac8,inline,80a8b0b0
62e1f0,inline,8003aab0
62e2cc,cant,1
62e2e8,inline,80acb0b0
62e358,inline,80aab0b0
62e3cc,inline,8000adb0
62e4f0,cant,1
62e534,inline,80aab0b0
62e5ac,extab,74ed94
62e6c0,cant,1
62e748,inline,80a8b0b0
62e7d8,cant,1
62e82c,inline,80a8b0b0
62e874,cant,1
62e920,inline,8010afb0
62ea64,cant,1
62ea8c,inline,8007aab0
62eb1c,cant,1
62ebf0,inline,80a8b0b0
62ec20,cant,1
62ec78,inline,800fa8b0
62ed5c,extab,7596fc
62eeac,cant,1
62eec0,inline,8012afb0
62f074,cant,1
62fb34,inline,80aab0b0
62fb74,cant,1
62fba0,inline,80acb0b0
62fc50,cant,1
62fc64,inline,80aab0b0
62fc90,cant,1
62fd28,inline,80a8b0b0
630028,cant,1
63003c,inline,80a8b0b0
630068,cant,1
630328,inline,80aab0b0
630490,cant,1
630670,inline,8005a8b0
6306f0,cant,1
630718,inline,8004a9b0
6307a4,cant,1
6307dc,inline,80aab0b0
630848,inline,8002a9b0
6308a8,cant,1
6308cc,inline,80a8b0b0
6308f8,inline,80aab0b0
630938,cant,1
63099c,inline,80a8b0b0
630a20,cant,1
630a84,inline,80aab0b0
630ac0,cant,1
630ae8,inline,80aab0b0
630b6c,extab,74ad8c
630c10,cant,1
630c24,extab,74ad70
630c94,cant,1
630cf4,inline,80a8b0b0
630d10,cant,1
630d20,inline,80a8b0b0
630d38,cant,1
630dc0,inline,80a8b0b0
630e20,cant,1
631240,inline,80a8b0b0
6312cc,inline,808400b0
631300,cant,1
631308,inline,80aab0b0
631348,cant,1
631560,inline,80028400
63158c,cant,1
63427c,inline,8002adb0
634494,cant,1
6363b0,inline,80a8b0b0
636464,cant,1
63c0d4,extab,75defc
63c6e0,cant,1
63c7ac,extab,75dd90
63cbe0,cant,1
63cc58,extab,75e11c
63cd44,cant,1
63cda0,extab,75e97c
63d174,cant,1
642284,inline,80aab0b0
6422c4,inline,80a8b0b0
6422f0,cant,1
64237c,inline,80a8b0b0
6423ac,inline,80aab0b0
64241c,inline,80a8b0b0
64244c,cant,1
6425c8,inline,80a8b0b0
642638,cant,1
642a64,inline,80a8b0b0
642aec,cant,1
642b0c,extab,75ee2c
642b90,cant,1
642bd0,inline,80a8b0b0
642c0c,extab,75edfc
642d78,cant,1
642d9c,inline,80a8b0b0
642dd0,cant,1
642e34,inline,80a8b0b0
642e6c,cant,1
642ec4,inline,8000a9b0
642f20,inline,80a8b0b0
642f30,cant,1
643054,extab,75f258
6430a0,cant,1
6430b0,inline,80acb0b0
6431d8,extab,75db40
6432e4,cant,1
64331c,extab,75e334
643420,cant,1
643458,inline,80d1aab0
643504,cant,1
643658,inline,80a8b0b0
64367c,extab,756ec4
6436ac,cant,1
6436c0,extab,756ed4
6436ec,cant,1
643700,inline,8000a9b0
643750,inline,8000abb0
6437b0,inline,8000a9b0
6437f4,inline,80aab0b0
643840,inline,80a8b0b0
64386c,extab,74efa0
643894,cant,1
64389c,extab,74efb0
6438c0,cant,1
6438c8,extab,75805c
6438f0,cant,1
6438f8,extab,75806c
64391c,cant,1
643924,inline,80a8b0b0
643944,cant,1
643bac,inline,80a8b0b0
643c58,cant,1
643c94,inline,80a8b0b0
643cd8,cant,1
643cfc,inline,80a8b0b0
643d20,extab,75dd30
643d50,cant,1
643d6c,extab,75dd20
643dc0,cant,1
643dd4,extab,75dd10
643e30,cant,1
643e44,extab,754d5c
643eb0,cant,1
643ec4,extab,754d6c
643f28,cant,1
643f3c,extab,755000
643f6c,cant,1
643f80,extab,755010
643fac,cant,1
643fc0,extab,7543f0
643ff0,cant,1
644004,extab,754400
644030,cant,1
644044,inline,80a8b0b0
644090,extab,75c054
6440c4,cant,1
6440d8,extab,75c064
644108,cant,1
64411c,inline,80a8b0b0
6441ec,cant,1
644480,inline,80a8b0b0
6444c8,cant,1
6444fc,inline,80a8b0b0
64454c,cant,1
64467c,inline,8000a9b0
6446d4,inline,80a8b0b0
644704,cant,1
64472c,inline,8004a9b0
6447c8,inline,8003d0ac
644b10,inline,8004a9b0
644bb0,inline,8000abb0
644d34,inline,8004adb0
644d9c,inline,8008d2ab
644fd0,inline,8004adb0
645038,inline,8004d0ad
645138,inline,80a8b0b0
6451a0,cant,1
6451a4,inline,8008a9b0
64527c,inline,8004adb0
6452e4,inline,8000d0ab
645338,inline,80028400
645364,inline,8004d0ad
6453dc,inline,80028400
645400,inline,8004d0ab
645464,inline,80a8b0b0
645474,inline,80028400
6454bc,inline,8004d0ab
645520,cant,1
645528,inline,80aab0b0
6455a8,extab,75a7e4
6456ac,cant,1
6456dc,extab,75a77c
645d18,cant,1
645d34,inline,80acb0b0
645e04,extab,75a7b4
645ee0,cant,1
645f08,inline,80a8b0b0
645fa8,cant,1
645fac,inline,80aab0b0
646038,inline,80a8b0b0
64612c,cant,1
646294,inline,80aab0b0
6462d0,inline,80a8b0b0
6462f4,cant,1
6463a0,inline,80a8b0b0
6463bc,extab,7603bc
646408,cant,1
64dbc4,inline,8002a9b0
64dc20,cant,1
64dc60,inline,8001d2ac
64de84,cant,1
64e924,extab,74b180
64e9ec,cant,1
64ea88,inline,80028400
64eabc,cant,1
64eaf4,inline,80a8b0b0
64eb34,cant,1
64f16c,inline,80a8b0b0
64f190,cant,1
64f260,extab,75b460
64f2a8,cant,1
64f3f4,extab,75ca28
64f4d8,cant,1
64f50c,extab,75c7b4
64f5bc,cant,1
650080,extab,75c850
650154,cant,1
650188,extab,760414
65025c,cant,1
6506bc,inline,80a8b0b0
650764,cant,1
650898,extab,757254
650d18,cant,1
651098,inline,80a8b0b0
6510d8,cant,1
651210,inline,80a8b0b0
651258,cant,1
651cd8,extab,74a450
652094,cant,1
65228c,inline,80a8b0b0
652594,cant,1
652868,inline,80d0a8b0
65305c,inline,80a8b0b0
653094,cant,1
653990,extab,758244
653e40,cant,1
653ecc,inline,80a8b0b0
653ee4,cant,1
6543c4,inline,80a8b0b0
65445c,cant,1
6545d0,inline,80a8b0b0
6545f8,extab,74c808
654c94,cant,1
654d2c,inline,80a8b0b0
654d58,cant,1
654d74,extab,759b9c
654dfc,cant,1
654e60,inline,80a8b0b0
654e78,cant,1
655210,inline,80a8b0b0
655260,cant,1
655d74,inline,80a8b0b0
655d9c,cant,1
656478,inline,80a8b0b0
656578,cant,1
657180,inline,80a8b0b0
6571a8,cant,1
657428,inline,80a8b0b0
657440,cant,1
659280,inline,80a8b0b0
6592cc,cant,1
659f68,inline,80a8b0b0
659f94,cant,1
65a340,inline,80a8b0b0
65a36c,cant,1
65a660,inline,80a8b0b0
65a68c,cant,1
65b4b8,extab,75c944
65b4f8,cant,1
65b50c,inline,8006a9b0
65b5bc,cant,1
678930,inline,80a8b0b0
6789d0,inline,80aab0b0
678a20,inline,8002a9b0
678b28,extab,750038
678c20,cant,1
678c34,extab,750028
678e04,cant,1
678e18,extab,74fff0
678f54,cant,1
678f68,inline,80acb0b0
679274,extab,750010
679534,cant,1
679548,extab,750000
6796d4,cant,1
6796e8,inline,80aab0b0
67982c,inline,80a8b0b0
6799bc,inline,80aab0b0
679a14,inline,80a8b0b0
679afc,inline,80aab0b0
679c00,extab,74ff90
679cf8,cant,1
679d24,extab,74ffd0
679d70,cant,1
679d9c,extab,74ffb0
679de8,cant,1
679e14,inline,80a8b0b0
679e2c,inline,80aab0b0
679e7c,inline,8002a9b0
679f84,extab,7501a8
67a07c,cant,1
67a090,extab,750198
67a260,cant,1
67a274,extab,750160
67a3b0,cant,1
67a3c4,inline,80acb0b0
67a6d0,extab,750180
67a990,cant,1
67a9a4,extab,750170
67ab30,cant,1
67ab44,inline,80aab0b0
67ac88,inline,80a8b0b0
67ae18,inline,80aab0b0
67ae70,inline,80a8b0b0
67af58,inline,80aab0b0
67b05c,extab,750100
67b154,cant,1
67b180,extab,750140
67b1cc,cant,1
67b1f8,extab,750120
67b244,cant,1
67b270,inline,80a8b0b0
67b288,inline,80aab0b0
67b388,inline,8002a9b0
67b490,cant,1
67b4a4,extab,74fec8
67b59c,cant,1
67b5b0,extab,74feb8
67b780,cant,1
67b794,extab,74fe80
67b8d0,cant,1
67b8e4,inline,80aab0b0
67b9cc,inline,80acb0b0
67bc38,inline,80aab0b0
67bc94,inline,80acb0b0
67be28,extab,74fea0
67c0e8,cant,1
67c0fc,inline,80aab0b0
67c15c,extab,74fe90
67c2e8,cant,1
67c2fc,inline,80aab0b0
67c440,inline,80a8b0b0
67c5d0,inline,80aab0b0
67c628,inline,80a8b0b0
67c710,inline,80aab0b0
67c814,extab,74fe20
67c90c,cant,1
67c938,extab,74fe60
67c984,cant,1
67c9b0,extab,74fe40
67c9fc,cant,1
67ca28,inline,80a8b0b0
67ca40,inline,80aab0b0
67ca90,inline,8002a9b0
67cb98,extab,74ff80
67cc90,cant,1
67cca4,extab,74ff70
67ce74,cant,1
67ce88,extab,74ff38
67cfc4,cant,1
67cfd8,inline,80aab0b0
67d024,inline,80acb0b0
67d290,inline,80aab0b0
67d2ec,inline,80acb0b0
67d480,extab,74ff58
67d740,cant,1
67d754,extab,74ff48
67d8e0,cant,1
67d8f4,inline,80aab0b0
67da38,inline,80a8b0b0
67dbc8,inline,80aab0b0
67dc20,inline,80a8b0b0
67dd08,inline,80aab0b0
67de0c,extab,74fed8
67df04,cant,1
67df30,extab,74ff18
67df7c,cant,1
67dfa8,extab,74fef8
67dff4,cant,1
67e020,inline,80a8b0b0
67e038,inline,80aab0b0
67e088,inline,8002a9b0
67e190,extab,7500f0
67e288,cant,1
67e29c,extab,7500e0
67e46c,cant,1
67e480,extab,7500a8
67e5bc,cant,1
67e5d0,inline,80acb0b0
67e8dc,extab,7500c8
67eb9c,cant,1
67ebb0,extab,7500b8
67ed3c,cant,1
67ed50,inline,80aab0b0
67ee94,inline,80a8b0b0
67f024,inline,80aab0b0
67f07c,inline,80a8b0b0
67f164,inline,80aab0b0
67f268,extab,750048
67f360,cant,1
67f38c,extab,750088
67f3d8,cant,1
67f404,extab,750068
67f450,cant,1
67f47c,inline,80a8b0b0
67f494,inline,80aab0b0
67f4e4,inline,8002a9b0
67f5ec,extab,750318
67f6e4,cant,1
67f6f8,extab,750308
67f8c8,cant,1
67f8dc,extab,7502d0
67fa18,cant,1
67fa2c,inline,80acb0b0
67fd38,extab,7502f0
67fff8,cant,1
68000c,extab,7502e0
680198,cant,1
6801ac,inline,80aab0b0
6802f0,inline,80a8b0b0
680480,inline,80aab0b0
6804d8,inline,80a8b0b0
6805c0,inline,80aab0b0
6806c4,extab,750270
6807bc,cant,1
6807e8,extab,7502b0
680834,cant,1
680860,extab,750290
6808ac,cant,1
6808d8,inline,80a8b0b0
6808f0,inline,80aab0b0
680980,inline,8002a9b0
680a88,extab,750260
680b80,cant,1
680b94,extab,750250
680d64,cant,1
680d78,extab,750218
680eb4,cant,1
680ec8,inline,80acb0b0
6811d4,extab,750238
681494,cant,1
6814a8,extab,750228
681634,cant,1
681648,inline,80aab0b0
68178c,inline,80a8b0b0
68191c,inline,80aab0b0
681974,inline,80a8b0b0
681a5c,inline,80aab0b0
681b60,extab,7501b8
681c58,cant,1
681c84,extab,7501f8
681cd0,cant,1
681cfc,extab,7501d8
681d48,cant,1
681e88,inline,80a8b0b0
681f18,cant,1
681f48,inline,80aab0b0
681fac,inline,8000abb0
682104,inline,80aab0b0
682140,inline,80a8b0b0
6821c4,inline,8000a9b0
6821fc,cant,1
6823b8,inline,80a8b0b0
68245c,cant,1
68248c,inline,80aab0b0
6824f0,inline,8000abb0
682658,inline,80aab0b0
682694,inline,80a8b0b0
682718,inline,8004a9b0
682788,cant,1
682830,inline,8007aab0
682960,inline,8006abb0
682bac,cant,1
682bbc,inline,80a8b0b0
682c78,cant,1
682c88,inline,8007aab0
682db8,inline,8006abb0
683004,cant,1
683014,inline,80a8b0b0
6830d0,cant,1
6830e0,inline,8001aab0
68335c,cant,1
68336c,inline,80a8b0b0
6833e4,inline,8001aab0
683660,cant,1
683670,inline,80a8b0b0
6836e8,inline,8005aab0
6837ec,inline,8006a9b0
6839c8,cant,1
6839d8,inline,80a8b0b0
683a68,cant,1
683a6c,inline,8005aab0
683b70,inline,8006a9b0
683d4c,cant,1
683d5c,inline,80a8b0b0
683dec,cant,1
683df0,inline,80a8b0b0
683eb8,extab,74bee4
683f08,cant,1
683f1c,inline,80a8b0b0
683f84,extab,74bed4
684000,cant,1
684014,inline,80a8b0b0
684460,cant,1
6845bc,inline,80aab0b0
6848a8,cant,1
686c10,inline,80a8b0b0
686c74,extab,75dcd0
687078,cant,1
6870bc,extab,75dcc0
68710c,cant,1
687138,extab,75dc90
687188,cant,1
6871b4,inline,80a8b0b0
687218,extab,75dcb0
687574,cant,1
687588,extab,75dca0
6875d8,cant,1
687604,extab,75dc80
687654,cant,1
688c50,inline,80a8b0b0
688cc4,cant,1
688e7c,inline,80aab0b0
688fa4,inline,80a8b0b0
6892d0,inline,80aab0b0
6893d4,inline,80a8b0b0
689448,inline,80aab0b0
68954c,inline,80a8b0b0
68971c,cant,1
6899b0,inline,80acb0b0
689a18,cant,1
689b68,inline,80acb0b0
689bd0,cant,1
689be4,extab,74f3f4
689c10,cant,1
689c44,extab,75cd84
689c70,cant,1
689cb4,extab,74a144
689ce0,cant,1
689de0,extab,7603a4
689e0c,cant,1
689e40,extab,76038c
689e6c,cant,1
68a218,inline,80a8b0b0
68a308,inline,80aab0b0
68a380,cant,1
68a390,inline,80a8b0b0
68a4d0,cant,1
68a958,inline,80a8b0b0
68aa20,extab,75e314
68aa7c,cant,1
68aab0,extab,75e374
68ab10,cant,1
68ab44,extab,75e2f4
68aba0,cant,1
68abd4,extab,75e7fc
68ac0c,cant,1
68ac20,extab,75e7ec
68ac54,cant,1
68ac68,extab,75db90
68acac,cant,1
68acd4,extab,75db18
68ad14,cant,1
68ad3c,inline,80a8b0b0
68adf4,cant,1
68ae04,inline,80aab0b0
68aec0,cant,1
68aef0,inline,80acb0b0
68afac,inline,80aab0b0
68b06c,cant,1
68b09c,inline,80acb0b0
68b158,inline,80aab0b0
68b218,cant,1
68b248,inline,80aab0b0
68b308,cant,1
68b338,inline,80aab0b0
68b3f8,cant,1
68c98c,inline,80aab0b0
68df6c,extab,75ccc0
68e1a8,extab,758818
68e398,inline,80a8b0b0
68e3dc,extab,75dd80
68e404,extab,75db30
68e42c,cant,1
68eb40,inline,800aafb0
68ef30,cant,1
68f260,extab,75ccb4
